from_stop_id,to_stop_id,time_type,aggregated_mean,aggregated_sample_size,route_id,direction_id,route_mean,route_sample_size
9022005000042002,9022005000046004,am_rush,112.8,5154,9011005020100000,0,114.55,1410
9022005000042002,9022005000046004,am_rush,112.8,5154,9011005020200000,0,110.51,1171
9022005000042002,9022005000046004,am_rush,112.8,5154,9011005020400000,0,110.74,1170
9022005000042002,9022005000046004,am_rush,112.8,5154,9011005020500000,0,114.67,1403
9022005000043002,9022005001227002,am_rush,101.5,2813,9011005020100000,0,101.79,1407
9022005000043002,9022005001227002,am_rush,101.5,2813,9011005021400000,0,101.52,702
9022005000043002,9022005001227002,am_rush,101.5,2813,9011005021500000,0,100.89,704
9022005000045002,9022005001231002,am_rush,57.22,3204,9011005020100000,0,57.45,1407
9022005000045002,9022005001231002,am_rush,57.22,3204,9011005021400000,0,58.94,702
9022005000045002,9022005001231002,am_rush,57.22,3204,9011005021500000,0,53.57,704
9022005000045002,9022005001231002,am_rush,57.22,3204,9011005022200000,1,59.87,391
9022005000046004,9022005000050003,am_rush,418.85,197,9011005020100000,0,418.85,197
9022005000046004,9022005001243002,am_rush,86.09,4438,9011005020100000,0,85.28,1213
9022005000046004,9022005001243002,am_rush,86.09,4438,9011005020200000,0,85.43,1009
9022005000046004,9022005001243002,am_rush,86.09,4438,9011005020400000,0,86.17,1008
9022005000046004,9022005001243002,am_rush,86.09,4438,9011005020500000,0,87.4,1208
9022005000050003,9022005001223002,am_rush,159.55,1410,9011005020100000,0,159.55,1410
9022005000417003,9022005001219002,am_rush,70.56,1409,9011005020100000,0,70.56,1409
9022005001219002,9022005001234002,am_rush,94.48,1410,9011005020100000,0,94.48,1410
9022005001221002,9022005000042002,am_rush,108.65,6168,9011005020100000,0,107.48,1409
9022005001221002,9022005000042002,am_rush,108.65,6168,9011005020500000,0,107.64,1403
9022005001221002,9022005000042002,am_rush,108.65,6168,9011005021000000,1,113.61,1016
9022005001221002,9022005000042002,am_rush,108.65,6168,9011005021300000,0,107.5,934
9022005001221002,9022005000042002,am_rush,108.65,6168,9011005021400000,0,109.13,702
9022005001221002,9022005000042002,am_rush,108.65,6168,9011005021500000,0,106.86,704
9022005001223002,9022005000417003,am_rush,82.06,1410,9011005020100000,0,82.06,1410
9022005001227002,9022005001221002,am_rush,101.95,2813,9011005020100000,0,102.71,1407
9022005001227002,9022005001221002,am_rush,101.95,2813,9011005021400000,0,102.26,702
9022005001227002,9022005001221002,am_rush,101.95,2813,9011005021500000,0,100.13,704
9022005001229002,9022005001230002,am_rush,49.05,2031,9011005020100000,0,57.41,1406
9022005001229002,9022005001230002,am_rush,49.05,2031,9011005021700000,1,30.25,625
9022005001230002,9022005001233002,am_rush,86.55,1406,9011005020100000,0,86.55,1406
9022005001231002,9022005000043002,am_rush,116.12,2813,9011005020100000,0,121.37,1407
9022005001231002,9022005000043002,am_rush,116.12,2813,9011005021400000,0,115.28,702
9022005001231002,9022005000043002,am_rush,116.12,2813,9011005021500000,0,106.46,704
9022005001232002,9022005000045002,am_rush,56.99,2502,9011005020100000,0,58.16,1407
9022005001232002,9022005000045002,am_rush,56.99,2502,9011005021500000,0,55.91,704
9022005001232002,9022005000045002,am_rush,56.99,2502,9011005022200000,1,54.7,391
9022005001233002,9022005001232002,am_rush,47.23,2502,9011005020100000,0,49.78,1407
9022005001233002,9022005001232002,am_rush,47.23,2502,9011005021500000,0,44.16,704
9022005001233002,9022005001232002,am_rush,47.23,2502,9011005022200000,1,43.57,391
9022005001234002,9022005001235002,am_rush,40.13,1410,9011005020100000,0,40.13,1410
9022005001235002,9022005001236003,am_rush,108.61,1410,9011005020100000,0,108.61,1410
9022005001236003,9022005001411002,am_rush,54.05,2813,9011005020100000,0,55.56,1410
9022005001236003,9022005001411002,am_rush,54.05,2813,9011005020500000,0,52.53,1403
9022005001243002,9022005000050003,am_rush,266.1,1213,9011005020100000,0,266.1,1213
9022005001411002,9022005000048001,am_rush,207.77,2813,9011005020100000,0,219.54,1410
9022005001411002,9022005000048001,am_rush,207.77,2813,9011005020500000,0,195.95,1403
9022005000042002,9022005000046004,day,130.68,9655,9011005020100000,0,133.08,2896
9022005000042002,9022005000046004,day,130.68,9655,9011005020200000,0,125.44,1933
9022005000042002,9022005000046004,day,130.68,9655,9011005020400000,0,126.91,1932
9022005000042002,9022005000046004,day,130.68,9655,9011005020500000,0,134.29,2894
9022005000043002,9022005001227002,day,98.03,4903,9011005020100000,0,99.31,2891
9022005000043002,9022005001227002,day,98.03,4903,9011005021400000,0,98.1,1046
9022005000043002,9022005001227002,day,98.03,4903,9011005021500000,0,94.14,966
9022005000045002,9022005001231002,day,50.21,4902,9011005020100000,0,50.82,2891
9022005000045002,9022005001231002,day,50.21,4902,9011005021400000,0,50.0,1046
9022005000045002,9022005001231002,day,50.21,4902,9011005021500000,0,48.62,965
9022005000046004,9022005000050003,day,390.5,396,9011005020100000,0,390.5,396
9022005000046004,9022005001243002,day,92.75,8340,9011005020100000,0,92.46,2501
9022005000046004,9022005001243002,day,92.75,8340,9011005020200000,0,90.21,1669
9022005000046004,9022005001243002,day,92.75,8340,9011005020400000,0,93.82,1671
9022005000046004,9022005001243002,day,92.75,8340,9011005020500000,0,94.02,2499
9022005000050003,9022005001223002,day,165.33,2898,9011005020100000,0,165.33,2898
9022005000417003,9022005001219002,day,77.12,2901,9011005020100000,0,77.12,2901
9022005001219002,9022005001234002,day,98.36,2901,9011005020100000,0,98.36,2901
9022005001221002,9022005000042002,day,102.56,10370,9011005020100000,0,104.21,2893
9022005001221002,9022005000042002,day,102.56,10370,9011005020500000,0,104.45,2894
9022005001221002,9022005000042002,day,102.56,10370,9011005021000000,1,97.79,1046
9022005001221002,9022005000042002,day,102.56,10370,9011005021300000,0,102.46,1524
9022005001221002,9022005000042002,day,102.56,10370,9011005021400000,0,102.0,1047
9022005001221002,9022005000042002,day,102.56,10370,9011005021500000,0,97.85,966
9022005001223002,9022005000417003,day,84.61,2901,9011005020100000,0,84.61,2901
9022005001227002,9022005001221002,day,102.41,4905,9011005020100000,0,103.19,2892
9022005001227002,9022005001221002,day,102.41,4905,9011005021400000,0,102.01,1047
9022005001227002,9022005001221002,day,102.41,4905,9011005021500000,0,100.49,966
9022005001229002,9022005001230002,day,43.3,3938,9011005020100000,0,46.26,2891
9022005001229002,9022005001230002,day,43.3,3938,9011005021700000,1,35.11,1047
9022005001230002,9022005001233002,day,75.89,2891,9011005020100000,0,75.89,2891
9022005001231002,9022005000043002,day,107.51,4903,9011005020100000,0,108.88,2891
9022005001231002,9022005000043002,day,107.51,4903,9011005021400000,0,106.99,1046
9022005001231002,9022005000043002,day,107.51,4903,9011005021500000,0,103.96,966
9022005001232002,9022005000045002,day,52.21,3856,9011005020100000,0,53.58,2891
9022005001232002,9022005000045002,day,52.21,3856,9011005021500000,0,48.12,965
9022005001233002,9022005001232002,day,43.82,3856,9011005020100000,0,45.28,2891
9022005001233002,9022005001232002,day,43.82,3856,9011005021500000,0,39.44,965
9022005001234002,9022005001235002,day,43.5,2901,9011005020100000,0,43.5,2901
9022005001235002,9022005001236003,day,110.61,2901,9011005020100000,0,110.61,2901
9022005001236003,9022005001411002,day,59.7,6289,9011005020100000,0,67.29,2901
9022005001236003,9022005001411002,day,59.7,6289,9011005020500000,0,53.22,2905
9022005001236003,9022005001411002,day,59.7,6289,9011005022600000,0,53.05,483
9022005001243002,9022005000050003,day,270.34,2501,9011005020100000,0,270.34,2501
9022005001411002,9022005000048001,day,190.98,6289,9011005020100000,0,199.53,2900
9022005001411002,9022005000048001,day,190.98,6289,9011005020500000,0,179.43,2905
9022005001411002,9022005000048001,day,190.98,6289,9011005022600000,0,209.09,484
9022005000042002,9022005000046004,night,109.73,8866,9011005020100000,0,114.61,2336
9022005000042002,9022005000046004,night,109.73,8866,9011005020200000,0,102.8,2018
9022005000042002,9022005000046004,night,109.73,8866,9011005020400000,0,103.31,2096
9022005000042002,9022005000046004,night,109.73,8866,9011005020500000,0,116.38,2416
9022005000043002,9022005001227002,night,88.05,5393,9011005020100000,0,89.12,2335
9022005000043002,9022005001227002,night,88.05,5393,9011005021400000,0,90.09,1528
9022005000043002,9022005001227002,night,88.05,5393,9011005021500000,0,84.38,1530
9022005000045002,9022005001231002,night,48.44,5394,9011005020100000,0,48.05,2335
9022005000045002,9022005001231002,night,48.44,5394,9011005021400000,0,49.03,1529
9022005000045002,9022005001231002,night,48.44,5394,9011005021500000,0,48.44,1530
9022005000046004,9022005000050003,night,390.21,319,9011005020100000,0,390.21,319
9022005000046004,9022005001243002,night,79.85,7655,9011005020100000,0,80.2,2017
9022005000046004,9022005001243002,night,79.85,7655,9011005020200000,0,78.4,1743
9022005000046004,9022005001243002,night,79.85,7655,9011005020400000,0,78.11,1810
9022005000046004,9022005001243002,night,79.85,7655,9011005020500000,0,82.23,2085
9022005000050003,9022005001223002,night,149.9,2335,9011005020100000,0,149.9,2335
9022005000417003,9022005001219002,night,67.37,2336,9011005020100000,0,67.37,2336
9022005001219002,9022005001234002,night,91.91,2336,9011005020100000,0,91.91,2336
9022005001221002,9022005000042002,night,87.02,10796,9011005020100000,0,89.43,2336
9022005001221002,9022005000042002,night,87.02,10796,9011005020500000,0,89.44,2416
9022005001221002,9022005000042002,night,87.02,10796,9011005021000000,1,84.21,1211
9022005001221002,9022005000042002,night,87.02,10796,9011005021300000,0,86.2,1775
9022005001221002,9022005000042002,night,87.02,10796,9011005021400000,0,86.27,1528
9022005001221002,9022005000042002,night,87.02,10796,9011005021500000,0,83.45,1530
9022005001223002,9022005000417003,night,73.53,2336,9011005020100000,0,73.53,2336
9022005001227002,9022005001221002,night,98.39,5393,9011005020100000,0,100.05,2335
9022005001227002,9022005001221002,night,98.39,5393,9011005021400000,0,98.04,1528
9022005001227002,9022005001221002,night,98.39,5393,9011005021500000,0,96.21,1530
9022005001229002,9022005001230002,night,37.52,3709,9011005020100000,0,40.84,2335
9022005001229002,9022005001230002,night,37.52,3709,9011005021700000,1,31.88,1374
9022005001230002,9022005001233002,night,73.73,2335,9011005020100000,0,73.73,2335
9022005001231002,9022005000043002,night,94.83,5393,9011005020100000,0,99.69,2335
9022005001231002,9022005000043002,night,94.83,5393,9011005021400000,0,91.46,1528
9022005001231002,9022005000043002,night,94.83,5393,9011005021500000,0,90.77,1530
9022005001232002,9022005000045002,night,48.87,3865,9011005020100000,0,49.29,2335
9022005001232002,9022005000045002,night,48.87,3865,9011005021500000,0,48.22,1530
9022005001233002,9022005001232002,night,39.94,3865,9011005020100000,0,41.26,2335
9022005001233002,9022005001232002,night,39.94,3865,9011005021500000,0,37.92,1530
9022005001234002,9022005001235002,night,41.27,2336,9011005020100000,0,41.27,2336
9022005001235002,9022005001236003,night,108.41,2336,9011005020100000,0,108.41,2336
9022005001236003,9022005001411002,night,60.55,4833,9011005020100000,0,64.71,2336
9022005001236003,9022005001411002,night,60.55,4833,9011005020500000,0,56.42,2416
9022005001236003,9022005001411002,night,60.55,4833,9011005022600000,0,63.74,81
9022005001243002,9022005000050003,night,282.67,2016,9011005020100000,0,282.67,2016
9022005001411002,9022005000048001,night,184.87,4833,9011005020100000,0,196.12,2336
9022005001411002,9022005000048001,night,184.87,4833,9011005020500000,0,174.16,2416
9022005001411002,9022005000048001,night,184.87,4833,9011005022600000,0,180.12,81
9022005000042002,9022005000046004,pm_rush,140.31,3561,9011005020100000,0,144.71,971
9022005000042002,9022005000046004,pm_rush,140.31,3561,9011005020200000,0,134.07,810
9022005000042002,9022005000046004,pm_rush,140.31,3561,9011005020400000,0,133.81,810
9022005000042002,9022005000046004,pm_rush,140.31,3561,9011005020500000,0,146.56,970
9022005000043002,9022005001227002,pm_rush,97.37,1941,9011005020100000,0,96.01,970
9022005000043002,9022005001227002,pm_rush,97.37,1941,9011005021400000,0,99.16,485
9022005000043002,9022005001227002,pm_rush,97.37,1941,9011005021500000,0,98.31,486
9022005000045002,9022005001231002,pm_rush,53.27,1941,9011005020100000,0,54.02,970
9022005000045002,9022005001231002,pm_rush,53.27,1941,9011005021400000,0,53.94,485
9022005000045002,9022005001231002,pm_rush,53.27,1941,9011005021500000,0,51.1,486
9022005000046004,9022005000050003,pm_rush,355.85,132,9011005020100000,0,355.85,132
9022005000046004,9022005001243002,pm_rush,96.84,3077,9011005020100000,0,96.33,839
9022005000046004,9022005001243002,pm_rush,96.84,3077,9011005020200000,0,95.74,700
9022005000046004,9022005001243002,pm_rush,96.84,3077,9011005020400000,0,96.27,700
9022005000046004,9022005001243002,pm_rush,96.84,3077,9011005020500000,0,98.75,838
9022005000050003,9022005001223002,pm_rush,180.7,971,9011005020100000,0,180.7,971
9022005000417003,9022005001219002,pm_rush,82.56,972,9011005020100000,0,82.56,972
9022005001219002,9022005001234002,pm_rush,107.52,972,9011005020100000,0,107.52,972
9022005001221002,9022005000042002,pm_rush,122.71,4207,9011005020100000,0,123.1,971
9022005001221002,9022005000042002,pm_rush,122.71,4207,9011005020500000,0,129.27,970
9022005001221002,9022005000042002,pm_rush,122.71,4207,9011005021000000,1,123.1,648
9022005001221002,9022005000042002,pm_rush,122.71,4207,9011005021300000,0,116.99,647
9022005001221002,9022005000042002,pm_rush,122.71,4207,9011005021400000,0,121.13,485
9022005001221002,9022005000042002,pm_rush,122.71,4207,9011005021500000,0,117.52,486
9022005001223002,9022005000417003,pm_rush,95.42,971,9011005020100000,0,95.42,971
9022005001227002,9022005001221002,pm_rush,114.86,1941,9011005020100000,0,113.79,970
9022005001227002,9022005001221002,pm_rush,114.86,1941,9011005021400000,0,116.95,485
9022005001227002,9022005001221002,pm_rush,114.86,1941,9011005021500000,0,114.91,486
9022005001229002,9022005001230002,pm_rush,44.61,1374,9011005020100000,0,45.59,970
9022005001229002,9022005001230002,pm_rush,44.61,1374,9011005021700000,1,42.26,404
9022005001230002,9022005001233002,pm_rush,78.69,970,9011005020100000,0,78.69,970
9022005001231002,9022005000043002,pm_rush,114.79,1941,9011005020100000,0,116.47,970
9022005001231002,9022005000043002,pm_rush,114.79,1941,9011005021400000,0,113.12,485
9022005001231002,9022005000043002,pm_rush,114.79,1941,9011005021500000,0,113.09,486
9022005001232002,9022005000045002,pm_rush,56.32,1456,9011005020100000,0,57.94,970
9022005001232002,9022005000045002,pm_rush,56.32,1456,9011005021500000,0,53.08,486
9022005001233002,9022005001232002,pm_rush,47.67,1456,9011005020100000,0,49.96,970
9022005001233002,9022005001232002,pm_rush,47.67,1456,9011005021500000,0,43.09,486
9022005001234002,9022005001235002,pm_rush,49.75,972,9011005020100000,0,49.75,972
9022005001235002,9022005001236003,pm_rush,114.3,972,9011005020100000,0,114.3,972
9022005001236003,9022005001411002,pm_rush,71.71,2105,9011005020100000,0,81.96,972
9022005001236003,9022005001411002,pm_rush,71.71,2105,9011005020500000,0,62.75,971
9022005001236003,9022005001411002,pm_rush,71.71,2105,9011005022600000,0,63.89,162
9022005001243002,9022005000050003,pm_rush,248.52,839,9011005020100000,0,248.52,839
9022005001411002,9022005000048001,pm_rush,188.16,2105,9011005020100000,0,200.86,972
9022005001411002,9022005000048001,pm_rush,188.16,2105,9011005020500000,0,176.86,971
9022005001411002,9022005000048001,pm_rush,188.16,2105,9011005022600000,0,179.73,162
9022005000042002,9022005000046004,weekend,111.38,6783,9011005020100000,0,114.5,1855
9022005000042002,9022005000046004,weekend,111.38,6783,9011005020200000,0,104.58,1568
9022005000042002,9022005000046004,weekend,111.38,6783,9011005020400000,0,106.06,1570
9022005000042002,9022005000046004,weekend,111.38,6783,9011005020500000,0,118.77,1790
9022005000043002,9022005001227002,weekend,91.95,4006,9011005020100000,0,92.16,1855
9022005000043002,9022005001227002,weekend,91.95,4006,9011005021400000,0,93.33,1072
9022005000043002,9022005001227002,weekend,91.95,4006,9011005021500000,0,90.2,1079
9022005000045002,9022005001231002,weekend,48.66,4006,9011005020100000,0,48.8,1855
9022005000045002,9022005001231002,weekend,48.66,4006,9011005021400000,0,48.91,1072
9022005000045002,9022005001231002,weekend,48.66,4006,9011005021500000,0,48.18,1079
9022005000046004,9022005000050003,weekend,423.09,234,9011005020100000,0,423.09,234
9022005000046004,9022005001243002,weekend,83.17,5928,9011005020100000,0,84.47,1621
9022005000046004,9022005001243002,weekend,83.17,5928,9011005020200000,0,80.87,1371
9022005000046004,9022005001243002,weekend,83.17,5928,9011005020400000,0,82.01,1372
9022005000046004,9022005001243002,weekend,83.17,5928,9011005020500000,0,84.87,1564
9022005000050003,9022005001223002,weekend,147.52,1855,9011005020100000,0,147.52,1855
9022005000417003,9022005001219002,weekend,67.39,1856,9011005020100000,0,67.39,1856
9022005001219002,9022005001234002,weekend,94.49,1856,9011005020100000,0,94.49,1856
9022005001221002,9022005000042002,weekend,83.23,8213,9011005020100000,0,83.75,1855
9022005001221002,9022005000042002,weekend,83.23,8213,9011005020500000,0,86.56,1790
9022005001221002,9022005000042002,weekend,83.23,8213,9011005021000000,1,79.67,1034
9022005001221002,9022005000042002,weekend,83.23,8213,9011005021300000,0,82.49,1382
9022005001221002,9022005000042002,weekend,83.23,8213,9011005021400000,0,83.98,1073
9022005001221002,9022005000042002,weekend,83.23,8213,9011005021500000,0,80.46,1079
9022005001223002,9022005000417003,weekend,72.02,1855,9011005020100000,0,72.02,1855
9022005001227002,9022005001221002,weekend,99.12,4006,9011005020100000,0,99.0,1855
9022005001227002,9022005001221002,weekend,99.12,4006,9011005021400000,0,100.48,1072
9022005001227002,9022005001221002,weekend,99.12,4006,9011005021500000,0,97.98,1079
9022005001229002,9022005001230002,weekend,40.12,2944,9011005020100000,0,44.73,1854
9022005001229002,9022005001230002,weekend,40.12,2944,9011005021700000,1,32.28,1090
9022005001230002,9022005001233002,weekend,75.87,1855,9011005020100000,0,75.87,1855
9022005001231002,9022005000043002,weekend,97.45,4006,9011005020100000,0,99.17,1855
9022005001231002,9022005000043002,weekend,97.45,4006,9011005021400000,0,97.62,1072
9022005001231002,9022005000043002,weekend,97.45,4006,9011005021500000,0,94.34,1079
9022005001232002,9022005000045002,weekend,50.14,2934,9011005020100000,0,50.64,1855
9022005001232002,9022005000045002,weekend,50.14,2934,9011005021500000,0,49.28,1079
9022005001233002,9022005001232002,weekend,41.86,2934,9011005020100000,0,42.82,1855
9022005001233002,9022005001232002,weekend,41.86,2934,9011005021500000,0,40.21,1079
9022005001234002,9022005001235002,weekend,42.0,1856,9011005020100000,0,42.0,1856
9022005001235002,9022005001236003,weekend,107.72,1856,9011005020100000,0,107.72,1856
9022005001236003,9022005001411002,weekend,58.36,3840,9011005020100000,0,62.21,1856
9022005001236003,9022005001411002,weekend,58.36,3840,9011005020500000,0,54.88,1792
9022005001236003,9022005001411002,weekend,58.36,3840,9011005022600000,0,53.53,192
9022005001243002,9022005000050003,weekend,319.63,1621,9011005020100000,0,319.63,1621
9022005001411002,9022005000048001,weekend,192.65,3840,9011005020100000,0,201.23,1856
9022005001411002,9022005000048001,weekend,192.65,3840,9011005020500000,0,181.63,1792
9022005001411002,9022005000048001,weekend,192.65,3840,9011005022600000,0,212.53,192
9022005000042001,9022005001222001,am_rush,68.75,5858,9011005020100000,1,68.63,1565
9022005000042001,9022005001222001,am_rush,68.75,5858,9011005020500000,1,69.41,1404
9022005000042001,9022005001222001,am_rush,68.75,5858,9011005021000000,0,67.44,702
9022005000042001,9022005001222001,am_rush,68.75,5858,9011005021300000,1,69.62,858
9022005000042001,9022005001222001,am_rush,68.75,5858,9011005021400000,1,68.25,624
9022005000042001,9022005001222001,am_rush,68.75,5858,9011005021500000,1,68.39,705
9022005000043001,9022005001231001,am_rush,83.68,2896,9011005020100000,1,83.38,1566
9022005000043001,9022005001231001,am_rush,83.68,2896,9011005021400000,1,86.86,625
9022005000043001,9022005001231001,am_rush,83.68,2896,9011005021500000,1,81.51,705
9022005000045001,9022005001232001,am_rush,38.24,2272,9011005020100000,1,38.9,1566
9022005000045001,9022005001232001,am_rush,38.24,2272,9011005021500000,1,36.78,706
9022005000046003,9022005000042001,am_rush,141.08,9998,9011005020100000,1,139.12,1565
9022005000046003,9022005000042001,am_rush,141.08,9998,9011005020200000,1,140.86,1172
9022005000046003,9022005000042001,am_rush,141.08,9998,9011005020400000,1,152.3,1094
9022005000046003,9022005000042001,am_rush,141.08,9998,9011005020500000,1,142.38,1404
9022005000046003,9022005000042001,am_rush,141.08,9998,9011005021000000,0,141.03,702
9022005000046003,9022005000042001,am_rush,141.08,9998,9011005021300000,1,138.61,858
9022005000046003,9022005000042001,am_rush,141.08,9998,9011005021400000,1,137.11,624
9022005000046003,9022005000042001,am_rush,141.08,9998,9011005021500000,1,130.54,705
9022005000046003,9022005000042001,am_rush,141.08,9998,9011005021600000,0,136.08,703
9022005000046003,9022005000042001,am_rush,141.08,9998,9011005021700000,1,142.26,624
9022005000046003,9022005000042001,am_rush,141.08,9998,9011005021800000,1,148.45,547
9022005000050002,9022005000046003,am_rush,305.62,218,9011005020100000,1,305.62,218
9022005000050002,9022005001243001,am_rush,155.75,1347,9011005020100000,1,155.75,1347
9022005000417001,9022005001223001,am_rush,78.93,2423,9011005020100000,1,80.1,1642
9022005000417001,9022005001223001,am_rush,78.93,2423,9011005021200000,0,76.47,781
9022005001219001,9022005000417001,am_rush,106.71,1642,9011005020100000,1,106.71,1642
9022005001222001,9022005001227001,am_rush,74.5,2895,9011005020100000,1,73.91,1566
9022005001222001,9022005001227001,am_rush,74.5,2895,9011005021400000,1,77.97,624
9022005001222001,9022005001227001,am_rush,74.5,2895,9011005021500000,1,72.75,705
9022005001223001,9022005000050002,am_rush,294.68,1643,9011005020100000,1,294.68,1643
9022005001227001,9022005000043001,am_rush,100.24,2895,9011005020100000,1,96.81,1566
9022005001227001,9022005000043001,am_rush,100.24,2895,9011005021400000,1,104.65,624
9022005001227001,9022005000043001,am_rush,100.24,2895,9011005021500000,1,103.94,705
9022005001229001,9022005000044001,am_rush,92.8,1566,9011005020100000,1,92.8,1566
9022005001230001,9022005001229001,am_rush,35.37,2190,9011005020100000,1,34.09,1566
9022005001230001,9022005001229001,am_rush,35.37,2190,9011005021700000,0,38.57,624
9022005001231001,9022005000045001,am_rush,53.36,2272,9011005020100000,1,54.24,1566
9022005001231001,9022005000045001,am_rush,53.36,2272,9011005021500000,1,51.41,706
9022005001232001,9022005001233001,am_rush,23.55,2272,9011005020100000,1,24.23,1566
9022005001232001,9022005001233001,am_rush,23.55,2272,9011005021500000,1,22.04,706
9022005001233001,9022005001230001,am_rush,80.28,1566,9011005020100000,1,80.28,1566
9022005001234001,9022005001219001,am_rush,102.8,1642,9011005020100000,1,102.8,1642
9022005001235001,9022005001234001,am_rush,67.06,1642,9011005020100000,1,67.06,1642
9022005001236001,9022005001235001,am_rush,116.73,1641,9011005020100000,1,116.73,1641
9022005001243001,9022005000046003,am_rush,96.91,9341,9011005020100000,1,95.94,1347
9022005001243001,9022005000046003,am_rush,96.91,9341,9011005020200000,1,95.43,1008
9022005001243001,9022005000046003,am_rush,96.91,9341,9011005020400000,1,105.5,942
9022005001243001,9022005000046003,am_rush,96.91,9341,9011005020500000,1,98.28,1208
9022005001243001,9022005000046003,am_rush,96.91,9341,9011005021000000,0,95.58,604
9022005001243001,9022005000046003,am_rush,96.91,9341,9011005021100000,1,98.73,737
9022005001243001,9022005000046003,am_rush,96.91,9341,9011005021300000,1,93.63,739
9022005001243001,9022005000046003,am_rush,96.91,9341,9011005021400000,1,91.35,538
9022005001243001,9022005000046003,am_rush,96.91,9341,9011005021500000,1,86.68,606
9022005001243001,9022005000046003,am_rush,96.91,9341,9011005021600000,0,98.87,604
9022005001243001,9022005000046003,am_rush,96.91,9341,9011005021700000,1,99.82,537
9022005001243001,9022005000046003,am_rush,96.91,9341,9011005021800000,1,99.94,471
9022005001411001,9022005001236001,am_rush,84.61,1720,9011005020100000,1,84.91,1641
9022005001411001,9022005001236001,am_rush,84.61,1720,9011005022600000,1,78.33,79
9022005000042001,9022005001222001,day,71.63,10559,9011005020100000,1,72.05,2899
9022005000042001,9022005001222001,day,71.63,10559,9011005020500000,1,72.03,2903
9022005000042001,9022005001222001,day,71.63,10559,9011005021000000,0,69.32,1130
9022005000042001,9022005001222001,day,71.63,10559,9011005021300000,1,71.1,1532
9022005000042001,9022005001222001,day,71.63,10559,9011005021400000,1,72.95,1048
9022005000042001,9022005001222001,day,71.63,10559,9011005021500000,1,71.34,1047
9022005000043001,9022005001231001,day,83.84,4996,9011005020100000,1,83.97,2899
9022005000043001,9022005001231001,day,83.84,4996,9011005021400000,1,85.12,1050
9022005000043001,9022005001231001,day,83.84,4996,9011005021500000,1,82.21,1047
9022005000045001,9022005001232001,day,36.36,3946,9011005020100000,1,37.35,2899
9022005000045001,9022005001232001,day,36.36,3946,9011005021500000,1,33.63,1047
9022005000046003,9022005000042001,day,142.32,17632,9011005020100000,1,142.5,2898
9022005000046003,9022005000042001,day,142.32,17632,9011005020200000,1,138.98,1930
9022005000046003,9022005000042001,day,142.32,17632,9011005020400000,1,150.47,2009
9022005000046003,9022005000042001,day,142.32,17632,9011005020500000,1,142.88,2901
9022005000046003,9022005000042001,day,142.32,17632,9011005021000000,0,142.49,1129
9022005000046003,9022005000042001,day,142.32,17632,9011005021300000,1,139.7,1532
9022005000046003,9022005000042001,day,142.32,17632,9011005021400000,1,144.18,1048
9022005000046003,9022005000042001,day,142.32,17632,9011005021500000,1,138.43,1047
9022005000046003,9022005000042001,day,142.32,17632,9011005021600000,0,139.02,968
9022005000046003,9022005000042001,day,142.32,17632,9011005021700000,1,141.44,1044
9022005000046003,9022005000042001,day,142.32,17632,9011005021800000,1,140.53,1126
9022005000050002,9022005000046003,day,318.66,396,9011005020100000,1,318.66,396
9022005000050002,9022005001243001,day,157.51,2500,9011005020100000,1,157.51,2500
9022005000417001,9022005001223001,day,73.3,4261,9011005020100000,1,73.89,2894
9022005000417001,9022005001223001,day,73.3,4261,9011005021200000,0,72.05,1367
9022005001219001,9022005000417001,day,103.79,2894,9011005020100000,1,103.79,2894
9022005001222001,9022005001227001,day,79.61,4997,9011005020100000,1,79.64,2900
9022005001222001,9022005001227001,day,79.61,4997,9011005021400000,1,81.35,1050
9022005001222001,9022005001227001,day,79.61,4997,9011005021500000,1,77.77,1047
9022005001223001,9022005000050002,day,320.72,2896,9011005020100000,1,320.72,2896
9022005001227001,9022005000043001,day,104.77,4996,9011005020100000,1,106.19,2899
9022005001227001,9022005000043001,day,104.77,4996,9011005021400000,1,104.43,1050
9022005001227001,9022005000043001,day,104.77,4996,9011005021500000,1,101.2,1047
9022005001229001,9022005000044001,day,85.94,2899,9011005020100000,1,85.94,2899
9022005001230001,9022005001229001,day,39.53,3944,9011005020100000,1,41.76,2899
9022005001230001,9022005001229001,day,39.53,3944,9011005021700000,0,33.35,1045
9022005001231001,9022005000045001,day,55.71,3946,9011005020100000,1,56.28,2899
9022005001231001,9022005000045001,day,55.71,3946,9011005021500000,1,54.15,1047
9022005001232001,9022005001233001,day,27.58,3946,9011005020100000,1,28.84,2899
9022005001232001,9022005001233001,day,27.58,3946,9011005021500000,1,24.08,1047
9022005001233001,9022005001230001,day,89.16,2899,9011005020100000,1,89.16,2899
9022005001234001,9022005001219001,day,94.67,2893,9011005020100000,1,94.67,2893
9022005001235001,9022005001234001,day,64.17,2893,9011005020100000,1,64.17,2893
9022005001236001,9022005001235001,day,110.18,2893,9011005020100000,1,110.18,2893
9022005001243001,9022005000046003,day,121.79,16472,9011005020100000,1,114.17,2500
9022005001243001,9022005000046003,day,121.79,16472,9011005020200000,1,120.82,1668
9022005001243001,9022005000046003,day,121.79,16472,9011005020400000,1,126.92,1736
9022005001243001,9022005000046003,day,121.79,16472,9011005020500000,1,122.06,2502
9022005001243001,9022005000046003,day,121.79,16472,9011005021000000,0,115.22,975
9022005001243001,9022005000046003,day,121.79,16472,9011005021100000,1,125.57,1250
9022005001243001,9022005000046003,day,121.79,16472,9011005021300000,1,120.0,1323
9022005001243001,9022005000046003,day,121.79,16472,9011005021400000,1,125.13,905
9022005001243001,9022005000046003,day,121.79,16472,9011005021500000,1,123.5,904
9022005001243001,9022005000046003,day,121.79,16472,9011005021600000,0,122.01,835
9022005001243001,9022005000046003,day,121.79,16472,9011005021700000,1,131.92,902
9022005001243001,9022005000046003,day,121.79,16472,9011005021800000,1,123.14,972
9022005001411001,9022005001236001,day,73.25,3376,9011005020100000,1,74.26,2894
9022005001411001,9022005001236001,day,73.25,3376,9011005022600000,1,67.22,482
9022005000042001,9022005001222001,night,71.26,10457,9011005020100000,1,71.54,2417
9022005000042001,9022005001222001,night,71.26,10457,9011005020500000,1,72.55,2241
9022005000042001,9022005001222001,night,71.26,10457,9011005021000000,0,69.02,1209
9022005000042001,9022005001222001,night,71.26,10457,9011005021300000,1,69.59,1776
9022005000042001,9022005001222001,night,71.26,10457,9011005021400000,1,71.53,1443
9022005000042001,9022005001222001,night,71.26,10457,9011005021500000,1,72.53,1371
9022005000043001,9022005001231001,night,83.62,5311,9011005020100000,1,83.34,2417
9022005000043001,9022005001231001,night,83.62,5311,9011005021400000,1,84.06,1443
9022005000043001,9022005001231001,night,83.62,5311,9011005021500000,1,83.7,1371
9022005000043001,9022005001231001,night,83.62,5311,9011005022200000,0,82.96,80
9022005000045001,9022005001232001,night,34.88,3869,9011005020100000,1,36.06,2417
9022005000045001,9022005001232001,night,34.88,3869,9011005021500000,1,33.01,1372
9022005000045001,9022005001232001,night,34.88,3869,9011005022200000,0,31.41,80
9022005000046003,9022005000042001,night,119.07,18598,9011005020100000,1,117.7,2417
9022005000046003,9022005000042001,night,119.07,18598,9011005020200000,1,122.57,1931
9022005000046003,9022005000042001,night,119.07,18598,9011005020400000,1,121.14,1939
9022005000046003,9022005000042001,night,119.07,18598,9011005020500000,1,118.49,2241
9022005000046003,9022005000042001,night,119.07,18598,9011005021000000,0,121.02,1209
9022005000046003,9022005000042001,night,119.07,18598,9011005021300000,1,116.25,1776
9022005000046003,9022005000042001,night,119.07,18598,9011005021400000,1,118.11,1443
9022005000046003,9022005000042001,night,119.07,18598,9011005021500000,1,115.98,1371
9022005000046003,9022005000042001,night,119.07,18598,9011005021600000,0,116.81,1531
9022005000046003,9022005000042001,night,119.07,18598,9011005021700000,1,120.66,1373
9022005000046003,9022005000042001,night,119.07,18598,9011005021800000,1,121.54,1367
9022005000050002,9022005000046003,night,276.13,330,9011005020100000,1,276.13,330
9022005000050002,9022005001243001,night,143.43,2084,9011005020100000,1,143.43,2084
9022005000417001,9022005001223001,night,64.29,3141,9011005020100000,1,63.18,2414
9022005000417001,9022005001223001,night,64.29,3141,9011005021200000,0,67.99,727
9022005001219001,9022005000417001,night,88.81,2414,9011005020100000,1,88.81,2414
9022005001222001,9022005001227001,night,79.82,5231,9011005020100000,1,79.28,2417
9022005001222001,9022005001227001,night,79.82,5231,9011005021400000,1,80.33,1443
9022005001222001,9022005001227001,night,79.82,5231,9011005021500000,1,80.24,1371
9022005001223001,9022005000050002,night,272.87,2414,9011005020100000,1,272.87,2414
9022005001227001,9022005000043001,night,111.35,5231,9011005020100000,1,107.95,2417
9022005001227001,9022005000043001,night,111.35,5231,9011005021400000,1,114.46,1443
9022005001227001,9022005000043001,night,111.35,5231,9011005021500000,1,114.07,1371
9022005001229001,9022005000044001,night,82.42,2417,9011005020100000,1,82.42,2417
9022005001230001,9022005001229001,night,36.23,3862,9011005020100000,1,39.47,2417
9022005001230001,9022005001229001,night,36.23,3862,9011005021700000,0,30.8,1445
9022005001231001,9022005000045001,night,55.56,3869,9011005020100000,1,55.61,2417
9022005001231001,9022005000045001,night,55.56,3869,9011005021500000,1,55.22,1372
9022005001231001,9022005000045001,night,55.56,3869,9011005022200000,0,59.81,80
9022005001232001,9022005001233001,night,27.22,3869,9011005020100000,1,27.85,2417
9022005001232001,9022005001233001,night,27.22,3869,9011005021500000,1,26.29,1372
9022005001232001,9022005001233001,night,27.22,3869,9011005022200000,0,24.06,80
9022005001233001,9022005001230001,night,89.87,2417,9011005020100000,1,89.87,2417
9022005001234001,9022005001219001,night,87.86,2414,9011005020100000,1,87.86,2414
9022005001235001,9022005001234001,night,59.23,2414,9011005020100000,1,59.23,2414
9022005001236001,9022005001235001,night,106.61,2414,9011005020100000,1,106.61,2414
9022005001243001,9022005000046003,night,103.19,17660,9011005020100000,1,102.71,2085
9022005001243001,9022005000046003,night,103.19,17660,9011005020200000,1,104.47,1669
9022005001243001,9022005000046003,night,103.19,17660,9011005020400000,1,102.33,1675
9022005001243001,9022005000046003,night,103.19,17660,9011005020500000,1,103.55,1934
9022005001243001,9022005000046003,night,103.19,17660,9011005021000000,0,104.09,1044
9022005001243001,9022005000046003,night,103.19,17660,9011005021100000,1,107.51,1602
9022005001243001,9022005000046003,night,103.19,17660,9011005021300000,1,98.62,1534
9022005001243001,9022005000046003,night,103.19,17660,9011005021400000,1,103.06,1246
9022005001243001,9022005000046003,night,103.19,17660,9011005021500000,1,108.04,1184
9022005001243001,9022005000046003,night,103.19,17660,9011005021600000,0,98.69,1321
9022005001243001,9022005000046003,night,103.19,17660,9011005021700000,1,107.92,1187
9022005001243001,9022005000046003,night,103.19,17660,9011005021800000,1,97.74,1179
9022005001411001,9022005001236001,night,68.25,2495,9011005020100000,1,68.33,2414
9022005001411001,9022005001236001,night,68.25,2495,9011005022600000,1,65.75,81
9022005000042001,9022005001222001,pm_rush,81.1,4208,9011005020100000,1,82.95,970
9022005000042001,9022005001222001,pm_rush,81.1,4208,9011005020500000,1,82.17,973
9022005000042001,9022005001222001,pm_rush,81.1,4208,9011005021000000,0,77.78,648
9022005000042001,9022005001222001,pm_rush,81.1,4208,9011005021300000,1,79.33,648
9022005000042001,9022005001222001,pm_rush,81.1,4208,9011005021400000,1,82.27,483
9022005000042001,9022005001222001,pm_rush,81.1,4208,9011005021500000,1,80.89,486
9022005000043001,9022005001231001,pm_rush,91.4,2182,9011005020100000,1,92.22,970
9022005000043001,9022005001231001,pm_rush,91.4,2182,9011005021400000,1,94.4,483
9022005000043001,9022005001231001,pm_rush,91.4,2182,9011005021500000,1,90.13,486
9022005000043001,9022005001231001,pm_rush,91.4,2182,9011005022200000,0,84.68,243
9022005000045001,9022005001232001,pm_rush,38.32,1700,9011005020100000,1,40.79,971
9022005000045001,9022005001232001,pm_rush,38.32,1700,9011005021500000,1,35.11,486
9022005000045001,9022005001232001,pm_rush,38.32,1700,9011005022200000,0,34.84,243
9022005000046003,9022005000042001,pm_rush,159.81,7199,9011005020100000,1,157.26,970
9022005000046003,9022005000042001,pm_rush,159.81,7199,9011005020200000,1,160.21,810
9022005000046003,9022005000042001,pm_rush,159.81,7199,9011005020400000,1,160.11,810
9022005000046003,9022005000042001,pm_rush,159.81,7199,9011005020500000,1,158.99,972
9022005000046003,9022005000042001,pm_rush,159.81,7199,9011005021000000,0,165.64,648
9022005000046003,9022005000042001,pm_rush,159.81,7199,9011005021300000,1,155.93,648
9022005000046003,9022005000042001,pm_rush,159.81,7199,9011005021400000,1,166.34,483
9022005000046003,9022005000042001,pm_rush,159.81,7199,9011005021500000,1,154.76,486
9022005000046003,9022005000042001,pm_rush,159.81,7199,9011005021600000,0,158.14,485
9022005000046003,9022005000042001,pm_rush,159.81,7199,9011005021700000,1,158.49,405
9022005000046003,9022005000042001,pm_rush,159.81,7199,9011005021800000,1,164.18,482
9022005000050002,9022005000046003,pm_rush,315.23,132,9011005020100000,1,315.23,132
9022005000050002,9022005001243001,pm_rush,180.9,838,9011005020100000,1,180.9,838
9022005000417001,9022005001223001,pm_rush,83.19,1457,9011005020100000,1,82.54,971
9022005000417001,9022005001223001,pm_rush,83.19,1457,9011005021200000,0,84.48,486
9022005001219001,9022005000417001,pm_rush,113.4,971,9011005020100000,1,113.4,971
9022005001222001,9022005001227001,pm_rush,86.23,1939,9011005020100000,1,86.51,970
9022005001222001,9022005001227001,pm_rush,86.23,1939,9011005021400000,1,87.74,483
9022005001222001,9022005001227001,pm_rush,86.23,1939,9011005021500000,1,84.17,486
9022005001223001,9022005000050002,pm_rush,331.66,970,9011005020100000,1,331.66,970
9022005001227001,9022005000043001,pm_rush,134.39,1939,9011005020100000,1,134.2,970
9022005001227001,9022005000043001,pm_rush,134.39,1939,9011005021400000,1,128.2,483
9022005001227001,9022005000043001,pm_rush,134.39,1939,9011005021500000,1,140.92,486
9022005001229001,9022005000044001,pm_rush,78.66,971,9011005020100000,1,78.66,971
9022005001230001,9022005001229001,pm_rush,43.34,1457,9011005020100000,1,49.6,971
9022005001230001,9022005001229001,pm_rush,43.34,1457,9011005021700000,0,30.83,486
9022005001231001,9022005000045001,pm_rush,63.42,1699,9011005020100000,1,65.18,970
9022005001231001,9022005000045001,pm_rush,63.42,1699,9011005021500000,1,61.34,486
9022005001231001,9022005000045001,pm_rush,63.42,1699,9011005022200000,0,60.55,243
9022005001232001,9022005001233001,pm_rush,34.31,1700,9011005020100000,1,37.47,971
9022005001232001,9022005001233001,pm_rush,34.31,1700,9011005021500000,1,30.17,486
9022005001232001,9022005001233001,pm_rush,34.31,1700,9011005022200000,0,29.98,243
9022005001233001,9022005001230001,pm_rush,101.03,971,9011005020100000,1,101.03,971
9022005001234001,9022005001219001,pm_rush,97.17,971,9011005020100000,1,97.17,971
9022005001235001,9022005001234001,pm_rush,64.16,971,9011005020100000,1,64.16,971
9022005001236001,9022005001235001,pm_rush,111.96,971,9011005020100000,1,111.96,971
9022005001243001,9022005000046003,pm_rush,132.77,6777,9011005020100000,1,130.86,838
9022005001243001,9022005000046003,pm_rush,132.77,6777,9011005020200000,1,127.46,700
9022005001243001,9022005000046003,pm_rush,132.77,6777,9011005020400000,1,134.77,700
9022005001243001,9022005000046003,pm_rush,132.77,6777,9011005020500000,1,136.32,837
9022005001243001,9022005000046003,pm_rush,132.77,6777,9011005021000000,0,131.7,560
9022005001243001,9022005000046003,pm_rush,132.77,6777,9011005021100000,1,138.82,560
9022005001243001,9022005000046003,pm_rush,132.77,6777,9011005021300000,1,129.29,560
9022005001243001,9022005000046003,pm_rush,132.77,6777,9011005021400000,1,131.78,417
9022005001243001,9022005000046003,pm_rush,132.77,6777,9011005021500000,1,138.19,420
9022005001243001,9022005000046003,pm_rush,132.77,6777,9011005021600000,0,132.71,419
9022005001243001,9022005000046003,pm_rush,132.77,6777,9011005021700000,1,133.34,350
9022005001243001,9022005000046003,pm_rush,132.77,6777,9011005021800000,1,128.12,416
9022005001411001,9022005001236001,pm_rush,72.13,1133,9011005020100000,1,72.89,971
9022005001411001,9022005001236001,pm_rush,72.13,1133,9011005022600000,1,67.59,162
9022005000042001,9022005001222001,weekend,70.58,8249,9011005020100000,1,71.29,1840
9022005000042001,9022005001222001,weekend,70.58,8249,9011005020500000,1,72.38,1864
9022005000042001,9022005001222001,weekend,70.58,8249,9011005021000000,0,67.62,1001
9022005000042001,9022005001222001,weekend,70.58,8249,9011005021300000,1,68.28,1367
9022005000042001,9022005001222001,weekend,70.58,8249,9011005021400000,1,72.53,1097
9022005000042001,9022005001222001,weekend,70.58,8249,9011005021500000,1,69.95,1080
9022005000043001,9022005001231001,weekend,83.31,4017,9011005020100000,1,84.1,1840
9022005000043001,9022005001231001,weekend,83.31,4017,9011005021400000,1,83.42,1097
9022005000043001,9022005001231001,weekend,83.31,4017,9011005021500000,1,81.85,1080
9022005000045001,9022005001232001,weekend,34.87,2920,9011005020100000,1,36.25,1840
9022005000045001,9022005001232001,weekend,34.87,2920,9011005021500000,1,32.51,1080
9022005000046003,9022005000042001,weekend,114.95,14640,9011005020100000,1,116.73,1840
9022005000046003,9022005000042001,weekend,114.95,14640,9011005020200000,1,115.59,1519
9022005000046003,9022005000042001,weekend,114.95,14640,9011005020400000,1,116.9,1551
9022005000046003,9022005000042001,weekend,114.95,14640,9011005020500000,1,116.15,1864
9022005000046003,9022005000042001,weekend,114.95,14640,9011005021000000,0,114.81,1001
9022005000046003,9022005000042001,weekend,114.95,14640,9011005021300000,1,112.04,1367
9022005000046003,9022005000042001,weekend,114.95,14640,9011005021400000,1,114.08,1097
9022005000046003,9022005000042001,weekend,114.95,14640,9011005021500000,1,113.01,1080
9022005000046003,9022005000042001,weekend,114.95,14640,9011005021600000,0,113.08,1126
9022005000046003,9022005000042001,weekend,114.95,14640,9011005021700000,1,115.36,1091
9022005000046003,9022005000042001,weekend,114.95,14640,9011005021800000,1,114.38,1104
9022005000050002,9022005000046003,weekend,275.95,232,9011005020100000,1,275.95,232
9022005000050002,9022005001243001,weekend,144.26,1608,9011005020100000,1,144.26,1608
9022005000417001,9022005001223001,weekend,64.15,2320,9011005020100000,1,64.38,1840
9022005000417001,9022005001223001,weekend,64.15,2320,9011005021200000,0,63.29,480
9022005001219001,9022005000417001,weekend,85.54,1840,9011005020100000,1,85.54,1840
9022005001222001,9022005001227001,weekend,79.01,4017,9011005020100000,1,79.78,1840
9022005001222001,9022005001227001,weekend,79.01,4017,9011005021400000,1,79.29,1097
9022005001222001,9022005001227001,weekend,79.01,4017,9011005021500000,1,77.43,1080
9022005001223001,9022005000050002,weekend,281.46,1840,9011005020100000,1,281.46,1840
9022005001227001,9022005000043001,weekend,114.47,4017,9011005020100000,1,109.94,1840
9022005001227001,9022005000043001,weekend,114.47,4017,9011005021400000,1,122.03,1097
9022005001227001,9022005000043001,weekend,114.47,4017,9011005021500000,1,114.51,1080
9022005001229001,9022005000044001,weekend,78.88,1840,9011005020100000,1,78.88,1840
9022005001230001,9022005001229001,weekend,35.96,2943,9011005020100000,1,39.02,1840
9022005001230001,9022005001229001,weekend,35.96,2943,9011005021700000,0,30.86,1103
9022005001231001,9022005000045001,weekend,54.64,2920,9011005020100000,1,55.56,1840
9022005001231001,9022005000045001,weekend,54.64,2920,9011005021500000,1,53.06,1080
9022005001232001,9022005001233001,weekend,26.94,2920,9011005020100000,1,28.38,1840
9022005001232001,9022005001233001,weekend,26.94,2920,9011005021500000,1,24.5,1080
9022005001233001,9022005001230001,weekend,88.37,1840,9011005020100000,1,88.37,1840
9022005001234001,9022005001219001,weekend,88.89,1840,9011005020100000,1,88.89,1840
9022005001235001,9022005001234001,weekend,61.94,1840,9011005020100000,1,61.94,1840
9022005001236001,9022005001235001,weekend,107.75,1840,9011005020100000,1,107.75,1840
9022005001243001,9022005000046003,weekend,101.85,13867,9011005020100000,1,106.47,1608
9022005001243001,9022005000046003,weekend,101.85,13867,9011005020200000,1,96.96,1327
9022005001243001,9022005000046003,weekend,101.85,13867,9011005020400000,1,102.49,1355
9022005001243001,9022005000046003,weekend,101.85,13867,9011005020500000,1,107.1,1629
9022005001243001,9022005000046003,weekend,101.85,13867,9011005021000000,0,101.76,875
9022005001243001,9022005000046003,weekend,101.85,13867,9011005021100000,1,106.07,1076
9022005001243001,9022005000046003,weekend,101.85,13867,9011005021300000,1,97.8,1195
9022005001243001,9022005000046003,weekend,101.85,13867,9011005021400000,1,96.56,957
9022005001243001,9022005000046003,weekend,101.85,13867,9011005021500000,1,102.04,944
9022005001243001,9022005000046003,weekend,101.85,13867,9011005021600000,0,102.59,984
9022005001243001,9022005000046003,weekend,101.85,13867,9011005021700000,1,99.33,953
9022005001243001,9022005000046003,weekend,101.85,13867,9011005021800000,1,98.24,964
9022005001411001,9022005001236001,weekend,69.8,2064,9011005020100000,1,70.55,1840
9022005001411001,9022005001236001,weekend,69.8,2064,9011005022600000,1,63.67,224
9022005000046004,9022005000050006,am_rush,342.78,324,9011005020200000,0,352.99,162
9022005000046004,9022005000050006,am_rush,342.78,324,9011005020400000,0,332.57,162
9022005000198002,9022005000042002,am_rush,167.73,4292,9011005020200000,0,168.29,1171
9022005000198002,9022005000042002,am_rush,167.73,4292,9011005020400000,0,169.56,1170
9022005000198002,9022005000042002,am_rush,167.73,4292,9011005021600000,1,171.15,625
9022005000198002,9022005000042002,am_rush,167.73,4292,9011005021700000,0,165.38,624
9022005000198002,9022005000042002,am_rush,167.73,4292,9011005021800000,0,162.78,702
9022005000404002,9022005001249002,am_rush,160.85,2041,9011005020200000,0,151.1,1021
9022005000404002,9022005001249002,am_rush,160.85,2041,9011005020400000,0,170.61,1020
9022005001243002,9022005000050006,am_rush,184.48,2017,9011005020200000,0,178.75,1009
9022005001243002,9022005000050006,am_rush,184.48,2017,9011005020400000,0,190.22,1008
9022005001249002,9022005000198002,am_rush,83.17,4292,9011005020200000,0,83.18,1171
9022005001249002,9022005000198002,am_rush,83.17,4292,9011005020400000,0,85.71,1170
9022005001249002,9022005000198002,am_rush,83.17,4292,9011005021600000,1,80.88,625
9022005001249002,9022005000198002,am_rush,83.17,4292,9011005021700000,0,81.47,624
9022005001249002,9022005000198002,am_rush,83.17,4292,9011005021800000,0,82.49,702
9022005004076001,9022005004250001,am_rush,98.61,1171,9011005020200000,0,98.61,1171
9022005004084001,9022005004076001,am_rush,62.42,1171,9011005020200000,0,62.42,1171
9022005004230002,9022005001249002,am_rush,138.67,300,9011005020200000,0,130.36,150
9022005004230002,9022005001249002,am_rush,138.67,300,9011005020400000,0,146.98,150
9022005004236002,9022005000404002,am_rush,82.27,2041,9011005020200000,0,83.6,1021
9022005004236002,9022005000404002,am_rush,82.27,2041,9011005020400000,0,80.93,1020
9022005004236002,9022005004230002,am_rush,98.98,300,9011005020200000,0,99.85,150
9022005004236002,9022005004230002,am_rush,98.98,300,9011005020400000,0,98.1,150
9022005004250001,9022005004251001,am_rush,82.84,1171,9011005020200000,0,82.84,1171
9022005004251001,9022005004236002,am_rush,151.09,1171,9011005020200000,0,151.09,1171
9022005000046004,9022005000050006,day,364.63,525,9011005020200000,0,356.83,264
9022005000046004,9022005000050006,day,364.63,525,9011005020400000,0,372.51,261
9022005000198002,9022005000042002,day,166.11,6921,9011005020200000,0,162.91,1933
9022005000198002,9022005000042002,day,166.11,6921,9011005020400000,0,170.87,1932
9022005000198002,9022005000042002,day,166.11,6921,9011005021600000,1,169.37,1043
9022005000198002,9022005000042002,day,166.11,6921,9011005021700000,0,164.61,1046
9022005000198002,9022005000042002,day,166.11,6921,9011005021800000,0,161.09,967
9022005000404002,9022005001249002,day,158.72,3382,9011005020200000,0,157.32,1692
9022005000404002,9022005001249002,day,158.72,3382,9011005020400000,0,160.12,1690
9022005001243002,9022005000050006,day,232.69,3340,9011005020200000,0,230.16,1669
9022005001243002,9022005000050006,day,232.69,3340,9011005020400000,0,235.21,1671
9022005001249002,9022005000198002,day,92.44,6917,9011005020200000,0,94.84,1932
9022005001249002,9022005000198002,day,92.44,6917,9011005020400000,0,93.44,1930
9022005001249002,9022005000198002,day,92.44,6917,9011005021600000,1,87.49,1043
9022005001249002,9022005000198002,day,92.44,6917,9011005021700000,0,90.54,1046
9022005001249002,9022005000198002,day,92.44,6917,9011005021800000,0,93.04,966
9022005004076001,9022005004250001,day,84.09,1931,9011005020200000,0,84.09,1931
9022005004084001,9022005004076001,day,54.13,1930,9011005020200000,0,54.13,1930
9022005004230002,9022005001249002,day,145.57,480,9011005020200000,0,144.48,240
9022005004230002,9022005001249002,day,145.57,480,9011005020400000,0,146.66,240
9022005004236002,9022005000404002,day,87.73,3382,9011005020200000,0,86.65,1692
9022005004236002,9022005000404002,day,87.73,3382,9011005020400000,0,88.82,1690
9022005004236002,9022005004230002,day,98.06,480,9011005020200000,0,98.3,240
9022005004236002,9022005004230002,day,98.06,480,9011005020400000,0,97.82,240
9022005004250001,9022005004251001,day,90.41,1932,9011005020200000,0,90.41,1932
9022005004251001,9022005004236002,day,149.8,1932,9011005020200000,0,149.8,1932
9022005000046004,9022005000050006,night,277.29,561,9011005020200000,0,279.21,275
9022005000046004,9022005000050006,night,277.29,561,9011005020400000,0,275.44,286
9022005000198002,9022005000042002,night,141.84,8522,9011005020200000,0,144.13,2018
9022005000198002,9022005000042002,night,141.84,8522,9011005020400000,0,145.03,2096
9022005000198002,9022005000042002,night,141.84,8522,9011005021600000,1,139.74,1432
9022005000198002,9022005000042002,night,141.84,8522,9011005021700000,0,136.03,1447
9022005000198002,9022005000042002,night,141.84,8522,9011005021800000,0,141.9,1529
9022005000404002,9022005001249002,night,140.19,3604,9011005020200000,0,134.6,1768
9022005000404002,9022005001249002,night,140.19,3604,9011005020400000,0,145.58,1836
9022005001243002,9022005000050006,night,162.71,3553,9011005020200000,0,156.36,1743
9022005001243002,9022005000050006,night,162.71,3553,9011005020400000,0,168.83,1810
9022005001249002,9022005000198002,night,75.47,8522,9011005020200000,0,76.88,2018
9022005001249002,9022005000198002,night,75.47,8522,9011005020400000,0,75.68,2096
9022005001249002,9022005000198002,night,75.47,8522,9011005021600000,1,76.17,1432
9022005001249002,9022005000198002,night,75.47,8522,9011005021700000,0,75.06,1447
9022005001249002,9022005000198002,night,75.47,8522,9011005021800000,0,73.06,1529
9022005004076001,9022005004250001,night,79.2,2017,9011005020200000,0,79.2,2017
9022005004084001,9022005004076001,night,48.08,2017,9011005020200000,0,48.08,2017
9022005004230002,9022005001249002,night,123.15,510,9011005020200000,0,117.01,250
9022005004230002,9022005001249002,night,123.15,510,9011005020400000,0,129.05,260
9022005004236002,9022005000404002,night,68.71,3603,9011005020200000,0,69.46,1767
9022005004236002,9022005000404002,night,68.71,3603,9011005020400000,0,67.98,1836
9022005004236002,9022005004230002,night,91.73,510,9011005020200000,0,92.45,250
9022005004236002,9022005004230002,night,91.73,510,9011005020400000,0,91.04,260
9022005004250001,9022005004251001,night,92.42,2017,9011005020200000,0,92.42,2017
9022005004251001,9022005004236002,night,156.9,2017,9011005020200000,0,156.9,2017
9022005000046004,9022005000050006,pm_rush,317.68,220,9011005020200000,0,334.98,110
9022005000046004,9022005000050006,pm_rush,317.68,220,9011005020400000,0,300.38,110
9022005000198002,9022005000042002,pm_rush,191.8,3078,9011005020200000,0,190.66,810
9022005000198002,9022005000042002,pm_rush,191.8,3078,9011005020400000,0,194.46,810
9022005000198002,9022005000042002,pm_rush,191.8,3078,9011005021600000,1,189.76,486
9022005000198002,9022005000042002,pm_rush,191.8,3078,9011005021700000,0,191.63,486
9022005000198002,9022005000042002,pm_rush,191.8,3078,9011005021800000,0,191.5,486
9022005000404002,9022005001249002,pm_rush,171.04,1420,9011005020200000,0,168.26,710
9022005000404002,9022005001249002,pm_rush,171.04,1420,9011005020400000,0,173.83,710
9022005001243002,9022005000050006,pm_rush,206.4,1400,9011005020200000,0,217.96,700
9022005001243002,9022005000050006,pm_rush,206.4,1400,9011005020400000,0,194.84,700
9022005001249002,9022005000198002,pm_rush,97.96,3078,9011005020200000,0,100.57,810
9022005001249002,9022005000198002,pm_rush,97.96,3078,9011005020400000,0,98.03,810
9022005001249002,9022005000198002,pm_rush,97.96,3078,9011005021600000,1,95.86,486
9022005001249002,9022005000198002,pm_rush,97.96,3078,9011005021700000,0,93.71,486
9022005001249002,9022005000198002,pm_rush,97.96,3078,9011005021800000,0,99.86,486
9022005004076001,9022005004250001,pm_rush,85.05,810,9011005020200000,0,85.05,810
9022005004084001,9022005004076001,pm_rush,50.89,810,9011005020200000,0,50.89,810
9022005004230002,9022005001249002,pm_rush,148.8,200,9011005020200000,0,148.14,100
9022005004230002,9022005001249002,pm_rush,148.8,200,9011005020400000,0,149.46,100
9022005004236002,9022005000404002,pm_rush,92.97,1420,9011005020200000,0,92.24,710
9022005004236002,9022005000404002,pm_rush,92.97,1420,9011005020400000,0,93.7,710
9022005004236002,9022005004230002,pm_rush,99.24,200,9011005020200000,0,100.28,100
9022005004236002,9022005004230002,pm_rush,99.24,200,9011005020400000,0,98.21,100
9022005004250001,9022005004251001,pm_rush,95.49,810,9011005020200000,0,95.49,810
9022005004251001,9022005004236002,pm_rush,154.28,810,9011005020200000,0,154.28,810
9022005000046004,9022005000050006,weekend,286.99,396,9011005020200000,0,292.81,198
9022005000046004,9022005000050006,weekend,286.99,396,9011005020400000,0,281.18,198
9022005000198002,9022005000042002,weekend,141.09,6431,9011005020200000,0,142.32,1568
9022005000198002,9022005000042002,weekend,141.09,6431,9011005020400000,0,142.66,1570
9022005000198002,9022005000042002,weekend,141.09,6431,9011005021600000,1,140.85,1151
9022005000198002,9022005000042002,weekend,141.09,6431,9011005021700000,0,139.23,1104
9022005000198002,9022005000042002,weekend,141.09,6431,9011005021800000,0,139.13,1038
9022005000404002,9022005001249002,weekend,141.42,2846,9011005020200000,0,134.61,1423
9022005000404002,9022005001249002,weekend,141.42,2846,9011005020400000,0,148.22,1423
9022005001243002,9022005000050006,weekend,168.4,2743,9011005020200000,0,164.27,1371
9022005001243002,9022005000050006,weekend,168.4,2743,9011005020400000,0,172.52,1372
9022005001249002,9022005000198002,weekend,71.99,6429,9011005020200000,0,72.14,1568
9022005001249002,9022005000198002,weekend,71.99,6429,9011005020400000,0,73.41,1570
9022005001249002,9022005000198002,weekend,71.99,6429,9011005021600000,1,71.59,1151
9022005001249002,9022005000198002,weekend,71.99,6429,9011005021700000,0,72.22,1104
9022005001249002,9022005000198002,weekend,71.99,6429,9011005021800000,0,69.8,1036
9022005004076001,9022005004250001,weekend,83.26,1566,9011005020200000,0,83.26,1566
9022005004084001,9022005004076001,weekend,51.37,1566,9011005020200000,0,51.37,1566
9022005004230002,9022005001249002,weekend,132.0,292,9011005020200000,0,125.3,145
9022005004230002,9022005001249002,weekend,132.0,292,9011005020400000,0,138.61,147
9022005004236002,9022005000404002,weekend,69.03,2846,9011005020200000,0,69.78,1423
9022005004236002,9022005000404002,weekend,69.03,2846,9011005020400000,0,68.28,1423
9022005004236002,9022005004230002,weekend,87.07,291,9011005020200000,0,88.04,144
9022005004236002,9022005004230002,weekend,87.07,291,9011005020400000,0,86.11,147
9022005004250001,9022005004251001,weekend,91.64,1566,9011005020200000,0,91.64,1566
9022005004251001,9022005004236002,weekend,153.61,1567,9011005020200000,0,153.61,1567
9022005000042001,9022005000198001,am_rush,116.25,4140,9011005020200000,1,115.89,1172
9022005000042001,9022005000198001,am_rush,116.25,4140,9011005020400000,1,118.29,1094
9022005000042001,9022005000198001,am_rush,116.25,4140,9011005021600000,0,113.15,703
9022005000042001,9022005000198001,am_rush,116.25,4140,9011005021700000,1,116.83,624
9022005000042001,9022005000198001,am_rush,116.25,4140,9011005021800000,1,116.25,547
9022005000198001,9022005001249001,am_rush,91.45,4140,9011005020200000,1,90.23,1172
9022005000198001,9022005001249001,am_rush,91.45,4140,9011005020400000,1,92.17,1094
9022005000198001,9022005001249001,am_rush,91.45,4140,9011005021600000,0,91.64,703
9022005000198001,9022005001249001,am_rush,91.45,4140,9011005021700000,1,91.97,624
9022005000198001,9022005001249001,am_rush,91.45,4140,9011005021800000,1,91.82,547
9022005000404001,9022005004236001,am_rush,62.78,1978,9011005020200000,1,61.91,1023
9022005000404001,9022005004236001,am_rush,62.78,1978,9011005020400000,1,63.71,955
9022005001249001,9022005000404001,am_rush,165.45,1978,9011005020200000,1,163.06,1023
9022005001249001,9022005000404001,am_rush,165.45,1978,9011005020400000,1,168.0,955
9022005001249001,9022005004230001,am_rush,122.61,290,9011005020200000,1,120.58,150
9022005001249001,9022005004230001,am_rush,122.61,290,9011005020400000,1,124.79,140
9022005004076002,9022005004084002,am_rush,38.55,1173,9011005020200000,1,38.55,1173
9022005004084002,9022005000469003,am_rush,51.43,1173,9011005020200000,1,51.43,1173
9022005004230001,9022005004236001,am_rush,92.04,290,9011005020200000,1,93.49,150
9022005004230001,9022005004236001,am_rush,92.04,290,9011005020400000,1,90.48,140
9022005004236001,9022005004251002,am_rush,146.93,1173,9011005020200000,1,146.93,1173
9022005004250002,9022005004076002,am_rush,67.45,1173,9011005020200000,1,67.45,1173
9022005004251002,9022005004250002,am_rush,84.21,1173,9011005020200000,1,84.21,1173
9022005000042001,9022005000198001,day,112.72,7079,9011005020200000,1,112.64,1930
9022005000042001,9022005000198001,day,112.72,7079,9011005020400000,1,115.77,2010
9022005000042001,9022005000198001,day,112.72,7079,9011005021600000,0,107.49,968
9022005000042001,9022005000198001,day,112.72,7079,9011005021700000,1,113.39,1044
9022005000042001,9022005000198001,day,112.72,7079,9011005021800000,1,111.26,1127
9022005000198001,9022005001249001,day,93.66,7078,9011005020200000,1,92.74,1930
9022005000198001,9022005001249001,day,93.66,7078,9011005020400000,1,93.14,2009
9022005000198001,9022005001249001,day,93.66,7078,9011005021600000,0,91.28,968
9022005000198001,9022005001249001,day,93.66,7078,9011005021700000,1,98.02,1044
9022005000198001,9022005001249001,day,93.66,7078,9011005021800000,1,94.18,1127
9022005000404001,9022005004236001,day,61.58,3452,9011005020200000,1,61.42,1691
9022005000404001,9022005004236001,day,61.58,3452,9011005020400000,1,61.73,1761
9022005001249001,9022005000404001,day,158.27,3452,9011005020200000,1,155.4,1691
9022005001249001,9022005000404001,day,158.27,3452,9011005020400000,1,161.02,1761
9022005001249001,9022005004230001,day,120.8,490,9011005020200000,1,119.97,240
9022005001249001,9022005004230001,day,120.8,490,9011005020400000,1,121.59,250
9022005004076002,9022005004084002,day,44.69,1931,9011005020200000,1,44.69,1931
9022005004084002,9022005000469003,day,48.22,1931,9011005020200000,1,48.22,1931
9022005004230001,9022005004236001,day,88.57,490,9011005020200000,1,87.0,240
9022005004230001,9022005004236001,day,88.57,490,9011005020400000,1,90.08,250
9022005004236001,9022005004251002,day,153.34,1931,9011005020200000,1,153.34,1931
9022005004250002,9022005004076002,day,72.27,1931,9011005020200000,1,72.27,1931
9022005004251002,9022005004250002,day,90.66,1931,9011005020200000,1,90.66,1931
9022005000042001,9022005000198001,night,100.06,8142,9011005020200000,1,101.89,1931
9022005000042001,9022005000198001,night,100.06,8142,9011005020400000,1,102.14,1939
9022005000042001,9022005000198001,night,100.06,8142,9011005021600000,0,97.69,1531
9022005000042001,9022005000198001,night,100.06,8142,9011005021700000,1,97.78,1374
9022005000042001,9022005000198001,night,100.06,8142,9011005021800000,1,99.45,1367
9022005000198001,9022005001249001,night,82.86,8143,9011005020200000,1,85.2,1932
9022005000198001,9022005001249001,night,82.86,8143,9011005020400000,1,83.58,1939
9022005000198001,9022005001249001,night,82.86,8143,9011005021600000,0,79.13,1531
9022005000198001,9022005001249001,night,82.86,8143,9011005021700000,1,83.83,1374
9022005000198001,9022005001249001,night,82.86,8143,9011005021800000,1,81.71,1367
9022005000404001,9022005004236001,night,60.16,3391,9011005020200000,1,60.98,1692
9022005000404001,9022005004236001,night,60.16,3391,9011005020400000,1,59.35,1699
9022005001249001,9022005000404001,night,132.55,3391,9011005020200000,1,132.84,1692
9022005001249001,9022005000404001,night,132.55,3391,9011005020400000,1,132.26,1699
9022005001249001,9022005004230001,night,109.98,480,9011005020200000,1,110.93,240
9022005001249001,9022005004230001,night,109.98,480,9011005020400000,1,109.03,240
9022005004076002,9022005004084002,night,48.72,1932,9011005020200000,1,48.72,1932
9022005004084002,9022005000469003,night,50.55,1932,9011005020200000,1,50.55,1932
9022005004230001,9022005004236001,night,86.56,480,9011005020200000,1,87.93,240
9022005004230001,9022005004236001,night,86.56,480,9011005020400000,1,85.18,240
9022005004236001,9022005004251002,night,158.72,1932,9011005020200000,1,158.72,1932
9022005004250002,9022005004076002,night,77.5,1932,9011005020200000,1,77.5,1932
9022005004251002,9022005004250002,night,93.83,1932,9011005020200000,1,93.83,1932
9022005000042001,9022005000198001,pm_rush,120.21,2992,9011005020200000,1,119.99,810
9022005000042001,9022005000198001,pm_rush,120.21,2992,9011005020400000,1,123.24,810
9022005000042001,9022005000198001,pm_rush,120.21,2992,9011005021600000,0,117.4,485
9022005000042001,9022005000198001,pm_rush,120.21,2992,9011005021700000,1,120.34,405
9022005000042001,9022005000198001,pm_rush,120.21,2992,9011005021800000,1,118.2,482
9022005000198001,9022005001249001,pm_rush,93.33,2992,9011005020200000,1,92.64,810
9022005000198001,9022005001249001,pm_rush,93.33,2992,9011005020400000,1,93.27,810
9022005000198001,9022005001249001,pm_rush,93.33,2992,9011005021600000,0,90.78,485
9022005000198001,9022005001249001,pm_rush,93.33,2992,9011005021700000,1,98.52,405
9022005000198001,9022005001249001,pm_rush,93.33,2992,9011005021800000,1,92.82,482
9022005000404001,9022005004236001,pm_rush,63.71,1420,9011005020200000,1,64.22,710
9022005000404001,9022005004236001,pm_rush,63.71,1420,9011005020400000,1,63.19,710
9022005001249001,9022005000404001,pm_rush,208.64,1420,9011005020200000,1,204.85,710
9022005001249001,9022005000404001,pm_rush,208.64,1420,9011005020400000,1,212.44,710
9022005001249001,9022005004230001,pm_rush,124.81,200,9011005020200000,1,124.2,100
9022005001249001,9022005004230001,pm_rush,124.81,200,9011005020400000,1,125.42,100
9022005004076002,9022005004084002,pm_rush,52.78,810,9011005020200000,1,52.78,810
9022005004084002,9022005000469003,pm_rush,44.95,810,9011005020200000,1,44.95,810
9022005004230001,9022005004236001,pm_rush,89.46,200,9011005020200000,1,88.66,100
9022005004230001,9022005004236001,pm_rush,89.46,200,9011005020400000,1,90.27,100
9022005004236001,9022005004251002,pm_rush,158.29,810,9011005020200000,1,158.29,810
9022005004250002,9022005004076002,pm_rush,80.53,810,9011005020200000,1,80.53,810
9022005004251002,9022005004250002,pm_rush,99.93,810,9011005020200000,1,99.93,810
9022005000042001,9022005000198001,weekend,95.61,6391,9011005020200000,1,96.34,1519
9022005000042001,9022005000198001,weekend,95.61,6391,9011005020400000,1,96.94,1551
9022005000042001,9022005000198001,weekend,95.61,6391,9011005021600000,0,93.85,1126
9022005000042001,9022005000198001,weekend,95.61,6391,9011005021700000,1,93.85,1091
9022005000042001,9022005000198001,weekend,95.61,6391,9011005021800000,1,96.3,1104
9022005000198001,9022005001249001,weekend,90.54,6391,9011005020200000,1,96.23,1519
9022005000198001,9022005001249001,weekend,90.54,6391,9011005020400000,1,93.63,1551
9022005000198001,9022005001249001,weekend,90.54,6391,9011005021600000,0,79.79,1126
9022005000198001,9022005001249001,weekend,90.54,6391,9011005021700000,1,90.08,1091
9022005000198001,9022005001249001,weekend,90.54,6391,9011005021800000,1,89.81,1104
9022005000404001,9022005004236001,weekend,60.72,2781,9011005020200000,1,61.48,1375
9022005000404001,9022005004236001,weekend,60.72,2781,9011005020400000,1,59.98,1406
9022005001249001,9022005000404001,weekend,130.63,2780,9011005020200000,1,130.23,1375
9022005001249001,9022005000404001,weekend,130.63,2780,9011005020400000,1,131.03,1405
9022005001249001,9022005004230001,weekend,112.73,289,9011005020200000,1,110.77,143
9022005001249001,9022005004230001,weekend,112.73,289,9011005020400000,1,114.65,146
9022005004076002,9022005004084002,weekend,46.13,1518,9011005020200000,1,46.13,1518
9022005004084002,9022005000469003,weekend,48.13,1518,9011005020200000,1,48.13,1518
9022005004230001,9022005004236001,weekend,85.13,289,9011005020200000,1,85.44,143
9022005004230001,9022005004236001,weekend,85.13,289,9011005020400000,1,84.82,146
9022005004236001,9022005004251002,weekend,157.99,1518,9011005020200000,1,157.99,1518
9022005004250002,9022005004076002,weekend,73.65,1518,9011005020200000,1,73.65,1518
9022005004251002,9022005004250002,weekend,91.63,1518,9011005020200000,1,91.63,1518
9022005000214001,9022005001315001,am_rush,119.9,1561,9011005020300000,0,119.9,1561
9022005000215001,9022005001254001,am_rush,70.51,3513,9011005020300000,0,70.63,1561
9022005000215001,9022005001254001,am_rush,70.51,3513,9011005020600000,0,69.56,1171
9022005000215001,9022005001254001,am_rush,70.51,3513,9011005021200000,0,71.69,781
9022005001243002,9022005000050005,am_rush,132.19,1346,9011005020300000,0,132.19,1346
9022005001253001,9022005001259002,am_rush,100.7,2733,9011005020300000,0,100.37,1562
9022005001253001,9022005001259002,am_rush,100.7,2733,9011005020600000,0,101.15,1171
9022005001254001,9022005001253001,am_rush,72.17,3513,9011005020300000,0,70.6,1561
9022005001254001,9022005001253001,am_rush,72.17,3513,9011005020600000,0,71.39,1171
9022005001254001,9022005001253001,am_rush,72.17,3513,9011005021200000,0,76.47,781
9022005001259002,9022005001268002,am_rush,119.38,2733,9011005020300000,0,119.02,1562
9022005001259002,9022005001268002,am_rush,119.38,2733,9011005020600000,0,119.86,1171
9022005001268002,9022005000050005,am_rush,325.11,216,9011005020300000,0,325.11,216
9022005001268002,9022005001243002,am_rush,114.41,2354,9011005020300000,0,114.49,1346
9022005001268002,9022005001243002,am_rush,114.41,2354,9011005020600000,0,114.3,1008
9022005001315001,9022005000215001,am_rush,157.63,1561,9011005020300000,0,157.63,1561
9022005001338001,9022005001341001,am_rush,66.71,1561,9011005020300000,0,66.71,1561
9022005001339001,9022005001338001,am_rush,57.26,1561,9011005020300000,0,57.26,1561
9022005001341001,9022005001343001,am_rush,105.67,1561,9011005020300000,0,105.67,1561
9022005001343001,9022005000214001,am_rush,86.46,1561,9011005020300000,0,86.46,1561
9022005000214001,9022005001315001,day,115.14,3377,9011005020300000,0,115.87,2894
9022005000214001,9022005001315001,day,115.14,3377,9011005022600000,0,110.74,483
9022005000215001,9022005001254001,day,68.04,6193,9011005020300000,0,69.09,2895
9022005000215001,9022005001254001,day,68.04,6193,9011005020600000,0,66.79,1930
9022005000215001,9022005001254001,day,68.04,6193,9011005021200000,0,67.6,1368
9022005001243002,9022005000050005,day,130.37,2502,9011005020300000,0,130.37,2502
9022005001253001,9022005001259002,day,98.6,4826,9011005020300000,0,99.54,2895
9022005001253001,9022005001259002,day,98.6,4826,9011005020600000,0,97.2,1931
9022005001254001,9022005001253001,day,70.29,6193,9011005020300000,0,71.4,2895
9022005001254001,9022005001253001,day,70.29,6193,9011005020600000,0,69.26,1930
9022005001254001,9022005001253001,day,70.29,6193,9011005021200000,0,69.41,1368
9022005001259002,9022005001268002,day,127.6,4827,9011005020300000,0,127.3,2895
9022005001259002,9022005001268002,day,127.6,4827,9011005020600000,0,128.04,1932
9022005001268002,9022005000050005,day,310.61,393,9011005020300000,0,310.61,393
9022005001268002,9022005001243002,day,123.82,4172,9011005020300000,0,125.42,2502
9022005001268002,9022005001243002,day,123.82,4172,9011005020600000,0,121.42,1670
9022005001315001,9022005000215001,day,152.57,2894,9011005020300000,0,152.57,2894
9022005001338001,9022005001341001,day,55.5,2892,9011005020300000,0,55.5,2892
9022005001339001,9022005001338001,day,52.67,2892,9011005020300000,0,52.67,2892
9022005001341001,9022005001343001,day,95.72,2892,9011005020300000,0,95.72,2892
9022005001343001,9022005000214001,day,84.54,3375,9011005020300000,0,83.0,2892
9022005001343001,9022005000214001,day,84.54,3375,9011005022600000,0,93.77,483
9022005000214001,9022005001315001,night,116.56,2322,9011005020300000,0,116.73,2241
9022005000214001,9022005001315001,night,116.56,2322,9011005022600000,0,111.91,81
9022005000215001,9022005001254001,night,64.67,4977,9011005020300000,0,65.28,2241
9022005000215001,9022005001254001,night,64.67,4977,9011005020600000,0,62.61,2010
9022005000215001,9022005001254001,night,64.67,4977,9011005021200000,0,68.47,726
9022005001243002,9022005000050005,night,122.71,1935,9011005020300000,0,122.71,1935
9022005001253001,9022005001259002,night,84.94,4251,9011005020300000,0,85.98,2241
9022005001253001,9022005001259002,night,84.94,4251,9011005020600000,0,83.79,2010
9022005001254001,9022005001253001,night,59.07,4977,9011005020300000,0,58.35,2241
9022005001254001,9022005001253001,night,59.07,4977,9011005020600000,0,58.0,2010
9022005001254001,9022005001253001,night,59.07,4977,9011005021200000,0,64.28,726
9022005001259002,9022005001268002,night,111.46,4251,9011005020300000,0,113.46,2241
9022005001259002,9022005001268002,night,111.46,4251,9011005020600000,0,109.23,2010
9022005001268002,9022005000050005,night,283.62,306,9011005020300000,0,283.62,306
9022005001268002,9022005001243002,night,102.65,3670,9011005020300000,0,105.54,1935
9022005001268002,9022005001243002,night,102.65,3670,9011005020600000,0,99.43,1735
9022005001315001,9022005000215001,night,144.21,2241,9011005020300000,0,144.21,2241
9022005001338001,9022005001341001,night,55.34,2242,9011005020300000,0,55.34,2242
9022005001339001,9022005001338001,night,48.0,2242,9011005020300000,0,48.0,2242
9022005001341001,9022005001343001,night,90.88,2241,9011005020300000,0,90.88,2241
9022005001343001,9022005000214001,night,78.38,2322,9011005020300000,0,78.3,2241
9022005001343001,9022005000214001,night,78.38,2322,9011005022600000,0,80.58,81
9022005000214001,9022005001315001,pm_rush,118.8,1132,9011005020300000,0,119.84,970
9022005000214001,9022005001315001,pm_rush,118.8,1132,9011005022600000,0,112.58,162
9022005000215001,9022005001254001,pm_rush,73.06,2346,9011005020300000,0,71.67,969
9022005000215001,9022005001254001,pm_rush,73.06,2346,9011005020600000,0,73.21,891
9022005000215001,9022005001254001,pm_rush,73.06,2346,9011005021200000,0,75.55,486
9022005001243002,9022005000050005,pm_rush,141.1,839,9011005020300000,0,141.1,839
9022005001253001,9022005001259002,pm_rush,105.16,1861,9011005020300000,0,106.7,970
9022005001253001,9022005001259002,pm_rush,105.16,1861,9011005020600000,0,103.48,891
9022005001254001,9022005001253001,pm_rush,75.08,2346,9011005020300000,0,73.27,969
9022005001254001,9022005001253001,pm_rush,75.08,2346,9011005020600000,0,75.83,891
9022005001254001,9022005001253001,pm_rush,75.08,2346,9011005021200000,0,77.33,486
9022005001259002,9022005001268002,pm_rush,130.15,1861,9011005020300000,0,128.39,970
9022005001259002,9022005001268002,pm_rush,130.15,1861,9011005020600000,0,132.06,891
9022005001268002,9022005000050005,pm_rush,306.34,131,9011005020300000,0,306.34,131
9022005001268002,9022005001243002,pm_rush,128.55,1609,9011005020300000,0,129.3,839
9022005001268002,9022005001243002,pm_rush,128.55,1609,9011005020600000,0,127.73,770
9022005001315001,9022005000215001,pm_rush,169.22,969,9011005020300000,0,169.22,969
9022005001338001,9022005001341001,pm_rush,55.59,971,9011005020300000,0,55.59,971
9022005001339001,9022005001338001,pm_rush,51.65,971,9011005020300000,0,51.65,971
9022005001341001,9022005001343001,pm_rush,94.93,971,9011005020300000,0,94.93,971
9022005001343001,9022005000214001,pm_rush,84.01,1132,9011005020300000,0,83.1,970
9022005001343001,9022005000214001,pm_rush,84.01,1132,9011005022600000,0,89.45,162
9022005000214001,9022005001315001,weekend,121.5,1960,9011005020300000,0,121.77,1769
9022005000214001,9022005001315001,weekend,121.5,1960,9011005022600000,0,119.05,191
9022005000215001,9022005001254001,weekend,70.84,3814,9011005020300000,0,71.48,1769
9022005000215001,9022005001254001,weekend,70.84,3814,9011005020600000,0,69.01,1565
9022005000215001,9022005001254001,weekend,70.84,3814,9011005021200000,0,74.44,480
9022005001243002,9022005000050005,weekend,126.99,1546,9011005020300000,0,126.99,1546
9022005001253001,9022005001259002,weekend,88.37,3336,9011005020300000,0,90.14,1770
9022005001253001,9022005001259002,weekend,88.37,3336,9011005020600000,0,86.36,1566
9022005001254001,9022005001253001,weekend,62.5,3815,9011005020300000,0,63.95,1769
9022005001254001,9022005001253001,weekend,62.5,3815,9011005020600000,0,61.35,1566
9022005001254001,9022005001253001,weekend,62.5,3815,9011005021200000,0,60.93,480
9022005001259002,9022005001268002,weekend,118.14,3336,9011005020300000,0,120.27,1770
9022005001259002,9022005001268002,weekend,118.14,3336,9011005020600000,0,115.73,1566
9022005001268002,9022005000050005,weekend,292.04,224,9011005020300000,0,292.04,224
9022005001268002,9022005001243002,weekend,105.27,2915,9011005020300000,0,107.76,1546
9022005001268002,9022005001243002,weekend,105.27,2915,9011005020600000,0,102.45,1369
9022005001315001,9022005000215001,weekend,149.55,1769,9011005020300000,0,149.55,1769
9022005001338001,9022005001341001,weekend,59.93,1769,9011005020300000,0,59.93,1769
9022005001339001,9022005001338001,weekend,56.56,1769,9011005020300000,0,56.56,1769
9022005001341001,9022005001343001,weekend,92.46,1769,9011005020300000,0,92.46,1769
9022005001343001,9022005000214001,weekend,86.12,1960,9011005020300000,0,84.66,1769
9022005001343001,9022005000214001,weekend,86.12,1960,9011005022600000,0,99.66,191
9022005000214002,9022005001343002,am_rush,46.65,1254,9011005020300000,1,46.49,1175
9022005000214002,9022005001343002,am_rush,46.65,1254,9011005022600000,1,48.97,79
9022005000215002,9022005001315002,am_rush,117.84,1175,9011005020300000,1,117.84,1175
9022005001243001,9022005001268001,am_rush,101.86,1816,9011005020300000,1,102.97,1009
9022005001243001,9022005001268001,am_rush,101.86,1816,9011005020600000,1,100.47,807
9022005001253002,9022005001254002,am_rush,34.29,2890,9011005020300000,1,31.99,1173
9022005001253002,9022005001254002,am_rush,34.29,2890,9011005020600000,1,34.84,938
9022005001253002,9022005001254002,am_rush,34.29,2890,9011005021200000,1,37.08,779
9022005001254002,9022005000215002,am_rush,95.69,2891,9011005020300000,1,96.47,1174
9022005001254002,9022005000215002,am_rush,95.69,2891,9011005020600000,1,93.05,938
9022005001254002,9022005000215002,am_rush,95.69,2891,9011005021200000,1,97.71,779
9022005001259001,9022005001253002,am_rush,125.82,2111,9011005020300000,1,125.17,1173
9022005001259001,9022005001253002,am_rush,125.82,2111,9011005020600000,1,126.63,938
9022005001268001,9022005001259001,am_rush,126.51,2110,9011005020300000,1,129.06,1172
9022005001268001,9022005001259001,am_rush,126.51,2110,9011005020600000,1,123.32,938
9022005001315002,9022005000214002,am_rush,136.05,1254,9011005020300000,1,132.97,1175
9022005001315002,9022005000214002,am_rush,136.05,1254,9011005022600000,1,181.92,79
9022005001338002,9022005001339002,am_rush,39.62,1175,9011005020300000,1,39.62,1175
9022005001339002,9022005000219001,am_rush,88.02,1175,9011005020300000,1,88.02,1175
9022005001341002,9022005001338002,am_rush,44.05,1175,9011005020300000,1,44.05,1175
9022005001343002,9022005001341002,am_rush,74.85,1175,9011005020300000,1,74.85,1175
9022005000214002,9022005001343002,day,48.94,3381,9011005020300000,1,48.85,2898
9022005000214002,9022005001343002,day,48.94,3381,9011005022600000,1,49.46,483
9022005000215002,9022005001315002,day,123.03,2898,9011005020300000,1,123.03,2898
9022005001243001,9022005001268001,day,122.4,4238,9011005020300000,1,124.95,2502
9022005001243001,9022005001268001,day,122.4,4238,9011005020600000,1,118.72,1736
9022005001253002,9022005001254002,day,32.8,6359,9011005020300000,1,34.0,2897
9022005001253002,9022005001254002,day,32.8,6359,9011005020600000,1,31.08,2013
9022005001253002,9022005001254002,day,32.8,6359,9011005021200000,1,32.81,1449
9022005001254002,9022005000215002,day,93.47,6360,9011005020300000,1,96.06,2898
9022005001254002,9022005000215002,day,93.47,6360,9011005020600000,1,88.73,2013
9022005001254002,9022005000215002,day,93.47,6360,9011005021200000,1,94.89,1449
9022005001259001,9022005001253002,day,121.04,4910,9011005020300000,1,120.09,2897
9022005001259001,9022005001253002,day,121.04,4910,9011005020600000,1,122.41,2013
9022005001268001,9022005001259001,day,133.47,4908,9011005020300000,1,135.78,2897
9022005001268001,9022005001259001,day,133.47,4908,9011005020600000,1,130.14,2011
9022005001315002,9022005000214002,day,144.17,3380,9011005020300000,1,136.27,2898
9022005001315002,9022005000214002,day,144.17,3380,9011005022600000,1,191.7,482
9022005001338002,9022005001339002,day,38.7,2898,9011005020300000,1,38.7,2898
9022005001339002,9022005000219001,day,71.03,2898,9011005020300000,1,71.03,2898
9022005001341002,9022005001338002,day,51.08,2898,9011005020300000,1,51.08,2898
9022005001343002,9022005001341002,day,79.86,2898,9011005020300000,1,79.86,2898
9022005000214002,9022005001343002,night,49.77,2260,9011005020300000,1,49.71,2179
9022005000214002,9022005001343002,night,49.77,2260,9011005022600000,1,51.52,81
9022005000215002,9022005001315002,night,123.96,2179,9011005020300000,1,123.96,2179
9022005001243001,9022005001268001,night,113.51,3609,9011005020300000,1,119.41,1882
9022005001243001,9022005001268001,night,113.51,3609,9011005020600000,1,107.09,1727
9022005001253002,9022005001254002,night,33.48,4902,9011005020300000,1,35.94,2179
9022005001253002,9022005001254002,night,33.48,4902,9011005020600000,1,31.19,2000
9022005001253002,9022005001254002,night,33.48,4902,9011005021200000,1,32.38,723
9022005001254002,9022005000215002,night,94.9,4903,9011005020300000,1,92.59,2179
9022005001254002,9022005000215002,night,94.9,4903,9011005020600000,1,95.58,2000
9022005001254002,9022005000215002,night,94.9,4903,9011005021200000,1,99.98,724
9022005001259001,9022005001253002,night,109.54,4179,9011005020300000,1,110.53,2179
9022005001259001,9022005001253002,night,109.54,4179,9011005020600000,1,108.47,2000
9022005001268001,9022005001259001,night,118.85,4179,9011005020300000,1,121.35,2179
9022005001268001,9022005001259001,night,118.85,4179,9011005020600000,1,116.13,2000
9022005001315002,9022005000214002,night,140.47,2260,9011005020300000,1,139.24,2179
9022005001315002,9022005000214002,night,140.47,2260,9011005022600000,1,173.56,81
9022005001338002,9022005001339002,night,43.47,2179,9011005020300000,1,43.47,2179
9022005001339002,9022005000219001,night,68.25,2179,9011005020300000,1,68.25,2179
9022005001341002,9022005001338002,night,58.54,2179,9011005020300000,1,58.54,2179
9022005001343002,9022005001341002,night,83.69,2179,9011005020300000,1,83.69,2179
9022005000214002,9022005001343002,pm_rush,55.24,1133,9011005020300000,1,55.61,971
9022005000214002,9022005001343002,pm_rush,55.24,1133,9011005022600000,1,52.99,162
9022005000215002,9022005001315002,pm_rush,137.81,971,9011005020300000,1,137.81,971
9022005001243001,9022005001268001,pm_rush,133.82,1535,9011005020300000,1,137.02,837
9022005001243001,9022005001268001,pm_rush,133.82,1535,9011005020600000,1,129.98,698
9022005001253002,9022005001254002,pm_rush,39.03,2345,9011005020300000,1,39.76,970
9022005001253002,9022005001254002,pm_rush,39.03,2345,9011005020600000,1,38.78,808
9022005001253002,9022005001254002,pm_rush,39.03,2345,9011005021200000,1,38.15,567
9022005001254002,9022005000215002,pm_rush,95.7,2345,9011005020300000,1,94.67,971
9022005001254002,9022005000215002,pm_rush,95.7,2345,9011005020600000,1,96.52,807
9022005001254002,9022005000215002,pm_rush,95.7,2345,9011005021200000,1,96.3,567
9022005001259001,9022005001253002,pm_rush,135.53,1777,9011005020300000,1,133.56,969
9022005001259001,9022005001253002,pm_rush,135.53,1777,9011005020600000,1,137.89,808
9022005001268001,9022005001259001,pm_rush,144.41,1777,9011005020300000,1,147.02,969
9022005001268001,9022005001259001,pm_rush,144.41,1777,9011005020600000,1,141.27,808
9022005001315002,9022005000214002,pm_rush,144.04,1133,9011005020300000,1,140.62,971
9022005001315002,9022005000214002,pm_rush,144.04,1133,9011005022600000,1,164.54,162
9022005001338002,9022005001339002,pm_rush,47.34,971,9011005020300000,1,47.34,971
9022005001339002,9022005000219001,pm_rush,70.72,971,9011005020300000,1,70.72,971
9022005001341002,9022005001338002,pm_rush,60.21,971,9011005020300000,1,60.21,971
9022005001343002,9022005001341002,pm_rush,91.71,971,9011005020300000,1,91.71,971
9022005000214002,9022005001343002,weekend,49.1,2010,9011005020300000,1,49.09,1786
9022005000214002,9022005001343002,weekend,49.1,2010,9011005022600000,1,49.14,224
9022005000215002,9022005001315002,weekend,122.31,1785,9011005020300000,1,122.31,1785
9022005001243001,9022005001268001,weekend,115.02,2930,9011005020300000,1,120.93,1559
9022005001243001,9022005001268001,weekend,115.02,2930,9011005020600000,1,108.3,1371
9022005001253002,9022005001254002,weekend,33.87,3834,9011005020300000,1,36.86,1785
9022005001253002,9022005001254002,weekend,33.87,3834,9011005020600000,1,31.73,1569
9022005001253002,9022005001254002,weekend,33.87,3834,9011005021200000,1,29.78,480
9022005001254002,9022005000215002,weekend,94.86,3834,9011005020300000,1,87.4,1785
9022005001254002,9022005000215002,weekend,94.86,3834,9011005020600000,1,94.24,1569
9022005001254002,9022005000215002,weekend,94.86,3834,9011005021200000,1,124.66,480
9022005001259001,9022005001253002,weekend,109.09,3355,9011005020300000,1,108.83,1786
9022005001259001,9022005001253002,weekend,109.09,3355,9011005020600000,1,109.38,1569
9022005001268001,9022005001259001,weekend,119.71,3355,9011005020300000,1,122.01,1786
9022005001268001,9022005001259001,weekend,119.71,3355,9011005020600000,1,117.1,1569
9022005001315002,9022005000214002,weekend,142.93,2009,9011005020300000,1,138.38,1785
9022005001315002,9022005000214002,weekend,142.93,2009,9011005022600000,1,179.17,224
9022005001338002,9022005001339002,weekend,41.78,1786,9011005020300000,1,41.78,1786
9022005001339002,9022005000219001,weekend,71.03,1785,9011005020300000,1,71.03,1785
9022005001341002,9022005001338002,weekend,56.78,1786,9011005020300000,1,56.78,1786
9022005001343002,9022005001341002,weekend,83.27,1786,9011005020300000,1,83.27,1786
9022005000213001,9022005000234002,am_rush,77.48,1171,9011005020400000,0,77.48,1171
9022005000234002,9022005080182002,am_rush,113.55,1171,9011005020400000,0,113.55,1171
9022005000418001,9022005001275001,am_rush,61.34,1171,9011005020400000,0,61.34,1171
9022005001273001,9022005000213001,am_rush,91.18,1952,9011005020400000,0,95.86,1171
9022005001273001,9022005000213001,am_rush,91.18,1952,9011005021200000,0,84.17,781
9022005001274001,9022005001273001,am_rush,51.39,1952,9011005020400000,0,49.91,1171
9022005001274001,9022005001273001,am_rush,51.39,1952,9011005021200000,0,53.62,781
9022005001275001,9022005001274001,am_rush,67.71,1952,9011005020400000,0,65.76,1171
9022005001275001,9022005001274001,am_rush,67.71,1952,9011005021200000,0,70.63,781
9022005080004002,9022005004236002,am_rush,129.16,1171,9011005020400000,0,129.16,1171
9022005080182002,9022005080004002,am_rush,88.23,1171,9011005020400000,0,88.23,1171
9022005000213001,9022005000234002,day,78.25,1929,9011005020400000,0,78.25,1929
9022005000234002,9022005080182002,day,121.98,1929,9011005020400000,0,121.98,1929
9022005000418001,9022005001275001,day,55.67,2411,9011005020400000,0,56.7,1929
9022005000418001,9022005001275001,day,55.67,2411,9011005022600000,0,51.55,482
9022005001273001,9022005000213001,day,83.0,3777,9011005020400000,0,88.67,1929
9022005001273001,9022005000213001,day,83.0,3777,9011005021200000,0,78.72,1366
9022005001273001,9022005000213001,day,83.0,3777,9011005022600000,0,72.45,482
9022005001274001,9022005001273001,day,43.52,3777,9011005020400000,0,44.45,1929
9022005001274001,9022005001273001,day,43.52,3777,9011005021200000,0,43.36,1366
9022005001274001,9022005001273001,day,43.52,3777,9011005022600000,0,40.29,482
9022005001275001,9022005001274001,day,58.03,3777,9011005020400000,0,60.05,1929
9022005001275001,9022005001274001,day,58.03,3777,9011005021200000,0,57.77,1366
9022005001275001,9022005001274001,day,58.03,3777,9011005022600000,0,50.67,482
9022005080004002,9022005004236002,day,125.17,1930,9011005020400000,0,125.17,1930
9022005080182002,9022005080004002,day,84.83,1929,9011005020400000,0,84.83,1929
9022005000213001,9022005000234002,night,70.11,2096,9011005020400000,0,70.11,2096
9022005000234002,9022005080182002,night,109.59,2096,9011005020400000,0,109.59,2096
9022005000418001,9022005001275001,night,53.07,2177,9011005020400000,0,53.12,2096
9022005000418001,9022005001275001,night,53.07,2177,9011005022600000,0,51.81,81
9022005001273001,9022005000213001,night,79.99,2903,9011005020400000,0,82.2,2096
9022005001273001,9022005000213001,night,79.99,2903,9011005021200000,0,73.87,726
9022005001273001,9022005000213001,night,79.99,2903,9011005022600000,0,77.78,81
9022005001274001,9022005001273001,night,41.43,2903,9011005020400000,0,41.4,2096
9022005001274001,9022005001273001,night,41.43,2903,9011005021200000,0,41.45,726
9022005001274001,9022005001273001,night,41.43,2903,9011005022600000,0,42.07,81
9022005001275001,9022005001274001,night,53.31,2903,9011005020400000,0,52.93,2096
9022005001275001,9022005001274001,night,53.31,2903,9011005021200000,0,54.63,726
9022005001275001,9022005001274001,night,53.31,2903,9011005022600000,0,51.35,81
9022005080004002,9022005004236002,night,123.0,2176,9011005020400000,0,123.04,2096
9022005080004002,9022005004236002,night,123.0,2176,9011005022200000,0,121.99,80
9022005080182002,9022005080004002,night,78.01,2176,9011005020400000,0,77.94,2096
9022005080182002,9022005080004002,night,78.01,2176,9011005022200000,0,79.92,80
9022005000213001,9022005000234002,pm_rush,88.91,810,9011005020400000,0,88.91,810
9022005000234002,9022005080182002,pm_rush,133.08,810,9011005020400000,0,133.08,810
9022005000418001,9022005001275001,pm_rush,56.99,972,9011005020400000,0,57.24,810
9022005000418001,9022005001275001,pm_rush,56.99,972,9011005022600000,0,55.73,162
9022005001273001,9022005000213001,pm_rush,81.89,1458,9011005020400000,0,84.42,810
9022005001273001,9022005000213001,pm_rush,81.89,1458,9011005021200000,0,78.72,486
9022005001273001,9022005000213001,pm_rush,81.89,1458,9011005022600000,0,78.71,162
9022005001274001,9022005001273001,pm_rush,44.55,1458,9011005020400000,0,45.09,810
9022005001274001,9022005001273001,pm_rush,44.55,1458,9011005021200000,0,44.62,486
9022005001274001,9022005001273001,pm_rush,44.55,1458,9011005022600000,0,41.65,162
9022005001275001,9022005001274001,pm_rush,60.58,1458,9011005020400000,0,62.52,810
9022005001275001,9022005001274001,pm_rush,60.58,1458,9011005021200000,0,59.16,486
9022005001275001,9022005001274001,pm_rush,60.58,1458,9011005022600000,0,55.11,162
9022005080004002,9022005004236002,pm_rush,126.99,1053,9011005020400000,0,127.23,810
9022005080004002,9022005004236002,pm_rush,126.99,1053,9011005022200000,0,126.2,243
9022005080182002,9022005080004002,pm_rush,86.63,1053,9011005020400000,0,88.55,810
9022005080182002,9022005080004002,pm_rush,86.63,1053,9011005022200000,0,80.21,243
9022005000213001,9022005000234002,weekend,64.81,1570,9011005020400000,0,64.81,1570
9022005000234002,9022005080182002,weekend,106.51,1570,9011005020400000,0,106.51,1570
9022005000418001,9022005001275001,weekend,54.3,1761,9011005020400000,0,54.46,1570
9022005000418001,9022005001275001,weekend,54.3,1761,9011005022600000,0,52.94,191
9022005001273001,9022005000213001,weekend,82.88,2241,9011005020400000,0,85.49,1570
9022005001273001,9022005000213001,weekend,82.88,2241,9011005021200000,0,75.79,480
9022005001273001,9022005000213001,weekend,82.88,2241,9011005022600000,0,79.25,191
9022005001274001,9022005001273001,weekend,42.73,2241,9011005020400000,0,43.08,1570
9022005001274001,9022005001273001,weekend,42.73,2241,9011005021200000,0,42.13,480
9022005001274001,9022005001273001,weekend,42.73,2241,9011005022600000,0,41.32,191
9022005001275001,9022005001274001,weekend,55.18,2241,9011005020400000,0,55.65,1570
9022005001275001,9022005001274001,weekend,55.18,2241,9011005021200000,0,54.44,480
9022005001275001,9022005001274001,weekend,55.18,2241,9011005022600000,0,53.19,191
9022005080004002,9022005004236002,weekend,124.03,1570,9011005020400000,0,124.03,1570
9022005080182002,9022005080004002,weekend,81.4,1570,9011005020400000,0,81.4,1570
9022005000213002,9022005001273002,am_rush,63.24,1955,9011005020400000,1,63.84,1095
9022005000213002,9022005001273002,am_rush,63.24,1955,9011005021200000,1,62.9,781
9022005000213002,9022005001273002,am_rush,63.24,1955,9011005022600000,1,58.37,79
9022005000234001,9022005000213002,am_rush,77.53,1095,9011005020400000,1,77.53,1095
9022005000418002,9022005000223002,am_rush,146.44,1174,9011005020400000,1,141.16,1095
9022005000418002,9022005000223002,am_rush,146.44,1174,9011005022600000,1,219.56,79
9022005001273002,9022005001274002,am_rush,42.05,1955,9011005020400000,1,43.37,1095
9022005001273002,9022005001274002,am_rush,42.05,1955,9011005021200000,1,41.06,781
9022005001273002,9022005001274002,am_rush,42.05,1955,9011005022600000,1,33.53,79
9022005001274002,9022005001275002,am_rush,54.17,1955,9011005020400000,1,55.0,1095
9022005001274002,9022005001275002,am_rush,54.17,1955,9011005021200000,1,53.08,781
9022005001274002,9022005001275002,am_rush,54.17,1955,9011005022600000,1,53.56,79
9022005001275002,9022005000418002,am_rush,59.55,1174,9011005020400000,1,59.78,1095
9022005001275002,9022005000418002,am_rush,59.55,1174,9011005022600000,1,56.3,79
9022005004236001,9022005080004001,am_rush,120.79,1487,9011005020400000,1,122.72,1095
9022005004236001,9022005080004001,am_rush,120.79,1487,9011005022200000,1,115.41,392
9022005080004001,9022005080182001,am_rush,92.05,1487,9011005020400000,1,92.95,1095
9022005080004001,9022005080182001,am_rush,92.05,1487,9011005022200000,1,89.55,392
9022005080182001,9022005000234001,am_rush,105.86,1095,9011005020400000,1,105.86,1095
9022005000213002,9022005001273002,day,65.44,3944,9011005020400000,1,66.76,2012
9022005000213002,9022005001273002,day,65.44,3944,9011005021200000,1,64.86,1449
9022005000213002,9022005001273002,day,65.44,3944,9011005022600000,1,61.67,483
9022005000234001,9022005000213002,day,79.67,2012,9011005020400000,1,79.67,2012
9022005000418002,9022005000223002,day,153.09,2495,9011005020400000,1,140.74,2012
9022005000418002,9022005000223002,day,153.09,2495,9011005022600000,1,204.55,483
9022005001273002,9022005001274002,day,39.8,3944,9011005020400000,1,41.59,2012
9022005001273002,9022005001274002,day,39.8,3944,9011005021200000,1,38.84,1449
9022005001273002,9022005001274002,day,39.8,3944,9011005022600000,1,35.24,483
9022005001274002,9022005001275002,day,56.06,3944,9011005020400000,1,58.8,2012
9022005001274002,9022005001275002,day,56.06,3944,9011005021200000,1,54.39,1449
9022005001274002,9022005001275002,day,56.06,3944,9011005022600000,1,49.65,483
9022005001275002,9022005000418002,day,65.52,2495,9011005020400000,1,67.81,2012
9022005001275002,9022005000418002,day,65.52,2495,9011005022600000,1,55.96,483
9022005004236001,9022005080004001,day,116.62,2012,9011005020400000,1,116.62,2012
9022005080004001,9022005080182001,day,95.42,2012,9011005020400000,1,95.42,2012
9022005080182001,9022005000234001,day,103.06,2012,9011005020400000,1,103.06,2012
9022005000213002,9022005001273002,night,67.3,2743,9011005020400000,1,68.01,1939
9022005000213002,9022005001273002,night,67.3,2743,9011005021200000,1,66.33,723
9022005000213002,9022005001273002,night,67.3,2743,9011005022600000,1,59.05,81
9022005000234001,9022005000213002,night,78.52,1939,9011005020400000,1,78.52,1939
9022005000418002,9022005000223002,night,139.54,2020,9011005020400000,1,136.6,1939
9022005000418002,9022005000223002,night,139.54,2020,9011005022600000,1,209.98,81
9022005001273002,9022005001274002,night,38.31,2743,9011005020400000,1,38.42,1939
9022005001273002,9022005001274002,night,38.31,2743,9011005021200000,1,38.74,723
9022005001273002,9022005001274002,night,38.31,2743,9011005022600000,1,31.79,81
9022005001274002,9022005001275002,night,55.56,2743,9011005020400000,1,56.21,1939
9022005001274002,9022005001275002,night,55.56,2743,9011005021200000,1,54.65,723
9022005001274002,9022005001275002,night,55.56,2743,9011005022600000,1,48.15,81
9022005001275002,9022005000418002,night,57.8,2020,9011005020400000,1,58.08,1939
9022005001275002,9022005000418002,night,57.8,2020,9011005022600000,1,51.1,81
9022005004236001,9022005080004001,night,119.4,1939,9011005020400000,1,119.4,1939
9022005080004001,9022005080182001,night,89.83,1939,9011005020400000,1,89.83,1939
9022005080182001,9022005000234001,night,86.69,1939,9011005020400000,1,86.69,1939
9022005000213002,9022005001273002,pm_rush,71.59,1538,9011005020400000,1,71.59,810
9022005000213002,9022005001273002,pm_rush,71.59,1538,9011005021200000,1,74.35,566
9022005000213002,9022005001273002,pm_rush,71.59,1538,9011005022600000,1,61.99,162
9022005000234001,9022005000213002,pm_rush,82.22,810,9011005020400000,1,82.22,810
9022005000418002,9022005000223002,pm_rush,152.23,972,9011005020400000,1,140.69,810
9022005000418002,9022005000223002,pm_rush,152.23,972,9011005022600000,1,209.9,162
9022005001273002,9022005001274002,pm_rush,47.49,1538,9011005020400000,1,47.35,810
9022005001273002,9022005001274002,pm_rush,47.49,1538,9011005021200000,1,49.96,566
9022005001273002,9022005001274002,pm_rush,47.49,1538,9011005022600000,1,39.56,162
9022005001274002,9022005001275002,pm_rush,62.9,1538,9011005020400000,1,63.17,810
9022005001274002,9022005001275002,pm_rush,62.9,1538,9011005021200000,1,64.7,566
9022005001274002,9022005001275002,pm_rush,62.9,1538,9011005022600000,1,55.22,162
9022005001275002,9022005000418002,pm_rush,64.73,972,9011005020400000,1,66.05,810
9022005001275002,9022005000418002,pm_rush,64.73,972,9011005022600000,1,58.12,162
9022005004236001,9022005080004001,pm_rush,119.49,810,9011005020400000,1,119.49,810
9022005080004001,9022005080182001,pm_rush,93.36,810,9011005020400000,1,93.36,810
9022005080182001,9022005000234001,pm_rush,103.28,810,9011005020400000,1,103.28,810
9022005000213002,9022005001273002,weekend,66.11,2258,9011005020400000,1,67.22,1554
9022005000213002,9022005001273002,weekend,66.11,2258,9011005021200000,1,64.72,480
9022005000213002,9022005001273002,weekend,66.11,2258,9011005022600000,1,61.38,224
9022005000234001,9022005000213002,weekend,85.1,1554,9011005020400000,1,85.1,1554
9022005000418002,9022005000223002,weekend,143.49,1778,9011005020400000,1,135.52,1554
9022005000418002,9022005000223002,weekend,143.49,1778,9011005022600000,1,198.78,224
9022005001273002,9022005001274002,weekend,38.06,2258,9011005020400000,1,38.92,1554
9022005001273002,9022005001274002,weekend,38.06,2258,9011005021200000,1,35.34,480
9022005001273002,9022005001274002,weekend,38.06,2258,9011005022600000,1,37.96,224
9022005001274002,9022005001275002,weekend,55.6,2258,9011005020400000,1,57.66,1554
9022005001274002,9022005001275002,weekend,55.6,2258,9011005021200000,1,51.13,480
9022005001274002,9022005001275002,weekend,55.6,2258,9011005022600000,1,50.89,224
9022005001275002,9022005000418002,weekend,56.47,1778,9011005020400000,1,57.2,1554
9022005001275002,9022005000418002,weekend,56.47,1778,9011005022600000,1,51.41,224
9022005004236001,9022005080004001,weekend,119.38,1553,9011005020400000,1,119.38,1553
9022005080004001,9022005080182001,weekend,90.79,1554,9011005020400000,1,90.79,1554
9022005080182001,9022005000234001,weekend,86.06,1554,9011005020400000,1,86.06,1554
9022005000046004,9022005000050004,am_rush,462.62,195,9011005020500000,0,462.62,195
9022005000049001,9022005001241001,am_rush,74.98,1403,9011005020500000,0,74.98,1403
9022005000050004,9022005000444002,am_rush,223.38,1402,9011005020500000,0,223.38,1402
9022005000054002,9022005003559002,am_rush,43.28,2104,9011005020500000,0,44.42,1402
9022005000054002,9022005003559002,am_rush,43.28,2104,9011005021400000,0,41.0,702
9022005000329001,9022005004171001,am_rush,108.4,1404,9011005020500000,0,108.4,1404
9022005000429001,9022005001238001,am_rush,160.33,1403,9011005020500000,0,160.33,1403
9022005000444002,9022005003974002,am_rush,78.87,1402,9011005020500000,0,78.87,1402
9022005001238001,9022005001239001,am_rush,42.94,1403,9011005020500000,0,42.94,1403
9022005001239001,9022005001240001,am_rush,59.56,1403,9011005020500000,0,59.56,1403
9022005001240001,9022005000049001,am_rush,46.16,1403,9011005020500000,0,46.16,1403
9022005001241001,9022005001236003,am_rush,72.3,1403,9011005020500000,0,72.3,1403
9022005001243002,9022005000050004,am_rush,296.36,1207,9011005020500000,0,296.36,1207
9022005001252002,9022005001447002,am_rush,48.74,3352,9011005020500000,0,50.29,1402
9022005001252002,9022005001447002,am_rush,48.74,3352,9011005021000000,1,44.73,1016
9022005001252002,9022005001447002,am_rush,48.74,3352,9011005021300000,0,50.78,934
9022005001318002,9022005001332002,am_rush,69.2,1402,9011005020500000,0,69.2,1402
9022005001324002,9022005000054002,am_rush,71.8,1402,9011005020500000,0,71.8,1402
9022005001325002,9022005001324002,am_rush,41.48,1402,9011005020500000,0,41.48,1402
9022005001332002,9022005001392002,am_rush,174.96,2418,9011005020500000,0,175.94,1402
9022005001332002,9022005001392002,am_rush,174.96,2418,9011005021000000,1,173.61,1016
9022005001392002,9022005001252002,am_rush,86.11,2418,9011005020500000,0,86.01,1402
9022005001392002,9022005001252002,am_rush,86.11,2418,9011005021000000,1,86.24,1016
9022005001447002,9022005001221002,am_rush,49.92,3353,9011005020500000,0,50.89,1403
9022005001447002,9022005001221002,am_rush,49.92,3353,9011005021000000,1,48.36,1016
9022005001447002,9022005001221002,am_rush,49.92,3353,9011005021300000,0,50.16,934
9022005003559002,9022005001318002,am_rush,65.59,2104,9011005020500000,0,67.47,1402
9022005003559002,9022005001318002,am_rush,65.59,2104,9011005021400000,0,61.83,702
9022005003974002,9022005000329001,am_rush,100.16,1404,9011005020500000,0,100.16,1404
9022005004171001,9022005000429001,am_rush,78.42,1482,9011005020500000,0,78.79,1403
9022005004171001,9022005000429001,am_rush,78.42,1482,9011005022600000,1,71.9,79
9022005000046004,9022005000050004,day,395.31,395,9011005020500000,0,395.31,395
9022005000049001,9022005001241001,day,89.31,2905,9011005020500000,0,89.31,2905
9022005000050004,9022005000444002,day,218.24,2897,9011005020500000,0,218.24,2897
9022005000054002,9022005003559002,day,40.26,3934,9011005020500000,0,40.39,2888
9022005000054002,9022005003559002,day,40.26,3934,9011005021400000,0,39.91,1046
9022005000329001,9022005004171001,day,121.99,2904,9011005020500000,0,121.99,2904
9022005000429001,9022005001238001,day,172.82,2904,9011005020500000,0,172.82,2904
9022005000444002,9022005003974002,day,72.83,2897,9011005020500000,0,72.83,2897
9022005001238001,9022005001239001,day,50.25,2904,9011005020500000,0,50.25,2904
9022005001239001,9022005001240001,day,66.82,2905,9011005020500000,0,66.82,2905
9022005001240001,9022005000049001,day,52.85,2905,9011005020500000,0,52.85,2905
9022005001241001,9022005001236003,day,73.36,2905,9011005020500000,0,73.36,2905
9022005001243002,9022005000050004,day,261.46,2501,9011005020500000,0,261.46,2501
9022005001252002,9022005001447002,day,47.82,5463,9011005020500000,0,50.07,2893
9022005001252002,9022005001447002,day,47.82,5463,9011005021000000,1,43.46,1046
9022005001252002,9022005001447002,day,47.82,5463,9011005021300000,0,46.55,1524
9022005001318002,9022005001332002,day,65.92,2890,9011005020500000,0,65.92,2890
9022005001324002,9022005000054002,day,81.62,2888,9011005020500000,0,81.62,2888
9022005001325002,9022005001324002,day,42.34,2888,9011005020500000,0,42.34,2888
9022005001332002,9022005001392002,day,169.81,3937,9011005020500000,0,173.51,2891
9022005001332002,9022005001392002,day,169.81,3937,9011005021000000,1,159.57,1046
9022005001392002,9022005001252002,day,83.03,3938,9011005020500000,0,83.88,2892
9022005001392002,9022005001252002,day,83.03,3938,9011005021000000,1,80.69,1046
9022005001447002,9022005001221002,day,52.29,5464,9011005020500000,0,53.34,2894
9022005001447002,9022005001221002,day,52.29,5464,9011005021000000,1,50.27,1046
9022005001447002,9022005001221002,day,52.29,5464,9011005021300000,0,51.69,1524
9022005003559002,9022005001318002,day,67.14,3934,9011005020500000,0,67.76,2888
9022005003559002,9022005001318002,day,67.14,3934,9011005021400000,0,65.44,1046
9022005003974002,9022005000329001,day,106.18,2903,9011005020500000,0,106.18,2903
9022005004171001,9022005000429001,day,99.88,3386,9011005020500000,0,101.36,2904
9022005004171001,9022005000429001,day,99.88,3386,9011005022600000,1,90.95,482
9022005000046004,9022005000050004,night,371.41,330,9011005020500000,0,371.41,330
9022005000049001,9022005001241001,night,86.21,2416,9011005020500000,0,86.21,2416
9022005000050004,9022005000444002,night,200.09,2414,9011005020500000,0,200.09,2414
9022005000054002,9022005003559002,night,36.39,4024,9011005020500000,0,36.72,2415
9022005000054002,9022005003559002,night,36.39,4024,9011005021400000,0,35.8,1529
9022005000054002,9022005003559002,night,36.39,4024,9011005022200000,0,37.48,80
9022005000329001,9022005004171001,night,106.51,2416,9011005020500000,0,106.51,2416
9022005000429001,9022005001238001,night,167.12,2416,9011005020500000,0,167.12,2416
9022005000444002,9022005003974002,night,57.5,2414,9011005020500000,0,57.5,2414
9022005001238001,9022005001239001,night,49.82,2416,9011005020500000,0,49.82,2416
9022005001239001,9022005001240001,night,67.38,2416,9011005020500000,0,67.38,2416
9022005001240001,9022005000049001,night,52.74,2416,9011005020500000,0,52.74,2416
9022005001241001,9022005001236003,night,72.03,2416,9011005020500000,0,72.03,2416
9022005001243002,9022005000050004,night,265.84,2085,9011005020500000,0,265.84,2085
9022005001252002,9022005001447002,night,45.46,5402,9011005020500000,0,46.7,2416
9022005001252002,9022005001447002,night,45.46,5402,9011005021000000,1,42.71,1211
9022005001252002,9022005001447002,night,45.46,5402,9011005021300000,0,45.65,1775
9022005001318002,9022005001332002,night,57.62,2415,9011005020500000,0,57.62,2415
9022005001324002,9022005000054002,night,74.29,2415,9011005020500000,0,74.29,2415
9022005001325002,9022005001324002,night,33.05,2415,9011005020500000,0,33.05,2415
9022005001332002,9022005001392002,night,161.39,3626,9011005020500000,0,166.39,2415
9022005001332002,9022005001392002,night,161.39,3626,9011005021000000,1,151.41,1211
9022005001392002,9022005001252002,night,69.12,3627,9011005020500000,0,71.3,2416
9022005001392002,9022005001252002,night,69.12,3627,9011005021000000,1,64.76,1211
9022005001447002,9022005001221002,night,47.97,5402,9011005020500000,0,49.16,2416
9022005001447002,9022005001221002,night,47.97,5402,9011005021000000,1,45.29,1211
9022005001447002,9022005001221002,night,47.97,5402,9011005021300000,0,48.17,1775
9022005003559002,9022005001318002,night,57.81,4024,9011005020500000,0,58.18,2415
9022005003559002,9022005001318002,night,57.81,4024,9011005021400000,0,57.67,1529
9022005003559002,9022005001318002,night,57.81,4024,9011005022200000,0,49.56,80
9022005003974002,9022005000329001,night,94.07,2416,9011005020500000,0,94.07,2416
9022005004171001,9022005000429001,night,85.42,2497,9011005020500000,0,84.72,2416
9022005004171001,9022005000429001,night,85.42,2497,9011005022600000,1,106.3,81
9022005000046004,9022005000050004,pm_rush,392.89,132,9011005020500000,0,392.89,132
9022005000049001,9022005001241001,pm_rush,84.61,971,9011005020500000,0,84.61,971
9022005000050004,9022005000444002,pm_rush,232.07,970,9011005020500000,0,232.07,970
9022005000054002,9022005003559002,pm_rush,37.81,1698,9011005020500000,0,38.78,970
9022005000054002,9022005003559002,pm_rush,37.81,1698,9011005021400000,0,37.92,485
9022005000054002,9022005003559002,pm_rush,37.81,1698,9011005022200000,0,33.74,243
9022005000329001,9022005004171001,pm_rush,124.81,971,9011005020500000,0,124.81,971
9022005000429001,9022005001238001,pm_rush,199.81,971,9011005020500000,0,199.81,971
9022005000444002,9022005003974002,pm_rush,76.78,970,9011005020500000,0,76.78,970
9022005001238001,9022005001239001,pm_rush,58.14,971,9011005020500000,0,58.14,971
9022005001239001,9022005001240001,pm_rush,74.64,971,9011005020500000,0,74.64,971
9022005001240001,9022005000049001,pm_rush,59.08,971,9011005020500000,0,59.08,971
9022005001241001,9022005001236003,pm_rush,76.51,971,9011005020500000,0,76.51,971
9022005001243002,9022005000050004,pm_rush,281.89,838,9011005020500000,0,281.89,838
9022005001252002,9022005001447002,pm_rush,47.26,2265,9011005020500000,0,48.68,970
9022005001252002,9022005001447002,pm_rush,47.26,2265,9011005021000000,1,44.43,648
9022005001252002,9022005001447002,pm_rush,47.26,2265,9011005021300000,0,47.97,647
9022005001318002,9022005001332002,pm_rush,67.09,970,9011005020500000,0,67.09,970
9022005001324002,9022005000054002,pm_rush,84.13,970,9011005020500000,0,84.13,970
9022005001325002,9022005001324002,pm_rush,39.42,970,9011005020500000,0,39.42,970
9022005001332002,9022005001392002,pm_rush,172.39,1618,9011005020500000,0,175.63,970
9022005001332002,9022005001392002,pm_rush,172.39,1618,9011005021000000,1,167.54,648
9022005001392002,9022005001252002,pm_rush,112.46,1618,9011005020500000,0,114.52,970
9022005001392002,9022005001252002,pm_rush,112.46,1618,9011005021000000,1,109.38,648
9022005001447002,9022005001221002,pm_rush,63.73,2265,9011005020500000,0,64.84,970
9022005001447002,9022005001221002,pm_rush,63.73,2265,9011005021000000,1,62.05,648
9022005001447002,9022005001221002,pm_rush,63.73,2265,9011005021300000,0,63.74,647
9022005003559002,9022005001318002,pm_rush,65.79,1698,9011005020500000,0,69.19,970
9022005003559002,9022005001318002,pm_rush,65.79,1698,9011005021400000,0,67.24,485
9022005003559002,9022005001318002,pm_rush,65.79,1698,9011005022200000,0,49.29,243
9022005003974002,9022005000329001,pm_rush,110.79,971,9011005020500000,0,110.79,971
9022005004171001,9022005000429001,pm_rush,103.65,1133,9011005020500000,0,103.26,971
9022005004171001,9022005000429001,pm_rush,103.65,1133,9011005022600000,1,106.01,162
9022005000046004,9022005000050004,weekend,411.7,226,9011005020500000,0,411.7,226
9022005000049001,9022005001241001,weekend,85.87,1792,9011005020500000,0,85.87,1792
9022005000050004,9022005000444002,weekend,193.37,1791,9011005020500000,0,193.37,1791
9022005000054002,9022005003559002,weekend,37.85,2859,9011005020500000,0,38.83,1790
9022005000054002,9022005003559002,weekend,37.85,2859,9011005021400000,0,36.22,1069
9022005000329001,9022005004171001,weekend,116.17,1792,9011005020500000,0,116.17,1792
9022005000429001,9022005001238001,weekend,166.71,1792,9011005020500000,0,166.71,1792
9022005000444002,9022005003974002,weekend,56.76,1791,9011005020500000,0,56.76,1791
9022005001238001,9022005001239001,weekend,48.47,1792,9011005020500000,0,48.47,1792
9022005001239001,9022005001240001,weekend,65.94,1792,9011005020500000,0,65.94,1792
9022005001240001,9022005000049001,weekend,50.12,1792,9011005020500000,0,50.12,1792
9022005001241001,9022005001236003,weekend,71.51,1792,9011005020500000,0,71.51,1792
9022005001243002,9022005000050004,weekend,297.14,1565,9011005020500000,0,297.14,1565
9022005001252002,9022005001447002,weekend,46.25,4206,9011005020500000,0,47.71,1790
9022005001252002,9022005001447002,weekend,46.25,4206,9011005021000000,1,43.76,1034
9022005001252002,9022005001447002,weekend,46.25,4206,9011005021300000,0,46.22,1382
9022005001318002,9022005001332002,weekend,61.76,1790,9011005020500000,0,61.76,1790
9022005001324002,9022005000054002,weekend,76.56,1789,9011005020500000,0,76.56,1789
9022005001325002,9022005001324002,weekend,35.25,1789,9011005020500000,0,35.25,1789
9022005001332002,9022005001392002,weekend,163.78,2824,9011005020500000,0,168.36,1790
9022005001332002,9022005001392002,weekend,163.78,2824,9011005021000000,1,155.86,1034
9022005001392002,9022005001252002,weekend,67.77,2824,9011005020500000,0,69.32,1790
9022005001392002,9022005001252002,weekend,67.77,2824,9011005021000000,1,65.08,1034
9022005001447002,9022005001221002,weekend,48.42,4206,9011005020500000,0,49.88,1790
9022005001447002,9022005001221002,weekend,48.42,4206,9011005021000000,1,47.78,1034
9022005001447002,9022005001221002,weekend,48.42,4206,9011005021300000,0,47.01,1382
9022005003559002,9022005001318002,weekend,61.67,2859,9011005020500000,0,62.63,1790
9022005003559002,9022005001318002,weekend,61.67,2859,9011005021400000,0,60.06,1069
9022005003974002,9022005000329001,weekend,97.37,1792,9011005020500000,0,97.37,1792
9022005004171001,9022005000429001,weekend,98.93,2016,9011005020500000,0,97.74,1792
9022005004171001,9022005000429001,weekend,98.93,2016,9011005022600000,1,108.49,224
9022005000049002,9022005001240002,am_rush,65.04,1400,9011005020500000,1,65.04,1400
9022005000050010,9022005000046003,am_rush,337.12,194,9011005020500000,1,337.12,194
9022005000050010,9022005001243001,am_rush,168.34,1207,9011005020500000,1,168.34,1207
9022005000054001,9022005001324001,am_rush,57.77,1405,9011005020500000,1,57.77,1405
9022005000329002,9022005003974001,am_rush,105.61,1400,9011005020500000,1,105.61,1400
9022005000429002,9022005004171002,am_rush,55.0,1400,9011005020500000,1,55.0,1400
9022005000444001,9022005000050010,am_rush,324.05,1401,9011005020500000,1,324.05,1401
9022005001222001,9022005001252001,am_rush,63.48,2966,9011005020500000,1,64.72,1405
9022005001222001,9022005001252001,am_rush,63.48,2966,9011005021000000,0,63.01,703
9022005001222001,9022005001252001,am_rush,63.48,2966,9011005021300000,1,61.84,858
9022005001236002,9022005001241002,am_rush,99.0,1399,9011005020500000,1,99.0,1399
9022005001238002,9022005000429002,am_rush,169.65,1400,9011005020500000,1,169.65,1400
9022005001239002,9022005001238002,am_rush,56.8,1400,9011005020500000,1,56.8,1400
9022005001240002,9022005001239002,am_rush,70.93,1400,9011005020500000,1,70.93,1400
9022005001241002,9022005000049002,am_rush,92.32,1399,9011005020500000,1,92.32,1399
9022005001252001,9022005001392001,am_rush,74.11,2108,9011005020500000,1,76.01,1405
9022005001252001,9022005001392001,am_rush,74.11,2108,9011005021000000,0,70.3,703
9022005001318001,9022005003559001,am_rush,38.73,2031,9011005020500000,1,38.15,1405
9022005001318001,9022005003559001,am_rush,38.73,2031,9011005021400000,1,40.04,626
9022005001324001,9022005001325001,am_rush,34.93,1405,9011005020500000,1,34.93,1405
9022005001325001,9022005000419002,am_rush,46.08,1405,9011005020500000,1,46.08,1405
9022005001332001,9022005001318001,am_rush,89.55,1405,9011005020500000,1,89.55,1405
9022005001392001,9022005001332001,am_rush,139.45,2108,9011005020500000,1,140.98,1405
9022005001392001,9022005001332001,am_rush,139.45,2108,9011005021000000,0,136.39,703
9022005001411001,9022005001236002,am_rush,58.1,1399,9011005020500000,1,58.1,1399
9022005003559001,9022005000054001,am_rush,64.5,2422,9011005020500000,1,63.72,1405
9022005003559001,9022005000054001,am_rush,64.5,2422,9011005021400000,1,65.53,626
9022005003559001,9022005000054001,am_rush,64.5,2422,9011005022200000,1,65.64,391
9022005003974001,9022005000444001,am_rush,69.03,1401,9011005020500000,1,69.03,1401
9022005004171002,9022005000329002,am_rush,119.4,1400,9011005020500000,1,119.4,1400
9022005000049002,9022005001240002,day,57.4,2890,9011005020500000,1,57.4,2890
9022005000050010,9022005000046003,day,337.53,395,9011005020500000,1,337.53,395
9022005000050010,9022005001243001,day,172.07,2502,9011005020500000,1,172.07,2502
9022005000054001,9022005001324001,day,60.49,2906,9011005020500000,1,60.49,2906
9022005000329002,9022005003974001,day,113.61,2896,9011005020500000,1,113.61,2896
9022005000429002,9022005004171002,day,76.3,3377,9011005020500000,1,76.8,2893
9022005000429002,9022005004171002,day,76.3,3377,9011005022600000,0,73.28,484
9022005000444001,9022005000050010,day,332.04,2897,9011005020500000,1,332.04,2897
9022005001222001,9022005001252001,day,65.22,5566,9011005020500000,1,66.99,2904
9022005001222001,9022005001252001,day,65.22,5566,9011005021000000,0,62.32,1130
9022005001222001,9022005001252001,day,65.22,5566,9011005021300000,1,64.0,1532
9022005001236002,9022005001241002,day,86.02,2889,9011005020500000,1,86.02,2889
9022005001238002,9022005000429002,day,205.64,2893,9011005020500000,1,205.64,2893
9022005001239002,9022005001238002,day,49.97,2892,9011005020500000,1,49.97,2892
9022005001240002,9022005001239002,day,65.6,2891,9011005020500000,1,65.6,2891
9022005001241002,9022005000049002,day,80.64,2890,9011005020500000,1,80.64,2890
9022005001252001,9022005001392001,day,79.38,4034,9011005020500000,1,79.54,2904
9022005001252001,9022005001392001,day,79.38,4034,9011005021000000,0,78.97,1130
9022005001318001,9022005003559001,day,42.76,3956,9011005020500000,1,43.63,2906
9022005001318001,9022005003559001,day,42.76,3956,9011005021400000,1,40.34,1050
9022005001324001,9022005001325001,day,34.73,2906,9011005020500000,1,34.73,2906
9022005001325001,9022005000419002,day,46.47,2906,9011005020500000,1,46.47,2906
9022005001332001,9022005001318001,day,99.69,2905,9011005020500000,1,99.69,2905
9022005001392001,9022005001332001,day,144.99,4034,9011005020500000,1,145.87,2904
9022005001392001,9022005001332001,day,144.99,4034,9011005021000000,0,142.73,1130
9022005001411001,9022005001236002,day,57.15,2889,9011005020500000,1,57.15,2889
9022005003559001,9022005000054001,day,74.27,3956,9011005020500000,1,76.76,2906
9022005003559001,9022005000054001,day,74.27,3956,9011005021400000,1,67.37,1050
9022005003974001,9022005000444001,day,76.06,2896,9011005020500000,1,76.06,2896
9022005004171002,9022005000329002,day,139.98,2894,9011005020500000,1,139.98,2894
9022005000049002,9022005001240002,night,49.61,2237,9011005020500000,1,49.61,2237
9022005000050010,9022005000046003,night,286.09,305,9011005020500000,1,286.09,305
9022005000050010,9022005001243001,night,153.5,1933,9011005020500000,1,153.5,1933
9022005000054001,9022005001324001,night,53.36,2242,9011005020500000,1,53.36,2242
9022005000329002,9022005003974001,night,94.94,2239,9011005020500000,1,94.94,2239
9022005000429002,9022005004171002,night,72.63,2318,9011005020500000,1,72.59,2237
9022005000429002,9022005004171002,night,72.63,2318,9011005022600000,0,73.6,81
9022005000444001,9022005000050010,night,303.19,2238,9011005020500000,1,303.19,2238
9022005001222001,9022005001252001,night,66.92,5227,9011005020500000,1,69.07,2241
9022005001222001,9022005001252001,night,66.92,5227,9011005021000000,0,64.91,1210
9022005001222001,9022005001252001,night,66.92,5227,9011005021300000,1,65.59,1776
9022005001236002,9022005001241002,night,80.76,2237,9011005020500000,1,80.76,2237
9022005001238002,9022005000429002,night,196.36,2237,9011005020500000,1,196.36,2237
9022005001239002,9022005001238002,night,47.24,2237,9011005020500000,1,47.24,2237
9022005001240002,9022005001239002,night,58.12,2237,9011005020500000,1,58.12,2237
9022005001241002,9022005000049002,night,73.8,2237,9011005020500000,1,73.8,2237
9022005001252001,9022005001392001,night,74.79,3451,9011005020500000,1,76.24,2241
9022005001252001,9022005001392001,night,74.79,3451,9011005021000000,0,72.1,1210
9022005001318001,9022005003559001,night,40.51,3685,9011005020500000,1,40.44,2242
9022005001318001,9022005003559001,night,40.51,3685,9011005021400000,1,40.62,1443
9022005001324001,9022005001325001,night,32.23,2242,9011005020500000,1,32.23,2242
9022005001325001,9022005000419002,night,52.34,2242,9011005020500000,1,52.34,2242
9022005001332001,9022005001318001,night,88.31,2242,9011005020500000,1,88.31,2242
9022005001392001,9022005001332001,night,134.26,3452,9011005020500000,1,135.85,2241
9022005001392001,9022005001332001,night,134.26,3452,9011005021000000,0,131.31,1211
9022005001411001,9022005001236002,night,54.2,2237,9011005020500000,1,54.2,2237
9022005003559001,9022005000054001,night,74.56,3685,9011005020500000,1,78.71,2242
9022005003559001,9022005000054001,night,74.56,3685,9011005021400000,1,68.11,1443
9022005003974001,9022005000444001,night,59.04,2239,9011005020500000,1,59.04,2239
9022005004171002,9022005000329002,night,132.51,2238,9011005020500000,1,132.51,2238
9022005000049002,9022005001240002,pm_rush,54.09,966,9011005020500000,1,54.09,966
9022005000050010,9022005000046003,pm_rush,340.2,131,9011005020500000,1,340.2,131
9022005000050010,9022005001243001,pm_rush,200.27,837,9011005020500000,1,200.27,837
9022005000054001,9022005001324001,pm_rush,64.86,973,9011005020500000,1,64.86,973
9022005000329002,9022005003974001,pm_rush,118.46,968,9011005020500000,1,118.46,968
9022005000429002,9022005004171002,pm_rush,82.24,1128,9011005020500000,1,83.71,966
9022005000429002,9022005004171002,pm_rush,82.24,1128,9011005022600000,0,73.46,162
9022005000444001,9022005000050010,pm_rush,372.66,968,9011005020500000,1,372.66,968
9022005001222001,9022005001252001,pm_rush,69.13,2269,9011005020500000,1,71.47,973
9022005001222001,9022005001252001,pm_rush,69.13,2269,9011005021000000,0,67.59,648
9022005001222001,9022005001252001,pm_rush,69.13,2269,9011005021300000,1,67.16,648
9022005001236002,9022005001241002,pm_rush,84.41,966,9011005020500000,1,84.41,966
9022005001238002,9022005000429002,pm_rush,225.62,966,9011005020500000,1,225.62,966
9022005001239002,9022005001238002,pm_rush,52.55,966,9011005020500000,1,52.55,966
9022005001240002,9022005001239002,pm_rush,61.81,966,9011005020500000,1,61.81,966
9022005001241002,9022005000049002,pm_rush,79.19,966,9011005020500000,1,79.19,966
9022005001252001,9022005001392001,pm_rush,104.22,1621,9011005020500000,1,104.79,973
9022005001252001,9022005001392001,pm_rush,104.22,1621,9011005021000000,0,103.37,648
9022005001318001,9022005003559001,pm_rush,47.8,1456,9011005020500000,1,48.25,973
9022005001318001,9022005003559001,pm_rush,47.8,1456,9011005021400000,1,46.88,483
9022005001324001,9022005001325001,pm_rush,39.96,973,9011005020500000,1,39.96,973
9022005001325001,9022005000419002,pm_rush,43.76,973,9011005020500000,1,43.76,973
9022005001332001,9022005001318001,pm_rush,110.78,973,9011005020500000,1,110.78,973
9022005001392001,9022005001332001,pm_rush,161.38,1621,9011005020500000,1,162.42,973
9022005001392001,9022005001332001,pm_rush,161.38,1621,9011005021000000,0,159.83,648
9022005001411001,9022005001236002,pm_rush,65.95,966,9011005020500000,1,65.95,966
9022005003559001,9022005000054001,pm_rush,90.42,1456,9011005020500000,1,98.21,973
9022005003559001,9022005000054001,pm_rush,90.42,1456,9011005021400000,1,74.74,483
9022005003974001,9022005000444001,pm_rush,78.26,968,9011005020500000,1,78.26,968
9022005004171002,9022005000329002,pm_rush,149.58,966,9011005020500000,1,149.58,966
9022005000049002,9022005001240002,weekend,53.29,1863,9011005020500000,1,53.29,1863
9022005000050010,9022005000046003,weekend,302.9,234,9011005020500000,1,302.9,234
9022005000050010,9022005001243001,weekend,154.93,1629,9011005020500000,1,154.93,1629
9022005000054001,9022005001324001,weekend,52.39,1864,9011005020500000,1,52.39,1864
9022005000329002,9022005003974001,weekend,95.04,1862,9011005020500000,1,95.04,1862
9022005000429002,9022005004171002,weekend,75.22,2054,9011005020500000,1,74.52,1862
9022005000429002,9022005004171002,weekend,75.22,2054,9011005022600000,0,82.01,192
9022005000444001,9022005000050010,weekend,287.51,1863,9011005020500000,1,287.51,1863
9022005001222001,9022005001252001,weekend,65.84,4232,9011005020500000,1,67.72,1864
9022005001222001,9022005001252001,weekend,65.84,4232,9011005021000000,0,63.84,1001
9022005001222001,9022005001252001,weekend,65.84,4232,9011005021300000,1,64.74,1367
9022005001236002,9022005001241002,weekend,84.24,1863,9011005020500000,1,84.24,1863
9022005001238002,9022005000429002,weekend,214.01,1862,9011005020500000,1,214.01,1862
9022005001239002,9022005001238002,weekend,46.17,1862,9011005020500000,1,46.17,1862
9022005001240002,9022005001239002,weekend,61.64,1862,9011005020500000,1,61.64,1862
9022005001241002,9022005000049002,weekend,77.42,1863,9011005020500000,1,77.42,1863
9022005001252001,9022005001392001,weekend,73.23,2865,9011005020500000,1,74.9,1864
9022005001252001,9022005001392001,weekend,73.23,2865,9011005021000000,0,70.11,1001
9022005001318001,9022005003559001,weekend,40.65,2961,9011005020500000,1,41.22,1864
9022005001318001,9022005003559001,weekend,40.65,2961,9011005021400000,1,39.68,1097
9022005001324001,9022005001325001,weekend,30.76,1864,9011005020500000,1,30.76,1864
9022005001325001,9022005000419002,weekend,49.93,1864,9011005020500000,1,49.93,1864
9022005001332001,9022005001318001,weekend,89.96,1864,9011005020500000,1,89.96,1864
9022005001392001,9022005001332001,weekend,133.44,2865,9011005020500000,1,135.28,1864
9022005001392001,9022005001332001,weekend,133.44,2865,9011005021000000,0,130.02,1001
9022005001411001,9022005001236002,weekend,55.0,1863,9011005020500000,1,55.0,1863
9022005003559001,9022005000054001,weekend,70.85,2961,9011005020500000,1,72.59,1864
9022005003559001,9022005000054001,weekend,70.85,2961,9011005021400000,1,67.89,1097
9022005003974001,9022005000444001,weekend,55.55,1863,9011005020500000,1,55.55,1863
9022005004171002,9022005000329002,weekend,138.41,1862,9011005020500000,1,138.41,1862
9022005000221002,9022005001446002,am_rush,64.3,1170,9011005020600000,0,64.3,1170
9022005000222001,9022005001551001,am_rush,80.62,1022,9011005020600000,0,80.62,1022
9022005000222001,9022005004138001,am_rush,114.87,149,9011005020600000,0,114.87,149
9022005001243002,9022005000050029,am_rush,222.2,1008,9011005020600000,0,222.2,1008
9022005001268002,9022005000050029,am_rush,407.4,163,9011005020600000,0,407.4,163
9022005001444002,9022005000221002,am_rush,34.13,1170,9011005020600000,0,34.13,1170
9022005001446002,9022005001450002,am_rush,67.55,1170,9011005020600000,0,67.55,1170
9022005001450002,9022005001452001,am_rush,84.62,1170,9011005020600000,0,84.62,1170
9022005001452001,9022005001453001,am_rush,71.05,1170,9011005020600000,0,71.05,1170
9022005001453001,9022005000222001,am_rush,116.26,1171,9011005020600000,0,116.26,1171
9022005001551001,9022005004138001,am_rush,36.48,1022,9011005020600000,0,36.48,1022
9022005004138001,9022005000215001,am_rush,336.61,1171,9011005020600000,0,336.61,1171
9022005000221002,9022005001446002,day,58.54,1928,9011005020600000,0,58.54,1928
9022005000222001,9022005001551001,day,74.23,1690,9011005020600000,0,74.23,1690
9022005000222001,9022005004138001,day,109.55,239,9011005020600000,0,109.55,239
9022005001243002,9022005000050029,day,217.82,1670,9011005020600000,0,217.82,1670
9022005001268002,9022005000050029,day,365.62,262,9011005020600000,0,365.62,262
9022005001444002,9022005000221002,day,41.64,1927,9011005020600000,0,41.64,1927
9022005001446002,9022005001450002,day,57.75,1929,9011005020600000,0,57.75,1929
9022005001450002,9022005001452001,day,76.13,1929,9011005020600000,0,76.13,1929
9022005001452001,9022005001453001,day,61.12,1929,9011005020600000,0,61.12,1929
9022005001453001,9022005000222001,day,97.33,1929,9011005020600000,0,97.33,1929
9022005001551001,9022005004138001,day,39.06,1690,9011005020600000,0,39.06,1690
9022005004138001,9022005000215001,day,330.22,1930,9011005020600000,0,330.22,1930
9022005000221002,9022005001446002,night,49.65,2009,9011005020600000,0,49.65,2009
9022005000222001,9022005001551001,night,70.45,1759,9011005020600000,0,70.45,1759
9022005000222001,9022005004138001,night,103.38,250,9011005020600000,0,103.38,250
9022005001243002,9022005000050029,night,256.87,1735,9011005020600000,0,256.87,1735
9022005001268002,9022005000050029,night,385.22,275,9011005020600000,0,385.22,275
9022005001444002,9022005000221002,night,29.7,2009,9011005020600000,0,29.7,2009
9022005001446002,9022005001450002,night,51.37,2009,9011005020600000,0,51.37,2009
9022005001450002,9022005001452001,night,71.88,2009,9011005020600000,0,71.88,2009
9022005001452001,9022005001453001,night,54.18,2009,9011005020600000,0,54.18,2009
9022005001453001,9022005000222001,night,97.27,2009,9011005020600000,0,97.27,2009
9022005001551001,9022005004138001,night,34.98,1759,9011005020600000,0,34.98,1759
9022005004138001,9022005000215001,night,336.06,2009,9011005020600000,0,336.06,2009
9022005000221002,9022005001446002,pm_rush,60.04,891,9011005020600000,0,60.04,891
9022005000222001,9022005001551001,pm_rush,79.35,781,9011005020600000,0,79.35,781
9022005000222001,9022005004138001,pm_rush,118.54,110,9011005020600000,0,118.54,110
9022005001243002,9022005000050029,pm_rush,240.12,770,9011005020600000,0,240.12,770
9022005001268002,9022005000050029,pm_rush,369.92,121,9011005020600000,0,369.92,121
9022005001444002,9022005000221002,pm_rush,45.89,891,9011005020600000,0,45.89,891
9022005001446002,9022005001450002,pm_rush,58.21,891,9011005020600000,0,58.21,891
9022005001450002,9022005001452001,pm_rush,76.94,891,9011005020600000,0,76.94,891
9022005001452001,9022005001453001,pm_rush,63.9,891,9011005020600000,0,63.9,891
9022005001453001,9022005000222001,pm_rush,91.34,891,9011005020600000,0,91.34,891
9022005001551001,9022005004138001,pm_rush,49.17,781,9011005020600000,0,49.17,781
9022005004138001,9022005000215001,pm_rush,342.19,891,9011005020600000,0,342.19,891
9022005000221002,9022005001446002,weekend,52.27,1564,9011005020600000,0,52.27,1564
9022005000222001,9022005001551001,weekend,71.56,1423,9011005020600000,0,71.56,1423
9022005000222001,9022005004138001,weekend,105.36,141,9011005020600000,0,105.36,141
9022005001243002,9022005000050029,weekend,229.4,1369,9011005020600000,0,229.4,1369
9022005001268002,9022005000050029,weekend,361.59,197,9011005020600000,0,361.59,197
9022005001444002,9022005000221002,weekend,30.51,1564,9011005020600000,0,30.51,1564
9022005001446002,9022005001450002,weekend,53.81,1564,9011005020600000,0,53.81,1564
9022005001450002,9022005001452001,weekend,72.55,1564,9011005020600000,0,72.55,1564
9022005001452001,9022005001453001,weekend,56.02,1564,9011005020600000,0,56.02,1564
9022005001453001,9022005000222001,weekend,102.0,1564,9011005020600000,0,102.0,1564
9022005001551001,9022005004138001,weekend,36.77,1423,9011005020600000,0,36.77,1423
9022005004138001,9022005000215001,weekend,339.28,1565,9011005020600000,0,339.28,1565
9022005000215002,9022005004138002,am_rush,341.06,938,9011005020600000,1,341.06,938
9022005000221001,9022005001444001,am_rush,28.03,940,9011005020600000,1,28.03,940
9022005000222002,9022005001453002,am_rush,100.16,940,9011005020600000,1,100.16,940
9022005001444001,9022005001443001,am_rush,38.51,940,9011005020600000,1,38.51,940
9022005001446001,9022005000221001,am_rush,52.35,940,9011005020600000,1,52.35,940
9022005001450001,9022005001446001,am_rush,54.47,940,9011005020600000,1,54.47,940
9022005001452002,9022005001450001,am_rush,48.46,940,9011005020600000,1,48.46,940
9022005001453002,9022005001452002,am_rush,70.74,940,9011005020600000,1,70.74,940
9022005001551002,9022005000222002,am_rush,79.07,820,9011005020600000,1,79.07,820
9022005004138002,9022005000222002,am_rush,113.91,120,9011005020600000,1,113.91,120
9022005004138002,9022005001551002,am_rush,53.88,818,9011005020600000,1,53.88,818
9022005000215002,9022005004138002,day,332.12,2013,9011005020600000,1,332.12,2013
9022005000221001,9022005001444001,day,29.86,2014,9011005020600000,1,29.86,2014
9022005000222002,9022005001453002,day,97.5,2014,9011005020600000,1,97.5,2014
9022005001444001,9022005001443001,day,38.33,2014,9011005020600000,1,38.33,2014
9022005001446001,9022005000221001,day,47.16,2014,9011005020600000,1,47.16,2014
9022005001450001,9022005001446001,day,58.12,2014,9011005020600000,1,58.12,2014
9022005001452002,9022005001450001,day,51.88,2014,9011005020600000,1,51.88,2014
9022005001453002,9022005001452002,day,70.21,2014,9011005020600000,1,70.21,2014
9022005001551002,9022005000222002,day,79.82,1764,9011005020600000,1,79.82,1764
9022005004138002,9022005000222002,day,115.62,250,9011005020600000,1,115.62,250
9022005004138002,9022005001551002,day,43.38,1763,9011005020600000,1,43.38,1763
9022005000215002,9022005004138002,night,338.88,2000,9011005020600000,1,338.88,2000
9022005000221001,9022005001444001,night,30.76,1999,9011005020600000,1,30.76,1999
9022005000222002,9022005001453002,night,95.53,1999,9011005020600000,1,95.53,1999
9022005001444001,9022005001443001,night,44.15,1999,9011005020600000,1,44.15,1999
9022005001446001,9022005000221001,night,41.33,1999,9011005020600000,1,41.33,1999
9022005001450001,9022005001446001,night,56.34,1999,9011005020600000,1,56.34,1999
9022005001452002,9022005001450001,night,50.42,1999,9011005020600000,1,50.42,1999
9022005001453002,9022005001452002,night,68.4,1999,9011005020600000,1,68.4,1999
9022005001551002,9022005000222002,night,76.91,1753,9011005020600000,1,76.91,1753
9022005004138002,9022005000222002,night,112.63,247,9011005020600000,1,112.63,247
9022005004138002,9022005001551002,night,42.47,1753,9011005020600000,1,42.47,1753
9022005000215002,9022005004138002,pm_rush,347.39,807,9011005020600000,1,347.39,807
9022005000221001,9022005001444001,pm_rush,36.29,808,9011005020600000,1,36.29,808
9022005000222002,9022005001453002,pm_rush,110.77,808,9011005020600000,1,110.77,808
9022005001444001,9022005001443001,pm_rush,39.8,808,9011005020600000,1,39.8,808
9022005001446001,9022005000221001,pm_rush,46.56,808,9011005020600000,1,46.56,808
9022005001450001,9022005001446001,pm_rush,71.43,808,9011005020600000,1,71.43,808
9022005001452002,9022005001450001,pm_rush,63.76,808,9011005020600000,1,63.76,808
9022005001453002,9022005001452002,pm_rush,79.93,808,9011005020600000,1,79.93,808
9022005001551002,9022005000222002,pm_rush,87.63,708,9011005020600000,1,87.63,708
9022005004138002,9022005000222002,pm_rush,128.11,100,9011005020600000,1,128.11,100
9022005004138002,9022005001551002,pm_rush,57.17,708,9011005020600000,1,57.17,708
9022005000215002,9022005004138002,weekend,336.87,1569,9011005020600000,1,336.87,1569
9022005000221001,9022005001444001,weekend,30.1,1569,9011005020600000,1,30.1,1569
9022005000222002,9022005001453002,weekend,94.09,1569,9011005020600000,1,94.09,1569
9022005001444001,9022005001443001,weekend,44.38,1569,9011005020600000,1,44.38,1569
9022005001446001,9022005000221001,weekend,40.4,1569,9011005020600000,1,40.4,1569
9022005001450001,9022005001446001,weekend,54.03,1569,9011005020600000,1,54.03,1569
9022005001452002,9022005001450001,weekend,48.69,1569,9011005020600000,1,48.69,1569
9022005001453002,9022005001452002,weekend,66.64,1569,9011005020600000,1,66.64,1569
9022005001551002,9022005000222002,weekend,76.58,1427,9011005020600000,1,76.58,1427
9022005004138002,9022005000222002,weekend,108.65,142,9011005020600000,1,108.65,142
9022005004138002,9022005001551002,weekend,39.6,1427,9011005020600000,1,39.6,1427
9022005000050007,9022005000046003,am_rush,293.44,98,9011005021000000,0,293.44,98
9022005000050007,9022005001243001,am_rush,154.69,604,9011005021000000,0,154.69,604
9022005000155002,9022005002014002,am_rush,61.2,858,9011005021000000,0,61.2,858
9022005000320001,9022005080005001,am_rush,53.06,703,9011005021000000,0,53.06,703
9022005000423001,9022005000050007,am_rush,315.85,858,9011005021000000,0,315.85,858
9022005000439001,9022005002946001,am_rush,51.39,703,9011005021000000,0,51.39,703
9022005000440002,9022005001458002,am_rush,58.6,858,9011005021000000,0,58.6,858
9022005000448001,9022005000439001,am_rush,190.15,703,9011005021000000,0,190.15,703
9022005001332001,9022005000448001,am_rush,120.49,703,9011005021000000,0,120.49,703
9022005001458002,9022005000423001,am_rush,38.54,858,9011005021000000,0,38.54,858
9022005002014002,9022005002015002,am_rush,106.59,858,9011005021000000,0,106.59,858
9022005002015002,9022005000440002,am_rush,66.45,858,9011005021000000,0,66.45,858
9022005002024002,9022005002025002,am_rush,80.95,858,9011005021000000,0,80.95,858
9022005002025002,9022005002026002,am_rush,65.63,858,9011005021000000,0,65.63,858
9022005002026002,9022005003595002,am_rush,90.67,858,9011005021000000,0,90.67,858
9022005002028002,9022005002030002,am_rush,113.17,858,9011005021000000,0,113.17,858
9022005002030002,9022005000155002,am_rush,55.4,858,9011005021000000,0,55.4,858
9022005002946001,9022005002949001,am_rush,160.12,703,9011005021000000,0,160.12,703
9022005002949001,9022005000320001,am_rush,121.73,703,9011005021000000,0,121.73,703
9022005002953001,9022005002954001,am_rush,144.15,703,9011005021000000,0,144.15,703
9022005003595002,9022005002028002,am_rush,97.18,858,9011005021000000,0,97.18,858
9022005080005001,9022005002953001,am_rush,66.06,703,9011005021000000,0,66.06,703
9022005000050007,9022005000046003,day,318.65,143,9011005021000000,0,318.65,143
9022005000050007,9022005001243001,day,152.23,904,9011005021000000,0,152.23,904
9022005000155002,9022005002014002,day,59.87,1047,9011005021000000,0,59.87,1047
9022005000320001,9022005080005001,day,61.44,1131,9011005021000000,0,61.44,1131
9022005000423001,9022005000050007,day,340.4,1047,9011005021000000,0,340.4,1047
9022005000439001,9022005002946001,day,54.17,1131,9011005021000000,0,54.17,1131
9022005000440002,9022005001458002,day,59.99,1047,9011005021000000,0,59.99,1047
9022005000448001,9022005000439001,day,194.35,1131,9011005021000000,0,194.35,1131
9022005001332001,9022005000448001,day,132.6,1130,9011005021000000,0,132.6,1130
9022005001458002,9022005000423001,day,52.12,1047,9011005021000000,0,52.12,1047
9022005002014002,9022005002015002,day,123.56,1047,9011005021000000,0,123.56,1047
9022005002015002,9022005000440002,day,49.83,1047,9011005021000000,0,49.83,1047
9022005002024002,9022005002025002,day,68.7,1046,9011005021000000,0,68.7,1046
9022005002025002,9022005002026002,day,52.82,1047,9011005021000000,0,52.82,1047
9022005002026002,9022005003595002,day,80.4,1047,9011005021000000,0,80.4,1047
9022005002028002,9022005002030002,day,106.46,1047,9011005021000000,0,106.46,1047
9022005002030002,9022005000155002,day,52.23,1047,9011005021000000,0,52.23,1047
9022005002946001,9022005002949001,day,164.63,1131,9011005021000000,0,164.63,1131
9022005002949001,9022005000320001,day,121.4,1131,9011005021000000,0,121.4,1131
9022005002953001,9022005002954001,day,126.05,1131,9011005021000000,0,126.05,1131
9022005003595002,9022005002028002,day,83.72,1047,9011005021000000,0,83.72,1047
9022005080005001,9022005002953001,day,66.99,1131,9011005021000000,0,66.99,1131
9022005000050007,9022005000046003,night,267.78,165,9011005021000000,0,267.78,165
9022005000050007,9022005001243001,night,137.12,1043,9011005021000000,0,137.12,1043
9022005000155002,9022005002014002,night,63.54,1207,9011005021000000,0,63.54,1207
9022005000320001,9022005080005001,night,59.47,1211,9011005021000000,0,59.47,1211
9022005000423001,9022005000050007,night,286.86,1208,9011005021000000,0,286.86,1208
9022005000439001,9022005002946001,night,50.97,1211,9011005021000000,0,50.97,1211
9022005000440002,9022005001458002,night,54.81,1208,9011005021000000,0,54.81,1208
9022005000448001,9022005000439001,night,188.3,1211,9011005021000000,0,188.3,1211
9022005001332001,9022005000448001,night,121.59,1211,9011005021000000,0,121.59,1211
9022005001458002,9022005000423001,night,31.01,1208,9011005021000000,0,31.01,1208
9022005002014002,9022005002015002,night,110.55,1207,9011005021000000,0,110.55,1207
9022005002015002,9022005000440002,night,46.4,1207,9011005021000000,0,46.4,1207
9022005002024002,9022005002025002,night,68.29,1207,9011005021000000,0,68.29,1207
9022005002025002,9022005002026002,night,48.29,1207,9011005021000000,0,48.29,1207
9022005002026002,9022005003595002,night,71.02,1207,9011005021000000,0,71.02,1207
9022005002028002,9022005002030002,night,110.78,1207,9011005021000000,0,110.78,1207
9022005002030002,9022005000155002,night,55.26,1207,9011005021000000,0,55.26,1207
9022005002946001,9022005002949001,night,168.62,1211,9011005021000000,0,168.62,1211
9022005002949001,9022005000320001,night,123.92,1211,9011005021000000,0,123.92,1211
9022005002953001,9022005002954001,night,125.36,1211,9011005021000000,0,125.36,1211
9022005003595002,9022005002028002,night,82.26,1207,9011005021000000,0,82.26,1207
9022005080005001,9022005002953001,night,64.48,1211,9011005021000000,0,64.48,1211
9022005000050007,9022005000046003,pm_rush,317.94,88,9011005021000000,0,317.94,88
9022005000050007,9022005001243001,pm_rush,176.11,560,9011005021000000,0,176.11,560
9022005000155002,9022005002014002,pm_rush,61.27,648,9011005021000000,0,61.27,648
9022005000320001,9022005080005001,pm_rush,67.25,648,9011005021000000,0,67.25,648
9022005000423001,9022005000050007,pm_rush,372.99,648,9011005021000000,0,372.99,648
9022005000439001,9022005002946001,pm_rush,62.67,648,9011005021000000,0,62.67,648
9022005000440002,9022005001458002,pm_rush,62.58,648,9011005021000000,0,62.58,648
9022005000448001,9022005000439001,pm_rush,211.43,648,9011005021000000,0,211.43,648
9022005001332001,9022005000448001,pm_rush,152.86,648,9011005021000000,0,152.86,648
9022005001458002,9022005000423001,pm_rush,55.43,648,9011005021000000,0,55.43,648
9022005002014002,9022005002015002,pm_rush,128.22,648,9011005021000000,0,128.22,648
9022005002015002,9022005000440002,pm_rush,61.81,648,9011005021000000,0,61.81,648
9022005002024002,9022005002025002,pm_rush,65.96,648,9011005021000000,0,65.96,648
9022005002025002,9022005002026002,pm_rush,49.5,648,9011005021000000,0,49.5,648
9022005002026002,9022005003595002,pm_rush,78.17,648,9011005021000000,0,78.17,648
9022005002028002,9022005002030002,pm_rush,106.85,648,9011005021000000,0,106.85,648
9022005002030002,9022005000155002,pm_rush,52.32,648,9011005021000000,0,52.32,648
9022005002946001,9022005002949001,pm_rush,178.45,648,9011005021000000,0,178.45,648
9022005002949001,9022005000320001,pm_rush,125.79,648,9011005021000000,0,125.79,648
9022005002953001,9022005002954001,pm_rush,111.85,648,9011005021000000,0,111.85,648
9022005003595002,9022005002028002,pm_rush,84.5,648,9011005021000000,0,84.5,648
9022005080005001,9022005002953001,pm_rush,72.85,648,9011005021000000,0,72.85,648
9022005000050007,9022005000046003,weekend,266.52,126,9011005021000000,0,266.52,126
9022005000050007,9022005001243001,weekend,136.07,875,9011005021000000,0,136.07,875
9022005000155002,9022005002014002,weekend,60.25,1001,9011005021000000,0,60.25,1001
9022005000320001,9022005080005001,weekend,55.93,1001,9011005021000000,0,55.93,1001
9022005000423001,9022005000050007,weekend,288.06,1001,9011005021000000,0,288.06,1001
9022005000439001,9022005002946001,weekend,48.98,1001,9011005021000000,0,48.98,1001
9022005000440002,9022005001458002,weekend,50.03,1001,9011005021000000,0,50.03,1001
9022005000448001,9022005000439001,weekend,183.9,1001,9011005021000000,0,183.9,1001
9022005001332001,9022005000448001,weekend,119.04,1001,9011005021000000,0,119.04,1001
9022005001458002,9022005000423001,weekend,29.17,1001,9011005021000000,0,29.17,1001
9022005002014002,9022005002015002,weekend,118.56,1001,9011005021000000,0,118.56,1001
9022005002015002,9022005000440002,weekend,39.51,1001,9011005021000000,0,39.51,1001
9022005002024002,9022005002025002,weekend,68.97,1001,9011005021000000,0,68.97,1001
9022005002025002,9022005002026002,weekend,48.94,1001,9011005021000000,0,48.94,1001
9022005002026002,9022005003595002,weekend,71.45,1001,9011005021000000,0,71.45,1001
9022005002028002,9022005002030002,weekend,106.42,1001,9011005021000000,0,106.42,1001
9022005002030002,9022005000155002,weekend,52.6,1001,9011005021000000,0,52.6,1001
9022005002946001,9022005002949001,weekend,159.55,1001,9011005021000000,0,159.55,1001
9022005002949001,9022005000320001,weekend,110.52,1001,9011005021000000,0,110.52,1001
9022005002953001,9022005002954001,weekend,113.17,1001,9011005021000000,0,113.17,1001
9022005003595002,9022005002028002,weekend,80.23,1001,9011005021000000,0,80.23,1001
9022005080005001,9022005002953001,weekend,61.86,1001,9011005021000000,0,61.86,1001
9022005000042002,9022005000046006,am_rush,90.0,5309,9011005021000000,1,92.29,1016
9022005000042002,9022005000046006,am_rush,90.0,5309,9011005021300000,0,91.18,934
9022005000042002,9022005000046006,am_rush,90.0,5309,9011005021400000,0,92.79,704
9022005000042002,9022005000046006,am_rush,90.0,5309,9011005021500000,0,92.48,704
9022005000042002,9022005000046006,am_rush,90.0,5309,9011005021600000,1,86.14,625
9022005000042002,9022005000046006,am_rush,90.0,5309,9011005021700000,0,89.03,624
9022005000042002,9022005000046006,am_rush,90.0,5309,9011005021800000,0,84.11,702
9022005000046006,9022005000050028,am_rush,445.08,142,9011005021000000,1,445.08,142
9022005000046006,9022005001243002,am_rush,100.49,5373,9011005021000000,1,105.07,874
9022005000046006,9022005001243002,am_rush,100.49,5373,9011005021100000,0,101.45,803
9022005000046006,9022005001243002,am_rush,100.49,5373,9011005021300000,0,99.06,805
9022005000046006,9022005001243002,am_rush,100.49,5373,9011005021400000,0,102.72,606
9022005000046006,9022005001243002,am_rush,100.49,5373,9011005021500000,0,100.37,606
9022005000046006,9022005001243002,am_rush,100.49,5373,9011005021600000,1,98.54,538
9022005000046006,9022005001243002,am_rush,100.49,5373,9011005021700000,0,97.76,537
9022005000046006,9022005001243002,am_rush,100.49,5373,9011005021800000,0,96.56,604
9022005000050028,9022005001458001,am_rush,259.59,705,9011005021000000,1,259.59,705
9022005000155001,9022005002030001,am_rush,49.66,705,9011005021000000,1,49.66,705
9022005000320002,9022005002949002,am_rush,129.66,1014,9011005021000000,1,129.66,1014
9022005000439002,9022005000448002,am_rush,148.51,1015,9011005021000000,1,148.51,1015
9022005000440001,9022005002015001,am_rush,89.12,705,9011005021000000,1,89.12,705
9022005000448002,9022005001332002,am_rush,151.46,1015,9011005021000000,1,151.46,1015
9022005001243002,9022005000050028,am_rush,304.74,875,9011005021000000,1,304.74,875
9022005001458001,9022005000440001,am_rush,44.22,705,9011005021000000,1,44.22,705
9022005002014001,9022005000155001,am_rush,66.35,705,9011005021000000,1,66.35,705
9022005002015001,9022005002014001,am_rush,105.44,705,9011005021000000,1,105.44,705
9022005002024001,9022005000153001,am_rush,126.14,705,9011005021000000,1,126.14,705
9022005002025001,9022005002024001,am_rush,52.39,705,9011005021000000,1,52.39,705
9022005002026001,9022005002025001,am_rush,49.71,705,9011005021000000,1,49.71,705
9022005002028001,9022005003595001,am_rush,92.41,705,9011005021000000,1,92.41,705
9022005002030001,9022005002028001,am_rush,112.29,705,9011005021000000,1,112.29,705
9022005002946002,9022005000439002,am_rush,70.78,1014,9011005021000000,1,70.78,1014
9022005002949002,9022005002946002,am_rush,170.28,1014,9011005021000000,1,170.28,1014
9022005002953002,9022005080005002,am_rush,84.34,1013,9011005021000000,1,84.34,1013
9022005003595001,9022005002026001,am_rush,61.52,705,9011005021000000,1,61.52,705
9022005080005002,9022005000320002,am_rush,88.51,1014,9011005021000000,1,88.51,1014
9022005000042002,9022005000046006,day,99.85,7641,9011005021000000,1,100.54,1046
9022005000042002,9022005000046006,day,99.85,7641,9011005021300000,0,101.94,1524
9022005000042002,9022005000046006,day,99.85,7641,9011005021400000,0,103.04,1047
9022005000042002,9022005000046006,day,99.85,7641,9011005021500000,0,98.52,966
9022005000042002,9022005000046006,day,99.85,7641,9011005021600000,1,99.52,1044
9022005000042002,9022005000046006,day,99.85,7641,9011005021700000,0,97.6,1047
9022005000042002,9022005000046006,day,99.85,7641,9011005021800000,0,96.51,967
9022005000046006,9022005000050028,day,388.64,142,9011005021000000,1,388.64,142
9022005000046006,9022005001243002,day,108.32,7922,9011005021000000,1,108.51,904
9022005000046006,9022005001243002,day,108.32,7922,9011005021100000,0,106.09,1320
9022005000046006,9022005001243002,day,108.32,7922,9011005021300000,0,110.33,1318
9022005000046006,9022005001243002,day,108.32,7922,9011005021400000,0,110.33,905
9022005000046006,9022005001243002,day,108.32,7922,9011005021500000,0,107.84,834
9022005000046006,9022005001243002,day,108.32,7922,9011005021600000,1,111.18,902
9022005000046006,9022005001243002,day,108.32,7922,9011005021700000,0,108.55,904
9022005000046006,9022005001243002,day,108.32,7922,9011005021800000,0,103.44,835
9022005000050028,9022005001458001,day,261.15,1047,9011005021000000,1,261.15,1047
9022005000155001,9022005002030001,day,51.55,1129,9011005021000000,1,51.55,1129
9022005000320002,9022005002949002,day,120.14,1045,9011005021000000,1,120.14,1045
9022005000439002,9022005000448002,day,139.48,1046,9011005021000000,1,139.48,1046
9022005000440001,9022005002015001,day,90.95,1129,9011005021000000,1,90.95,1129
9022005000448002,9022005001332002,day,144.06,1046,9011005021000000,1,144.06,1046
9022005001243002,9022005000050028,day,266.72,904,9011005021000000,1,266.72,904
9022005001458001,9022005000440001,day,43.37,1128,9011005021000000,1,43.37,1128
9022005002014001,9022005000155001,day,64.52,1129,9011005021000000,1,64.52,1129
9022005002015001,9022005002014001,day,101.93,1129,9011005021000000,1,101.93,1129
9022005002024001,9022005000153001,day,122.93,1130,9011005021000000,1,122.93,1130
9022005002025001,9022005002024001,day,55.19,1129,9011005021000000,1,55.19,1129
9022005002026001,9022005002025001,day,59.82,1129,9011005021000000,1,59.82,1129
9022005002028001,9022005003595001,day,96.13,1129,9011005021000000,1,96.13,1129
9022005002030001,9022005002028001,day,120.91,1129,9011005021000000,1,120.91,1129
9022005002946002,9022005000439002,day,64.41,1045,9011005021000000,1,64.41,1045
9022005002949002,9022005002946002,day,160.16,1045,9011005021000000,1,160.16,1045
9022005002953002,9022005080005002,day,74.95,1044,9011005021000000,1,74.95,1044
9022005003595001,9022005002026001,day,68.33,1129,9011005021000000,1,68.33,1129
9022005080005002,9022005000320002,day,78.1,1044,9011005021000000,1,78.1,1044
9022005000042002,9022005000046006,night,82.79,10452,9011005021000000,1,83.32,1211
9022005000042002,9022005000046006,night,82.79,10452,9011005021300000,0,90.21,1775
9022005000042002,9022005000046006,night,82.79,10452,9011005021400000,0,84.89,1528
9022005000042002,9022005000046006,night,82.79,10452,9011005021500000,0,79.83,1530
9022005000042002,9022005000046006,night,82.79,10452,9011005021600000,1,83.54,1432
9022005000042002,9022005000046006,night,82.79,10452,9011005021700000,0,78.2,1447
9022005000042002,9022005000046006,night,82.79,10452,9011005021800000,0,78.27,1529
9022005000046006,9022005000050028,night,343.38,165,9011005021000000,1,343.38,165
9022005000046006,9022005001243002,night,89.58,10628,9011005021000000,1,92.54,1046
9022005000046006,9022005001243002,night,89.58,10628,9011005021100000,0,90.32,1601
9022005000046006,9022005001243002,night,89.58,10628,9011005021300000,0,93.62,1535
9022005000046006,9022005001243002,night,89.58,10628,9011005021400000,0,87.78,1319
9022005000046006,9022005001243002,night,89.58,10628,9011005021500000,0,88.15,1321
9022005000046006,9022005001243002,night,89.58,10628,9011005021600000,1,90.89,1237
9022005000046006,9022005001243002,night,89.58,10628,9011005021700000,0,85.58,1249
9022005000046006,9022005001243002,night,89.58,10628,9011005021800000,0,87.41,1320
9022005000050028,9022005001458001,night,231.63,1211,9011005021000000,1,231.63,1211
9022005000155001,9022005002030001,night,50.21,1211,9011005021000000,1,50.21,1211
9022005000320002,9022005002949002,night,111.07,1211,9011005021000000,1,111.07,1211
9022005000439002,9022005000448002,night,131.91,1211,9011005021000000,1,131.91,1211
9022005000440001,9022005002015001,night,96.05,1211,9011005021000000,1,96.05,1211
9022005000448002,9022005001332002,night,131.99,1211,9011005021000000,1,131.99,1211
9022005001243002,9022005000050028,night,276.12,1046,9011005021000000,1,276.12,1046
9022005001458001,9022005000440001,night,37.17,1211,9011005021000000,1,37.17,1211
9022005002014001,9022005000155001,night,65.55,1211,9011005021000000,1,65.55,1211
9022005002015001,9022005002014001,night,103.96,1211,9011005021000000,1,103.96,1211
9022005002024001,9022005000153001,night,127.39,1211,9011005021000000,1,127.39,1211
9022005002025001,9022005002024001,night,58.06,1211,9011005021000000,1,58.06,1211
9022005002026001,9022005002025001,night,54.96,1211,9011005021000000,1,54.96,1211
9022005002028001,9022005003595001,night,89.34,1211,9011005021000000,1,89.34,1211
9022005002030001,9022005002028001,night,115.65,1211,9011005021000000,1,115.65,1211
9022005002946002,9022005000439002,night,51.85,1211,9011005021000000,1,51.85,1211
9022005002949002,9022005002946002,night,153.7,1211,9011005021000000,1,153.7,1211
9022005002953002,9022005080005002,night,68.7,1211,9011005021000000,1,68.7,1211
9022005003595001,9022005002026001,night,64.85,1211,9011005021000000,1,64.85,1211
9022005080005002,9022005000320002,night,74.35,1211,9011005021000000,1,74.35,1211
9022005000042002,9022005000046006,pm_rush,105.5,3724,9011005021000000,1,105.1,648
9022005000042002,9022005000046006,pm_rush,105.5,3724,9011005021300000,0,110.28,647
9022005000042002,9022005000046006,pm_rush,105.5,3724,9011005021400000,0,109.13,485
9022005000042002,9022005000046006,pm_rush,105.5,3724,9011005021500000,0,102.13,486
9022005000042002,9022005000046006,pm_rush,105.5,3724,9011005021600000,1,104.37,486
9022005000042002,9022005000046006,pm_rush,105.5,3724,9011005021700000,0,103.6,486
9022005000042002,9022005000046006,pm_rush,105.5,3724,9011005021800000,0,102.43,486
9022005000046006,9022005000050028,pm_rush,389.17,88,9011005021000000,1,389.17,88
9022005000046006,9022005001243002,pm_rush,114.87,3778,9011005021000000,1,115.95,560
9022005000046006,9022005001243002,pm_rush,114.87,3778,9011005021100000,0,112.11,560
9022005000046006,9022005001243002,pm_rush,114.87,3778,9011005021300000,0,117.84,559
9022005000046006,9022005001243002,pm_rush,114.87,3778,9011005021400000,0,117.69,419
9022005000046006,9022005001243002,pm_rush,114.87,3778,9011005021500000,0,112.4,420
9022005000046006,9022005001243002,pm_rush,114.87,3778,9011005021600000,1,115.2,420
9022005000046006,9022005001243002,pm_rush,114.87,3778,9011005021700000,0,115.5,420
9022005000046006,9022005001243002,pm_rush,114.87,3778,9011005021800000,0,111.83,420
9022005000050028,9022005001458001,pm_rush,285.01,648,9011005021000000,1,285.01,648
9022005000155001,9022005002030001,pm_rush,52.22,648,9011005021000000,1,52.22,648
9022005000320002,9022005002949002,pm_rush,113.72,648,9011005021000000,1,113.72,648
9022005000439002,9022005000448002,pm_rush,144.27,648,9011005021000000,1,144.27,648
9022005000440001,9022005002015001,pm_rush,91.23,648,9011005021000000,1,91.23,648
9022005000448002,9022005001332002,pm_rush,150.27,648,9011005021000000,1,150.27,648
9022005001243002,9022005000050028,pm_rush,275.7,560,9011005021000000,1,275.7,560
9022005001458001,9022005000440001,pm_rush,41.69,648,9011005021000000,1,41.69,648
9022005002014001,9022005000155001,pm_rush,63.89,648,9011005021000000,1,63.89,648
9022005002015001,9022005002014001,pm_rush,94.89,648,9011005021000000,1,94.89,648
9022005002024001,9022005000153001,pm_rush,128.15,648,9011005021000000,1,128.15,648
9022005002025001,9022005002024001,pm_rush,54.18,648,9011005021000000,1,54.18,648
9022005002026001,9022005002025001,pm_rush,63.33,648,9011005021000000,1,63.33,648
9022005002028001,9022005003595001,pm_rush,100.42,648,9011005021000000,1,100.42,648
9022005002030001,9022005002028001,pm_rush,126.95,648,9011005021000000,1,126.95,648
9022005002946002,9022005000439002,pm_rush,65.24,648,9011005021000000,1,65.24,648
9022005002949002,9022005002946002,pm_rush,155.66,648,9011005021000000,1,155.66,648
9022005002953002,9022005080005002,pm_rush,70.96,648,9011005021000000,1,70.96,648
9022005003595001,9022005002026001,pm_rush,73.37,648,9011005021000000,1,73.37,648
9022005080005002,9022005000320002,pm_rush,69.87,648,9011005021000000,1,69.87,648
9022005000042002,9022005000046006,weekend,85.76,7862,9011005021000000,1,85.66,1034
9022005000042002,9022005000046006,weekend,85.76,7862,9011005021300000,0,90.99,1382
9022005000042002,9022005000046006,weekend,85.76,7862,9011005021400000,0,88.2,1073
9022005000042002,9022005000046006,weekend,85.76,7862,9011005021500000,0,83.22,1079
9022005000042002,9022005000046006,weekend,85.76,7862,9011005021600000,1,86.09,1151
9022005000042002,9022005000046006,weekend,85.76,7862,9011005021700000,0,83.45,1104
9022005000042002,9022005000046006,weekend,85.76,7862,9011005021800000,0,81.08,1039
9022005000046006,9022005000050028,weekend,310.49,130,9011005021000000,1,310.49,130
9022005000046006,9022005001243002,weekend,91.16,7975,9011005021000000,1,91.22,904
9022005000046006,9022005001243002,weekend,91.16,7975,9011005021100000,0,90.42,1104
9022005000046006,9022005001243002,weekend,91.16,7975,9011005021300000,0,93.94,1208
9022005000046006,9022005001243002,weekend,91.16,7975,9011005021400000,0,91.42,937
9022005000046006,9022005001243002,weekend,91.16,7975,9011005021500000,0,91.18,943
9022005000046006,9022005001243002,weekend,91.16,7975,9011005021600000,1,90.29,1007
9022005000046006,9022005001243002,weekend,91.16,7975,9011005021700000,0,90.15,964
9022005000046006,9022005001243002,weekend,91.16,7975,9011005021800000,0,90.07,908
9022005000050028,9022005001458001,weekend,227.4,1034,9011005021000000,1,227.4,1034
9022005000155001,9022005002030001,weekend,49.33,1034,9011005021000000,1,49.33,1034
9022005000320002,9022005002949002,weekend,115.77,1034,9011005021000000,1,115.77,1034
9022005000439002,9022005000448002,weekend,134.21,1034,9011005021000000,1,134.21,1034
9022005000440001,9022005002015001,weekend,69.03,1034,9011005021000000,1,69.03,1034
9022005000448002,9022005001332002,weekend,133.14,1034,9011005021000000,1,133.14,1034
9022005001243002,9022005000050028,weekend,214.27,904,9011005021000000,1,214.27,904
9022005001458001,9022005000440001,weekend,36.2,1034,9011005021000000,1,36.2,1034
9022005002014001,9022005000155001,weekend,63.55,1034,9011005021000000,1,63.55,1034
9022005002015001,9022005002014001,weekend,100.34,1034,9011005021000000,1,100.34,1034
9022005002024001,9022005000153001,weekend,130.61,1034,9011005021000000,1,130.61,1034
9022005002025001,9022005002024001,weekend,55.51,1034,9011005021000000,1,55.51,1034
9022005002026001,9022005002025001,weekend,53.49,1034,9011005021000000,1,53.49,1034
9022005002028001,9022005003595001,weekend,83.97,1034,9011005021000000,1,83.97,1034
9022005002030001,9022005002028001,weekend,113.27,1034,9011005021000000,1,113.27,1034
9022005002946002,9022005000439002,weekend,55.64,1034,9011005021000000,1,55.64,1034
9022005002949002,9022005002946002,weekend,155.96,1034,9011005021000000,1,155.96,1034
9022005002953002,9022005080005002,weekend,71.29,1033,9011005021000000,1,71.29,1033
9022005003595001,9022005002026001,weekend,59.78,1034,9011005021000000,1,59.78,1034
9022005080005002,9022005000320002,weekend,77.05,1034,9011005021000000,1,77.05,1034
9022005000046006,9022005000050008,am_rush,330.46,129,9011005021100000,0,330.46,129
9022005000216001,9022005001262002,am_rush,55.21,1865,9011005021100000,0,53.01,932
9022005000216001,9022005001262002,am_rush,55.21,1865,9011005021300000,0,57.41,933
9022005000230002,9022005001321002,am_rush,68.01,932,9011005021100000,0,68.01,932
9022005001243002,9022005000050008,am_rush,161.86,803,9011005021100000,0,161.86,803
9022005001261002,9022005001323001,am_rush,127.92,932,9011005021100000,0,127.92,932
9022005001262002,9022005001261002,am_rush,45.52,1865,9011005021100000,0,43.67,932
9022005001262002,9022005001261002,am_rush,45.52,1865,9011005021300000,0,47.36,933
9022005001319002,9022005000046006,am_rush,142.35,932,9011005021100000,0,142.35,932
9022005001320002,9022005001319002,am_rush,68.65,932,9011005021100000,0,68.65,932
9022005001321002,9022005001320002,am_rush,63.72,932,9011005021100000,0,63.72,932
9022005001323001,9022005000230002,am_rush,83.83,932,9011005021100000,0,83.83,932
9022005003854002,9022005000216001,am_rush,78.05,932,9011005021100000,0,78.05,932
9022005000046006,9022005000050008,day,311.5,208,9011005021100000,0,311.5,208
9022005000216001,9022005001262002,day,50.66,3052,9011005021100000,0,49.03,1528
9022005000216001,9022005001262002,day,50.66,3052,9011005021300000,0,52.29,1524
9022005000230002,9022005001321002,day,71.69,1528,9011005021100000,0,71.69,1528
9022005001243002,9022005000050008,day,166.6,1320,9011005021100000,0,166.6,1320
9022005001261002,9022005001323001,day,109.24,1528,9011005021100000,0,109.24,1528
9022005001262002,9022005001261002,day,40.31,3052,9011005021100000,0,38.88,1528
9022005001262002,9022005001261002,day,40.31,3052,9011005021300000,0,41.74,1524
9022005001319002,9022005000046006,day,152.29,1528,9011005021100000,0,152.29,1528
9022005001320002,9022005001319002,day,64.61,1528,9011005021100000,0,64.61,1528
9022005001321002,9022005001320002,day,64.57,1528,9011005021100000,0,64.57,1528
9022005001323001,9022005000230002,day,70.42,1528,9011005021100000,0,70.42,1528
9022005003854002,9022005000216001,day,81.26,1528,9011005021100000,0,81.26,1528
9022005000046006,9022005000050008,night,298.42,252,9011005021100000,0,298.42,252
9022005000216001,9022005001262002,night,45.76,3627,9011005021100000,0,46.48,1854
9022005000216001,9022005001262002,night,45.76,3627,9011005021300000,0,45.01,1773
9022005000230002,9022005001321002,night,54.69,1853,9011005021100000,0,54.69,1853
9022005001243002,9022005000050008,night,177.85,1600,9011005021100000,0,177.85,1600
9022005001261002,9022005001323001,night,101.59,1853,9011005021100000,0,101.59,1853
9022005001262002,9022005001261002,night,35.69,3628,9011005021100000,0,36.14,1854
9022005001262002,9022005001261002,night,35.69,3628,9011005021300000,0,35.21,1774
9022005001319002,9022005000046006,night,129.65,1853,9011005021100000,0,129.65,1853
9022005001320002,9022005001319002,night,61.34,1853,9011005021100000,0,61.34,1853
9022005001321002,9022005001320002,night,52.38,1853,9011005021100000,0,52.38,1853
9022005001323001,9022005000230002,night,65.06,1853,9011005021100000,0,65.06,1853
9022005003854002,9022005000216001,night,71.91,1854,9011005021100000,0,71.91,1854
9022005000046006,9022005000050008,pm_rush,302.15,88,9011005021100000,0,302.15,88
9022005000216001,9022005001262002,pm_rush,50.44,1294,9011005021100000,0,50.71,647
9022005000216001,9022005001262002,pm_rush,50.44,1294,9011005021300000,0,50.17,647
9022005000230002,9022005001321002,pm_rush,74.33,647,9011005021100000,0,74.33,647
9022005001243002,9022005000050008,pm_rush,177.42,560,9011005021100000,0,177.42,560
9022005001261002,9022005001323001,pm_rush,142.23,647,9011005021100000,0,142.23,647
9022005001262002,9022005001261002,pm_rush,38.99,1294,9011005021100000,0,39.48,647
9022005001262002,9022005001261002,pm_rush,38.99,1294,9011005021300000,0,38.51,647
9022005001319002,9022005000046006,pm_rush,179.33,648,9011005021100000,0,179.33,648
9022005001320002,9022005001319002,pm_rush,94.81,647,9011005021100000,0,94.81,647
9022005001321002,9022005001320002,pm_rush,74.57,647,9011005021100000,0,74.57,647
9022005001323001,9022005000230002,pm_rush,72.0,647,9011005021100000,0,72.0,647
9022005003854002,9022005000216001,pm_rush,84.08,647,9011005021100000,0,84.08,647
9022005000046006,9022005000050008,weekend,286.48,160,9011005021100000,0,286.48,160
9022005000216001,9022005001262002,weekend,48.39,2645,9011005021100000,0,48.46,1263
9022005000216001,9022005001262002,weekend,48.39,2645,9011005021300000,0,48.33,1382
9022005000230002,9022005001321002,weekend,58.38,1264,9011005021100000,0,58.38,1264
9022005001243002,9022005000050008,weekend,164.46,1104,9011005021100000,0,164.46,1104
9022005001261002,9022005001323001,weekend,98.07,1264,9011005021100000,0,98.07,1264
9022005001262002,9022005001261002,weekend,37.93,2646,9011005021100000,0,37.92,1264
9022005001262002,9022005001261002,weekend,37.93,2646,9011005021300000,0,37.93,1382
9022005001319002,9022005000046006,weekend,133.3,1264,9011005021100000,0,133.3,1264
9022005001320002,9022005001319002,weekend,58.73,1264,9011005021100000,0,58.73,1264
9022005001321002,9022005001320002,weekend,54.54,1264,9011005021100000,0,54.54,1264
9022005001323001,9022005000230002,weekend,65.77,1264,9011005021100000,0,65.77,1264
9022005003854002,9022005000216001,weekend,75.42,1263,9011005021100000,0,75.42,1263
9022005000046003,9022005001319001,am_rush,154.41,857,9011005021100000,1,154.41,857
9022005000216002,9022005003854001,am_rush,62.4,858,9011005021100000,1,62.4,858
9022005000230001,9022005001323003,am_rush,80.1,857,9011005021100000,1,80.1,857
9022005001261001,9022005001262001,am_rush,28.79,1717,9011005021100000,1,30.15,858
9022005001261001,9022005001262001,am_rush,28.79,1717,9011005021300000,1,27.44,859
9022005001262001,9022005000216002,am_rush,59.66,1717,9011005021100000,1,60.27,858
9022005001262001,9022005000216002,am_rush,59.66,1717,9011005021300000,1,59.05,859
9022005001319001,9022005001320001,am_rush,41.62,857,9011005021100000,1,41.62,857
9022005001320001,9022005001321001,am_rush,47.31,857,9011005021100000,1,47.31,857
9022005001321001,9022005000230001,am_rush,45.16,857,9011005021100000,1,45.16,857
9022005001323003,9022005001261001,am_rush,103.41,858,9011005021100000,1,103.41,858
9022005003854001,9022005000231001,am_rush,80.07,858,9011005021100000,1,80.07,858
9022005000046003,9022005001319001,day,158.51,1448,9011005021100000,1,158.51,1448
9022005000216002,9022005003854001,day,66.73,1449,9011005021100000,1,66.73,1449
9022005000230001,9022005001323003,day,75.3,1449,9011005021100000,1,75.3,1449
9022005001261001,9022005001262001,day,32.36,2981,9011005021100000,1,31.78,1449
9022005001261001,9022005001262001,day,32.36,2981,9011005021300000,1,32.91,1532
9022005001262001,9022005000216002,day,63.81,2981,9011005021100000,1,60.34,1449
9022005001262001,9022005000216002,day,63.81,2981,9011005021300000,1,67.1,1532
9022005001319001,9022005001320001,day,37.35,1448,9011005021100000,1,37.35,1448
9022005001320001,9022005001321001,day,50.21,1449,9011005021100000,1,50.21,1449
9022005001321001,9022005000230001,day,49.58,1449,9011005021100000,1,49.58,1449
9022005001323003,9022005001261001,day,97.09,1449,9011005021100000,1,97.09,1449
9022005003854001,9022005000231001,day,78.49,1449,9011005021100000,1,78.49,1449
9022005000046003,9022005001319001,night,145.25,1855,9011005021100000,1,145.25,1855
9022005000216002,9022005003854001,night,66.23,1855,9011005021100000,1,66.23,1855
9022005000230001,9022005001323003,night,72.4,1855,9011005021100000,1,72.4,1855
9022005001261001,9022005001262001,night,32.98,3631,9011005021100000,1,32.84,1855
9022005001261001,9022005001262001,night,32.98,3631,9011005021300000,1,33.13,1776
9022005001262001,9022005000216002,night,60.49,3631,9011005021100000,1,59.23,1855
9022005001262001,9022005000216002,night,60.49,3631,9011005021300000,1,61.8,1776
9022005001319001,9022005001320001,night,35.67,1855,9011005021100000,1,35.67,1855
9022005001320001,9022005001321001,night,43.31,1855,9011005021100000,1,43.31,1855
9022005001321001,9022005000230001,night,44.2,1855,9011005021100000,1,44.2,1855
9022005001323003,9022005001261001,night,97.14,1855,9011005021100000,1,97.14,1855
9022005003854001,9022005000231001,night,76.44,1855,9011005021100000,1,76.44,1855
9022005000046003,9022005001319001,pm_rush,186.59,648,9011005021100000,1,186.59,648
9022005000216002,9022005003854001,pm_rush,75.26,648,9011005021100000,1,75.26,648
9022005000230001,9022005001323003,pm_rush,81.37,648,9011005021100000,1,81.37,648
9022005001261001,9022005001262001,pm_rush,36.48,1296,9011005021100000,1,35.33,648
9022005001261001,9022005001262001,pm_rush,36.48,1296,9011005021300000,1,37.64,648
9022005001262001,9022005000216002,pm_rush,67.75,1296,9011005021100000,1,65.55,648
9022005001262001,9022005000216002,pm_rush,67.75,1296,9011005021300000,1,69.95,648
9022005001319001,9022005001320001,pm_rush,43.32,648,9011005021100000,1,43.32,648
9022005001320001,9022005001321001,pm_rush,52.74,648,9011005021100000,1,52.74,648
9022005001321001,9022005000230001,pm_rush,55.48,648,9011005021100000,1,55.48,648
9022005001323003,9022005001261001,pm_rush,129.76,648,9011005021100000,1,129.76,648
9022005003854001,9022005000231001,pm_rush,82.3,648,9011005021100000,1,82.3,648
9022005000046003,9022005001319001,weekend,144.48,1232,9011005021100000,1,144.48,1232
9022005000216002,9022005003854001,weekend,65.72,1232,9011005021100000,1,65.72,1232
9022005000230001,9022005001323003,weekend,71.55,1232,9011005021100000,1,71.55,1232
9022005001261001,9022005001262001,weekend,32.91,2599,9011005021100000,1,32.84,1232
9022005001261001,9022005001262001,weekend,32.91,2599,9011005021300000,1,32.98,1367
9022005001262001,9022005000216002,weekend,62.97,2599,9011005021100000,1,59.44,1232
9022005001262001,9022005000216002,weekend,62.97,2599,9011005021300000,1,66.15,1367
9022005001319001,9022005001320001,weekend,36.12,1232,9011005021100000,1,36.12,1232
9022005001320001,9022005001321001,weekend,43.79,1232,9011005021100000,1,43.79,1232
9022005001321001,9022005000230001,weekend,43.2,1232,9011005021100000,1,43.2,1232
9022005001323003,9022005001261001,weekend,95.41,1232,9011005021100000,1,95.41,1232
9022005003854001,9022005000231001,weekend,78.3,1232,9011005021100000,1,78.3,1232
9022005000213001,9022005003870001,am_rush,60.94,781,9011005021200000,0,60.94,781
9022005001223001,9022005000050013,am_rush,167.16,781,9011005021200000,0,167.16,781
9022005001253001,9022005003848001,am_rush,122.48,781,9011005021200000,0,122.48,781
9022005001256002,9022005000215001,am_rush,173.39,781,9011005021200000,0,173.39,781
9022005001257002,9022005001256002,am_rush,34.84,781,9011005021200000,0,34.84,781
9022005003847001,9022005001257002,am_rush,67.63,781,9011005021200000,0,67.63,781
9022005003848001,9022005000417001,am_rush,117.92,781,9011005021200000,0,117.92,781
9022005003870001,9022005004232001,am_rush,139.28,781,9011005021200000,0,139.28,781
9022005004232001,9022005003847001,am_rush,48.86,860,9011005021200000,0,48.43,781
9022005004232001,9022005003847001,am_rush,48.86,860,9011005022600000,1,53.16,79
9022005000213001,9022005003870001,day,50.03,1367,9011005021200000,0,50.03,1367
9022005001223001,9022005000050013,day,160.91,1367,9011005021200000,0,160.91,1367
9022005001253001,9022005003848001,day,120.04,1367,9011005021200000,0,120.04,1367
9022005001256002,9022005000215001,day,167.46,1368,9011005021200000,0,167.46,1368
9022005001257002,9022005001256002,day,54.09,1608,9011005021200000,0,52.53,1367
9022005001257002,9022005001256002,day,54.09,1608,9011005022000000,0,62.93,241
9022005003847001,9022005001257002,day,76.13,1608,9011005021200000,0,75.2,1367
9022005003847001,9022005001257002,day,76.13,1608,9011005022000000,0,81.42,241
9022005003848001,9022005000417001,day,110.87,1367,9011005021200000,0,110.87,1367
9022005003870001,9022005004232001,day,132.79,1367,9011005021200000,0,132.79,1367
9022005004232001,9022005003847001,day,56.33,2091,9011005021200000,0,57.8,1367
9022005004232001,9022005003847001,day,56.33,2091,9011005022000000,0,60.81,241
9022005004232001,9022005003847001,day,56.33,2091,9011005022600000,1,49.94,483
9022005000213001,9022005003870001,night,45.21,726,9011005021200000,0,45.21,726
9022005001223001,9022005000050013,night,175.64,727,9011005021200000,0,175.64,727
9022005001253001,9022005003848001,night,108.45,727,9011005021200000,0,108.45,727
9022005001256002,9022005000215001,night,170.08,726,9011005021200000,0,170.08,726
9022005001257002,9022005001256002,night,56.37,888,9011005021200000,0,53.65,726
9022005001257002,9022005001256002,night,56.37,888,9011005022000000,0,68.54,162
9022005003847001,9022005001257002,night,78.12,888,9011005021200000,0,75.89,726
9022005003847001,9022005001257002,night,78.12,888,9011005022000000,0,88.1,162
9022005003848001,9022005000417001,night,105.9,727,9011005021200000,0,105.9,727
9022005003870001,9022005004232001,night,135.72,726,9011005021200000,0,135.72,726
9022005004232001,9022005003847001,night,58.9,1049,9011005021200000,0,58.65,726
9022005004232001,9022005003847001,night,58.9,1049,9011005022000000,0,65.15,162
9022005004232001,9022005003847001,night,58.9,1049,9011005022200000,0,67.3,80
9022005004232001,9022005003847001,night,58.9,1049,9011005022600000,1,40.3,81
9022005000213001,9022005003870001,pm_rush,49.88,486,9011005021200000,0,49.88,486
9022005001223001,9022005000050013,pm_rush,166.02,486,9011005021200000,0,166.02,486
9022005001253001,9022005003848001,pm_rush,140.64,486,9011005021200000,0,140.64,486
9022005001256002,9022005000215001,pm_rush,178.08,486,9011005021200000,0,178.08,486
9022005001257002,9022005001256002,pm_rush,66.8,972,9011005021200000,0,63.19,486
9022005001257002,9022005001256002,pm_rush,66.8,972,9011005022000000,0,70.41,486
9022005003847001,9022005001257002,pm_rush,93.07,972,9011005021200000,0,90.79,486
9022005003847001,9022005001257002,pm_rush,93.07,972,9011005022000000,0,95.34,486
9022005003848001,9022005000417001,pm_rush,132.14,486,9011005021200000,0,132.14,486
9022005003870001,9022005004232001,pm_rush,145.91,486,9011005021200000,0,145.91,486
9022005004232001,9022005003847001,pm_rush,66.49,1377,9011005021200000,0,70.38,486
9022005004232001,9022005003847001,pm_rush,66.49,1377,9011005022000000,0,68.33,486
9022005004232001,9022005003847001,pm_rush,66.49,1377,9011005022200000,0,67.95,243
9022005004232001,9022005003847001,pm_rush,66.49,1377,9011005022600000,1,47.13,162
9022005000213001,9022005003870001,weekend,47.37,480,9011005021200000,0,47.37,480
9022005001223001,9022005000050013,weekend,172.07,480,9011005021200000,0,172.07,480
9022005001253001,9022005003848001,weekend,111.66,480,9011005021200000,0,111.66,480
9022005001256002,9022005000215001,weekend,169.85,480,9011005021200000,0,169.85,480
9022005001257002,9022005001256002,weekend,35.74,480,9011005021200000,0,35.74,480
9022005003847001,9022005001257002,weekend,62.49,480,9011005021200000,0,62.49,480
9022005003848001,9022005000417001,weekend,94.54,480,9011005021200000,0,94.54,480
9022005003870001,9022005004232001,weekend,122.71,480,9011005021200000,0,122.71,480
9022005004232001,9022005003847001,weekend,41.97,704,9011005021200000,0,43.63,480
9022005004232001,9022005003847001,weekend,41.97,704,9011005022600000,1,38.4,224
9022005000215002,9022005001256001,am_rush,195.85,779,9011005021200000,1,195.85,779
9022005000417002,9022005003848002,am_rush,138.05,779,9011005021200000,1,138.05,779
9022005001223002,9022005000417002,am_rush,102.36,779,9011005021200000,1,102.36,779
9022005001256001,9022005001257001,am_rush,55.13,1324,9011005021200000,1,54.89,780
9022005001256001,9022005001257001,am_rush,55.13,1324,9011005022000000,1,55.47,544
9022005001257001,9022005003847002,am_rush,83.87,1326,9011005021200000,1,82.12,781
9022005001257001,9022005003847002,am_rush,83.87,1326,9011005022000000,1,86.38,545
9022005001275002,9022005000418003,am_rush,67.36,781,9011005021200000,1,67.36,781
9022005003847002,9022005004232002,am_rush,85.81,781,9011005021200000,1,85.81,781
9022005003848002,9022005001253002,am_rush,104.62,779,9011005021200000,1,104.62,779
9022005003870002,9022005000213002,am_rush,41.69,781,9011005021200000,1,41.69,781
9022005004232002,9022005003870002,am_rush,101.78,781,9011005021200000,1,101.78,781
9022005000215002,9022005001256001,day,194.17,1449,9011005021200000,1,194.17,1449
9022005000417002,9022005003848002,day,129.06,1447,9011005021200000,1,129.06,1447
9022005001223002,9022005000417002,day,102.12,1447,9011005021200000,1,102.12,1447
9022005001256001,9022005001257001,day,52.89,1610,9011005021200000,1,52.66,1449
9022005001256001,9022005001257001,day,52.89,1610,9011005022000000,1,54.98,161
9022005001257001,9022005003847002,day,76.02,1610,9011005021200000,1,76.05,1449
9022005001257001,9022005003847002,day,76.02,1610,9011005022000000,1,75.76,161
9022005001275002,9022005000418003,day,67.87,1449,9011005021200000,1,67.87,1449
9022005003847002,9022005004232002,day,81.19,1449,9011005021200000,1,81.19,1449
9022005003848002,9022005001253002,day,98.14,1448,9011005021200000,1,98.14,1448
9022005003870002,9022005000213002,day,43.43,1449,9011005021200000,1,43.43,1449
9022005004232002,9022005003870002,day,103.42,1449,9011005021200000,1,103.42,1449
9022005000215002,9022005001256001,night,188.31,723,9011005021200000,1,188.31,723
9022005000417002,9022005003848002,night,116.59,723,9011005021200000,1,116.59,723
9022005001223002,9022005000417002,night,90.95,723,9011005021200000,1,90.95,723
9022005001256001,9022005001257001,night,40.96,723,9011005021200000,1,40.96,723
9022005001257001,9022005003847002,night,60.27,723,9011005021200000,1,60.27,723
9022005001275002,9022005000418003,night,63.89,723,9011005021200000,1,63.89,723
9022005003847002,9022005004232002,night,75.69,723,9011005021200000,1,75.69,723
9022005003848002,9022005001253002,night,90.21,723,9011005021200000,1,90.21,723
9022005003870002,9022005000213002,night,45.71,723,9011005021200000,1,45.71,723
9022005004232002,9022005003870002,night,103.26,723,9011005021200000,1,103.26,723
9022005000215002,9022005001256001,pm_rush,196.07,567,9011005021200000,1,196.07,567
9022005000417002,9022005003848002,pm_rush,218.28,567,9011005021200000,1,218.28,567
9022005001223002,9022005000417002,pm_rush,108.57,567,9011005021200000,1,108.57,567
9022005001256001,9022005001257001,pm_rush,45.44,567,9011005021200000,1,45.44,567
9022005001257001,9022005003847002,pm_rush,73.38,567,9011005021200000,1,73.38,567
9022005001275002,9022005000418003,pm_rush,65.23,566,9011005021200000,1,65.23,566
9022005003847002,9022005004232002,pm_rush,76.21,567,9011005021200000,1,76.21,567
9022005003848002,9022005001253002,pm_rush,112.3,567,9011005021200000,1,112.3,567
9022005003870002,9022005000213002,pm_rush,53.25,567,9011005021200000,1,53.25,567
9022005004232002,9022005003870002,pm_rush,114.66,567,9011005021200000,1,114.66,567
9022005000215002,9022005001256001,weekend,181.7,480,9011005021200000,1,181.7,480
9022005000417002,9022005003848002,weekend,101.31,480,9011005021200000,1,101.31,480
9022005001223002,9022005000417002,weekend,83.54,480,9011005021200000,1,83.54,480
9022005001256001,9022005001257001,weekend,36.39,480,9011005021200000,1,36.39,480
9022005001257001,9022005003847002,weekend,56.66,480,9011005021200000,1,56.66,480
9022005001275002,9022005000418003,weekend,66.42,480,9011005021200000,1,66.42,480
9022005003847002,9022005004232002,weekend,77.71,480,9011005021200000,1,77.71,480
9022005003848002,9022005001253002,weekend,87.35,480,9011005021200000,1,87.35,480
9022005003870002,9022005000213002,weekend,42.35,480,9011005021200000,1,42.35,480
9022005004232002,9022005003870002,weekend,100.49,480,9011005021200000,1,100.49,480
9022005000046006,9022005000050011,am_rush,479.06,129,9011005021300000,0,479.06,129
9022005000050011,9022005000423002,am_rush,282.63,934,9011005021300000,0,282.63,934
9022005000095002,9022005001604002,am_rush,47.79,818,9011005021300000,0,47.79,818
9022005000096002,9022005004078002,am_rush,41.64,938,9011005021300000,0,41.64,938
9022005000351002,9022005001610002,am_rush,112.47,936,9011005021300000,0,112.47,936
9022005000423002,9022005000351002,am_rush,84.57,935,9011005021300000,0,84.57,935
9022005001243002,9022005000050011,am_rush,298.48,805,9011005021300000,0,298.48,805
9022005001261002,9022005001252002,am_rush,87.6,934,9011005021300000,0,87.6,934
9022005001322002,9022005001327002,am_rush,32.92,938,9011005021300000,0,32.92,938
9022005001346002,9022005000216001,am_rush,105.49,933,9011005021300000,0,105.49,933
9022005001348002,9022005001346002,am_rush,42.17,933,9011005021300000,0,42.17,933
9022005001460002,9022005000095002,am_rush,85.82,817,9011005021300000,0,85.82,817
9022005001460004,9022005001604002,am_rush,28.76,108,9011005021300000,0,28.76,108
9022005001604002,9022005000096002,am_rush,78.1,938,9011005021300000,0,78.1,938
9022005001605002,9022005001460002,am_rush,66.47,817,9011005021300000,0,66.47,817
9022005001605002,9022005001460004,am_rush,144.05,108,9011005021300000,0,144.05,108
9022005001605002,9022005080007002,am_rush,149.17,12,9011005021300000,0,149.17,12
9022005001607002,9022005001605002,am_rush,116.88,937,9011005021300000,0,116.88,937
9022005001609002,9022005001607002,am_rush,45.81,937,9011005021300000,0,45.81,937
9022005001610002,9022005001609002,am_rush,41.84,937,9011005021300000,0,41.84,937
9022005004078002,9022005001322002,am_rush,70.92,938,9011005021300000,0,70.92,938
9022005080007002,9022005001604002,am_rush,35.5,12,9011005021300000,0,35.5,12
9022005000046006,9022005000050011,day,383.17,206,9011005021300000,0,383.17,206
9022005000050011,9022005000423002,day,278.4,1526,9011005021300000,0,278.4,1526
9022005000095002,9022005001604002,day,50.28,1340,9011005021300000,0,50.28,1340
9022005000096002,9022005004078002,day,46.83,1530,9011005021300000,0,46.83,1530
9022005000351002,9022005001610002,day,109.66,1529,9011005021300000,0,109.66,1529
9022005000423002,9022005000351002,day,88.7,1526,9011005021300000,0,88.7,1526
9022005001243002,9022005000050011,day,221.78,1318,9011005021300000,0,221.78,1318
9022005001261002,9022005001252002,day,79.34,1524,9011005021300000,0,79.34,1524
9022005001322002,9022005001327002,day,31.22,1530,9011005021300000,0,31.22,1530
9022005001346002,9022005000216001,day,100.27,1522,9011005021300000,0,100.27,1522
9022005001348002,9022005001346002,day,36.86,1522,9011005021300000,0,36.86,1522
9022005001460002,9022005000095002,day,87.99,1340,9011005021300000,0,87.99,1340
9022005001460004,9022005001604002,day,34.57,171,9011005021300000,0,34.57,171
9022005001604002,9022005000096002,day,81.1,1530,9011005021300000,0,81.1,1530
9022005001605002,9022005001460002,day,66.89,1340,9011005021300000,0,66.89,1340
9022005001605002,9022005001460004,day,154.43,171,9011005021300000,0,154.43,171
9022005001605002,9022005080007002,day,144.95,19,9011005021300000,0,144.95,19
9022005001607002,9022005001605002,day,106.68,1530,9011005021300000,0,106.68,1530
9022005001609002,9022005001607002,day,37.48,1530,9011005021300000,0,37.48,1530
9022005001610002,9022005001609002,day,37.12,1530,9011005021300000,0,37.12,1530
9022005004078002,9022005001322002,day,72.06,1530,9011005021300000,0,72.06,1530
9022005080007002,9022005001604002,day,52.89,19,9011005021300000,0,52.89,19
9022005000046006,9022005000050011,night,438.6,240,9011005021300000,0,438.6,240
9022005000050011,9022005000423002,night,243.67,1775,9011005021300000,0,243.67,1775
9022005000095002,9022005001604002,night,48.09,1556,9011005021300000,0,48.09,1556
9022005000096002,9022005004078002,night,46.01,1776,9011005021300000,0,46.01,1776
9022005000351002,9022005001610002,night,98.67,1776,9011005021300000,0,98.67,1776
9022005000423002,9022005000351002,night,78.18,1776,9011005021300000,0,78.18,1776
9022005001243002,9022005000050011,night,292.18,1535,9011005021300000,0,292.18,1535
9022005001261002,9022005001252002,night,75.64,1774,9011005021300000,0,75.64,1774
9022005001322002,9022005001327002,night,36.09,1776,9011005021300000,0,36.09,1776
9022005001346002,9022005000216001,night,90.82,1773,9011005021300000,0,90.82,1773
9022005001348002,9022005001346002,night,37.46,1771,9011005021300000,0,37.46,1771
9022005001460002,9022005000095002,night,82.84,1556,9011005021300000,0,82.84,1556
9022005001460004,9022005001604002,night,30.16,199,9011005021300000,0,30.16,199
9022005001604002,9022005000096002,night,80.28,1776,9011005021300000,0,80.28,1776
9022005001605002,9022005001460002,night,55.65,1556,9011005021300000,0,55.65,1556
9022005001605002,9022005001460004,night,123.88,199,9011005021300000,0,123.88,199
9022005001605002,9022005080007002,night,111.95,21,9011005021300000,0,111.95,21
9022005001607002,9022005001605002,night,105.23,1776,9011005021300000,0,105.23,1776
9022005001609002,9022005001607002,night,34.16,1776,9011005021300000,0,34.16,1776
9022005001610002,9022005001609002,night,31.55,1776,9011005021300000,0,31.55,1776
9022005004078002,9022005001322002,night,69.81,1776,9011005021300000,0,69.81,1776
9022005080007002,9022005001604002,night,75.1,21,9011005021300000,0,75.1,21
9022005000046006,9022005000050011,pm_rush,435.91,88,9011005021300000,0,435.91,88
9022005000050011,9022005000423002,pm_rush,313.83,647,9011005021300000,0,313.83,647
9022005000095002,9022005001604002,pm_rush,57.51,568,9011005021300000,0,57.51,568
9022005000096002,9022005004078002,pm_rush,54.72,648,9011005021300000,0,54.72,648
9022005000351002,9022005001610002,pm_rush,174.79,648,9011005021300000,0,174.79,648
9022005000423002,9022005000351002,pm_rush,91.12,647,9011005021300000,0,91.12,647
9022005001243002,9022005000050011,pm_rush,275.69,559,9011005021300000,0,275.69,559
9022005001261002,9022005001252002,pm_rush,100.25,647,9011005021300000,0,100.25,647
9022005001322002,9022005001327002,pm_rush,31.3,648,9011005021300000,0,31.3,648
9022005001346002,9022005000216001,pm_rush,104.24,647,9011005021300000,0,104.24,647
9022005001348002,9022005001346002,pm_rush,27.74,647,9011005021300000,0,27.74,647
9022005001460002,9022005000095002,pm_rush,94.98,568,9011005021300000,0,94.98,568
9022005001460004,9022005001604002,pm_rush,39.53,72,9011005021300000,0,39.53,72
9022005001604002,9022005000096002,pm_rush,87.19,648,9011005021300000,0,87.19,648
9022005001605002,9022005001460002,pm_rush,88.73,568,9011005021300000,0,88.73,568
9022005001605002,9022005001460004,pm_rush,193.82,72,9011005021300000,0,193.82,72
9022005001605002,9022005080007002,pm_rush,144.0,8,9011005021300000,0,144.0,8
9022005001607002,9022005001605002,pm_rush,109.46,648,9011005021300000,0,109.46,648
9022005001609002,9022005001607002,pm_rush,37.94,648,9011005021300000,0,37.94,648
9022005001610002,9022005001609002,pm_rush,36.38,648,9011005021300000,0,36.38,648
9022005004078002,9022005001322002,pm_rush,79.78,648,9011005021300000,0,79.78,648
9022005080007002,9022005001604002,pm_rush,76.25,8,9011005021300000,0,76.25,8
9022005000046006,9022005000050011,weekend,410.1,174,9011005021300000,0,410.1,174
9022005000050011,9022005000423002,weekend,239.44,1383,9011005021300000,0,239.44,1383
9022005000095002,9022005001604002,weekend,45.52,1257,9011005021300000,0,45.52,1257
9022005000096002,9022005004078002,weekend,44.93,1383,9011005021300000,0,44.93,1383
9022005000351002,9022005001610002,weekend,100.62,1383,9011005021300000,0,100.62,1383
9022005000423002,9022005000351002,weekend,79.21,1383,9011005021300000,0,79.21,1383
9022005001243002,9022005000050011,weekend,273.25,1209,9011005021300000,0,273.25,1209
9022005001261002,9022005001252002,weekend,76.04,1382,9011005021300000,0,76.04,1382
9022005001322002,9022005001327002,weekend,34.01,1383,9011005021300000,0,34.01,1383
9022005001346002,9022005000216001,weekend,95.84,1382,9011005021300000,0,95.84,1382
9022005001348002,9022005001346002,weekend,34.82,1382,9011005021300000,0,34.82,1382
9022005001460002,9022005000095002,weekend,82.2,1257,9011005021300000,0,82.2,1257
9022005001460004,9022005001604002,weekend,30.3,122,9011005021300000,0,30.3,122
9022005001604002,9022005000096002,weekend,79.12,1383,9011005021300000,0,79.12,1383
9022005001605002,9022005001460002,weekend,53.3,1257,9011005021300000,0,53.3,1257
9022005001605002,9022005001460004,weekend,118.39,122,9011005021300000,0,118.39,122
9022005001607002,9022005001605002,weekend,100.8,1383,9011005021300000,0,100.8,1383
9022005001609002,9022005001607002,weekend,32.02,1383,9011005021300000,0,32.02,1383
9022005001610002,9022005001609002,weekend,29.99,1383,9011005021300000,0,29.99,1383
9022005004078002,9022005001322002,weekend,69.14,1383,9011005021300000,0,69.14,1383
9022005000050008,9022005000046003,am_rush,338.51,119,9011005021300000,1,338.51,119
9022005000050008,9022005001243001,am_rush,161.15,739,9011005021300000,1,161.15,739
9022005000095001,9022005001460001,am_rush,108.98,748,9011005021300000,1,108.98,748
9022005000096001,9022005001604001,am_rush,87.9,858,9011005021300000,1,87.9,858
9022005000216002,9022005001346001,am_rush,172.41,859,9011005021300000,1,172.41,859
9022005000351001,9022005000423001,am_rush,103.75,858,9011005021300000,1,103.75,858
9022005000423001,9022005000050008,am_rush,242.23,858,9011005021300000,1,242.23,858
9022005001252001,9022005001261001,am_rush,62.64,858,9011005021300000,1,62.64,858
9022005001322001,9022005004078001,am_rush,83.15,858,9011005021300000,1,83.15,858
9022005001346001,9022005001348001,am_rush,52.08,859,9011005021300000,1,52.08,859
9022005001348001,9022005000217003,am_rush,200.88,859,9011005021300000,1,200.88,859
9022005001460001,9022005001605001,am_rush,64.72,748,9011005021300000,1,64.72,748
9022005001460003,9022005001605001,am_rush,85.36,99,9011005021300000,1,85.36,99
9022005001604001,9022005000095001,am_rush,58.46,748,9011005021300000,1,58.46,748
9022005001604001,9022005001460003,am_rush,47.52,99,9011005021300000,1,47.52,99
9022005001604001,9022005080007001,am_rush,39.0,11,9011005021300000,1,39.0,11
9022005001605001,9022005001607001,am_rush,90.1,858,9011005021300000,1,90.1,858
9022005001607001,9022005001609001,am_rush,34.21,858,9011005021300000,1,34.21,858
9022005001609001,9022005001610001,am_rush,37.96,858,9011005021300000,1,37.96,858
9022005001610001,9022005000351001,am_rush,123.26,858,9011005021300000,1,123.26,858
9022005004078001,9022005000096001,am_rush,59.08,858,9011005021300000,1,59.08,858
9022005080007001,9022005001605001,am_rush,192.82,11,9011005021300000,1,192.82,11
9022005000050008,9022005000046003,day,330.03,205,9011005021300000,1,330.03,205
9022005000050008,9022005001243001,day,160.79,1322,9011005021300000,1,160.79,1322
9022005000095001,9022005001460001,day,94.8,1334,9011005021300000,1,94.8,1334
9022005000096001,9022005001604001,day,79.95,1523,9011005021300000,1,79.95,1523
9022005000216002,9022005001346001,day,135.12,1532,9011005021300000,1,135.12,1532
9022005000351001,9022005000423001,day,117.86,1524,9011005021300000,1,117.86,1524
9022005000423001,9022005000050008,day,261.4,1526,9011005021300000,1,261.4,1526
9022005001252001,9022005001261001,day,67.45,1532,9011005021300000,1,67.45,1532
9022005001322001,9022005004078001,day,69.43,1523,9011005021300000,1,69.43,1523
9022005001346001,9022005001348001,day,53.06,1532,9011005021300000,1,53.06,1532
9022005001348001,9022005000217003,day,180.89,1532,9011005021300000,1,180.89,1532
9022005001460001,9022005001605001,day,63.92,1334,9011005021300000,1,63.92,1334
9022005001460003,9022005001605001,day,90.12,171,9011005021300000,1,90.12,171
9022005001604001,9022005000095001,day,50.88,1333,9011005021300000,1,50.88,1333
9022005001604001,9022005001460003,day,40.1,171,9011005021300000,1,40.1,171
9022005001604001,9022005080007001,day,24.79,19,9011005021300000,1,24.79,19
9022005001605001,9022005001607001,day,90.2,1524,9011005021300000,1,90.2,1524
9022005001607001,9022005001609001,day,44.75,1524,9011005021300000,1,44.75,1524
9022005001609001,9022005001610001,day,43.33,1524,9011005021300000,1,43.33,1524
9022005001610001,9022005000351001,day,126.17,1524,9011005021300000,1,126.17,1524
9022005004078001,9022005000096001,day,50.9,1523,9011005021300000,1,50.9,1523
9022005080007001,9022005001605001,day,178.32,19,9011005021300000,1,178.32,19
9022005000050008,9022005000046003,night,279.86,242,9011005021300000,1,279.86,242
9022005000050008,9022005001243001,night,143.84,1533,9011005021300000,1,143.84,1533
9022005000095001,9022005001460001,night,84.48,1555,9011005021300000,1,84.48,1555
9022005000096001,9022005001604001,night,80.65,1775,9011005021300000,1,80.65,1775
9022005000216002,9022005001346001,night,151.88,1776,9011005021300000,1,151.88,1776
9022005000351001,9022005000423001,night,91.93,1775,9011005021300000,1,91.93,1775
9022005000423001,9022005000050008,night,233.95,1775,9011005021300000,1,233.95,1775
9022005001252001,9022005001261001,night,66.96,1776,9011005021300000,1,66.96,1776
9022005001322001,9022005004078001,night,67.11,1775,9011005021300000,1,67.11,1775
9022005001346001,9022005001348001,night,52.35,1776,9011005021300000,1,52.35,1776
9022005001348001,9022005000217003,night,236.56,1776,9011005021300000,1,236.56,1776
9022005001460001,9022005001605001,night,62.02,1555,9011005021300000,1,62.02,1555
9022005001460003,9022005001605001,night,81.13,198,9011005021300000,1,81.13,198
9022005001604001,9022005000095001,night,45.73,1555,9011005021300000,1,45.73,1555
9022005001604001,9022005001460003,night,33.38,198,9011005021300000,1,33.38,198
9022005001604001,9022005080007001,night,30.05,22,9011005021300000,1,30.05,22
9022005001605001,9022005001607001,night,92.82,1775,9011005021300000,1,92.82,1775
9022005001607001,9022005001609001,night,39.0,1775,9011005021300000,1,39.0,1775
9022005001609001,9022005001610001,night,40.38,1775,9011005021300000,1,40.38,1775
9022005001610001,9022005000351001,night,105.23,1775,9011005021300000,1,105.23,1775
9022005004078001,9022005000096001,night,47.96,1775,9011005021300000,1,47.96,1775
9022005080007001,9022005001605001,night,170.45,22,9011005021300000,1,170.45,22
9022005000050008,9022005000046003,pm_rush,316.66,88,9011005021300000,1,316.66,88
9022005000050008,9022005001243001,pm_rush,182.61,560,9011005021300000,1,182.61,560
9022005000095001,9022005001460001,pm_rush,92.69,568,9011005021300000,1,92.69,568
9022005000096001,9022005001604001,pm_rush,83.84,648,9011005021300000,1,83.84,648
9022005000216002,9022005001346001,pm_rush,145.92,648,9011005021300000,1,145.92,648
9022005000351001,9022005000423001,pm_rush,114.24,648,9011005021300000,1,114.24,648
9022005000423001,9022005000050008,pm_rush,276.53,648,9011005021300000,1,276.53,648
9022005001252001,9022005001261001,pm_rush,90.32,648,9011005021300000,1,90.32,648
9022005001322001,9022005004078001,pm_rush,70.77,648,9011005021300000,1,70.77,648
9022005001346001,9022005001348001,pm_rush,55.31,648,9011005021300000,1,55.31,648
9022005001348001,9022005000217003,pm_rush,178.95,648,9011005021300000,1,178.95,648
9022005001460001,9022005001605001,pm_rush,77.07,568,9011005021300000,1,77.07,568
9022005001460003,9022005001605001,pm_rush,103.56,72,9011005021300000,1,103.56,72
9022005001604001,9022005000095001,pm_rush,53.47,568,9011005021300000,1,53.47,568
9022005001604001,9022005001460003,pm_rush,36.25,72,9011005021300000,1,36.25,72
9022005001604001,9022005080007001,pm_rush,19.75,8,9011005021300000,1,19.75,8
9022005001605001,9022005001607001,pm_rush,104.32,648,9011005021300000,1,104.32,648
9022005001607001,9022005001609001,pm_rush,59.05,648,9011005021300000,1,59.05,648
9022005001609001,9022005001610001,pm_rush,53.79,648,9011005021300000,1,53.79,648
9022005001610001,9022005000351001,pm_rush,179.48,648,9011005021300000,1,179.48,648
9022005004078001,9022005000096001,pm_rush,51.46,648,9011005021300000,1,51.46,648
9022005080007001,9022005001605001,pm_rush,210.12,8,9011005021300000,1,210.12,8
9022005000050008,9022005000046003,weekend,265.78,172,9011005021300000,1,265.78,172
9022005000050008,9022005001243001,weekend,138.58,1195,9011005021300000,1,138.58,1195
9022005000095001,9022005001460001,weekend,88.14,1243,9011005021300000,1,88.14,1243
9022005000096001,9022005001604001,weekend,78.4,1367,9011005021300000,1,78.4,1367
9022005000216002,9022005001346001,weekend,202.46,1367,9011005021300000,1,202.46,1367
9022005000351001,9022005000423001,weekend,91.95,1367,9011005021300000,1,91.95,1367
9022005000423001,9022005000050008,weekend,269.28,1367,9011005021300000,1,269.28,1367
9022005001252001,9022005001261001,weekend,64.95,1367,9011005021300000,1,64.95,1367
9022005001322001,9022005004078001,weekend,68.25,1367,9011005021300000,1,68.25,1367
9022005001346001,9022005001348001,weekend,67.78,1367,9011005021300000,1,67.78,1367
9022005001348001,9022005000217003,weekend,367.3,1367,9011005021300000,1,367.3,1367
9022005001460001,9022005001605001,weekend,57.84,1243,9011005021300000,1,57.84,1243
9022005001460003,9022005001605001,weekend,72.64,121,9011005021300000,1,72.64,121
9022005001604001,9022005000095001,weekend,46.61,1243,9011005021300000,1,46.61,1243
9022005001604001,9022005001460003,weekend,34.09,121,9011005021300000,1,34.09,121
9022005001605001,9022005001607001,weekend,86.75,1367,9011005021300000,1,86.75,1367
9022005001607001,9022005001609001,weekend,33.57,1367,9011005021300000,1,33.57,1367
9022005001609001,9022005001610001,weekend,41.01,1367,9011005021300000,1,41.01,1367
9022005001610001,9022005000351001,weekend,106.03,1367,9011005021300000,1,106.03,1367
9022005004078001,9022005000096001,weekend,48.6,1367,9011005021300000,1,48.6,1367
9022005000046006,9022005000050012,am_rush,363.91,196,9011005021400000,0,409.04,98
9022005000046006,9022005000050012,am_rush,363.91,196,9011005021800000,0,318.78,98
9022005000050012,9022005001405002,am_rush,218.56,626,9011005021400000,0,218.56,626
9022005000226002,9022005001394002,am_rush,56.43,1326,9011005021400000,0,57.66,701
9022005000226002,9022005001394002,am_rush,56.43,1326,9011005021600000,0,55.04,625
9022005000437002,9022005001398002,am_rush,104.6,701,9011005021400000,0,104.6,701
9022005001243002,9022005000050012,am_rush,176.03,1210,9011005021400000,0,217.92,606
9022005001243002,9022005000050012,am_rush,176.03,1210,9011005021800000,0,134.01,604
9022005001309002,9022005000215004,am_rush,186.46,627,9011005021400000,0,186.46,627
9022005001318002,9022005001330002,am_rush,84.02,702,9011005021400000,0,84.02,702
9022005001329002,9022005000045002,am_rush,61.09,702,9011005021400000,0,61.09,702
9022005001330002,9022005001329002,am_rush,35.14,702,9011005021400000,0,35.14,702
9022005001394002,9022005000437002,am_rush,50.1,1326,9011005021400000,0,52.2,701
9022005001394002,9022005000437002,am_rush,50.1,1326,9011005021600000,0,47.75,625
9022005001398002,9022005001400002,am_rush,89.88,701,9011005021400000,0,89.88,701
9022005001400002,9022005001401002,am_rush,63.17,702,9011005021400000,0,63.17,702
9022005001401002,9022005003850002,am_rush,53.91,702,9011005021400000,0,53.91,702
9022005001405002,9022005003849002,am_rush,74.56,626,9011005021400000,0,74.56,626
9022005003748002,9022005003908002,am_rush,47.14,627,9011005021400000,0,47.14,627
9022005003849002,9022005003748002,am_rush,108.4,627,9011005021400000,0,108.4,627
9022005003850002,9022005000054002,am_rush,108.37,702,9011005021400000,0,108.37,702
9022005003908002,9022005001309002,am_rush,101.79,627,9011005021400000,0,101.79,627
9022005000046006,9022005000050012,day,367.16,274,9011005021400000,0,437.89,142
9022005000046006,9022005000050012,day,367.16,274,9011005021800000,0,291.08,132
9022005000050012,9022005001405002,day,219.42,1049,9011005021400000,0,219.42,1049
9022005000226002,9022005001394002,day,47.9,2008,9011005021400000,0,51.13,1045
9022005000226002,9022005001394002,day,47.9,2008,9011005021600000,0,44.39,963
9022005000437002,9022005001398002,day,93.22,1046,9011005021400000,0,93.22,1046
9022005001243002,9022005000050012,day,209.29,1741,9011005021400000,0,281.03,906
9022005001243002,9022005000050012,day,209.29,1741,9011005021800000,0,131.45,835
9022005001309002,9022005000215004,day,199.92,1049,9011005021400000,0,199.92,1049
9022005001318002,9022005001330002,day,82.67,1046,9011005021400000,0,82.67,1046
9022005001329002,9022005000045002,day,51.42,1046,9011005021400000,0,51.42,1046
9022005001330002,9022005001329002,day,30.08,1046,9011005021400000,0,30.08,1046
9022005001394002,9022005000437002,day,41.91,2009,9011005021400000,0,46.48,1046
9022005001394002,9022005000437002,day,41.91,2009,9011005021600000,0,36.95,963
9022005001398002,9022005001400002,day,78.89,1046,9011005021400000,0,78.89,1046
9022005001400002,9022005001401002,day,53.17,1046,9011005021400000,0,53.17,1046
9022005001401002,9022005003850002,day,49.0,1046,9011005021400000,0,49.0,1046
9022005001405002,9022005003849002,day,72.42,1049,9011005021400000,0,72.42,1049
9022005003748002,9022005003908002,day,52.73,1049,9011005021400000,0,52.73,1049
9022005003849002,9022005003748002,day,108.67,1049,9011005021400000,0,108.67,1049
9022005003850002,9022005000054002,day,113.32,1046,9011005021400000,0,113.32,1046
9022005003908002,9022005001309002,day,98.68,1049,9011005021400000,0,98.68,1049
9022005000046006,9022005000050012,night,313.21,418,9011005021400000,0,364.93,209
9022005000046006,9022005000050012,night,313.21,418,9011005021800000,0,261.5,209
9022005000050012,9022005001405002,night,199.28,1527,9011005021400000,0,199.28,1527
9022005000226002,9022005001394002,night,44.39,3138,9011005021400000,0,45.27,1529
9022005000226002,9022005001394002,night,44.39,3138,9011005021600000,0,43.77,1529
9022005000226002,9022005001394002,night,44.39,3138,9011005022200000,0,39.24,80
9022005000437002,9022005001398002,night,91.26,1609,9011005021400000,0,91.49,1529
9022005000437002,9022005001398002,night,91.26,1609,9011005022200000,0,86.85,80
9022005001243002,9022005000050012,night,185.73,2639,9011005021400000,0,250.71,1319
9022005001243002,9022005000050012,night,185.73,2639,9011005021800000,0,120.8,1320
9022005001309002,9022005000215004,night,211.22,1527,9011005021400000,0,211.22,1527
9022005001318002,9022005001330002,night,76.37,1529,9011005021400000,0,76.37,1529
9022005001329002,9022005000045002,night,49.28,1529,9011005021400000,0,49.28,1529
9022005001330002,9022005001329002,night,25.77,1529,9011005021400000,0,25.77,1529
9022005001394002,9022005000437002,night,35.12,3139,9011005021400000,0,36.64,1529
9022005001394002,9022005000437002,night,35.12,3139,9011005021600000,0,33.68,1530
9022005001394002,9022005000437002,night,35.12,3139,9011005022200000,0,33.42,80
9022005001398002,9022005001400002,night,74.77,1609,9011005021400000,0,74.88,1529
9022005001398002,9022005001400002,night,74.77,1609,9011005022200000,0,72.64,80
9022005001400002,9022005001401002,night,47.17,1609,9011005021400000,0,47.35,1529
9022005001400002,9022005001401002,night,47.17,1609,9011005022200000,0,43.64,80
9022005001401002,9022005003850002,night,42.25,1609,9011005021400000,0,42.31,1529
9022005001401002,9022005003850002,night,42.25,1609,9011005022200000,0,41.1,80
9022005001405002,9022005003849002,night,71.14,1527,9011005021400000,0,71.14,1527
9022005003748002,9022005003908002,night,49.83,1527,9011005021400000,0,49.83,1527
9022005003849002,9022005003748002,night,101.54,1527,9011005021400000,0,101.54,1527
9022005003850002,9022005000054002,night,102.33,1609,9011005021400000,0,101.84,1529
9022005003850002,9022005000054002,night,102.33,1609,9011005022200000,0,111.62,80
9022005003908002,9022005001309002,night,91.36,1527,9011005021400000,0,91.36,1527
9022005000046006,9022005000050012,pm_rush,338.68,132,9011005021400000,0,384.65,66
9022005000046006,9022005000050012,pm_rush,338.68,132,9011005021800000,0,292.7,66
9022005000050012,9022005001405002,pm_rush,240.49,485,9011005021400000,0,240.49,485
9022005000226002,9022005001394002,pm_rush,47.7,1213,9011005021400000,0,51.6,485
9022005000226002,9022005001394002,pm_rush,47.7,1213,9011005021600000,0,43.22,485
9022005000226002,9022005001394002,pm_rush,47.7,1213,9011005022200000,0,48.87,243
9022005000437002,9022005001398002,pm_rush,100.36,728,9011005021400000,0,103.22,485
9022005000437002,9022005001398002,pm_rush,100.36,728,9011005022200000,0,94.66,243
9022005001243002,9022005000050012,pm_rush,193.6,839,9011005021400000,0,243.55,419
9022005001243002,9022005000050012,pm_rush,193.6,839,9011005021800000,0,143.76,420
9022005001309002,9022005000215004,pm_rush,174.26,485,9011005021400000,0,174.26,485
9022005001318002,9022005001330002,pm_rush,92.61,485,9011005021400000,0,92.61,485
9022005001329002,9022005000045002,pm_rush,57.14,485,9011005021400000,0,57.14,485
9022005001330002,9022005001329002,pm_rush,31.43,485,9011005021400000,0,31.43,485
9022005001394002,9022005000437002,pm_rush,40.8,1213,9011005021400000,0,45.01,485
9022005001394002,9022005000437002,pm_rush,40.8,1213,9011005021600000,0,36.29,485
9022005001394002,9022005000437002,pm_rush,40.8,1213,9011005022200000,0,41.38,243
9022005001398002,9022005001400002,pm_rush,79.46,728,9011005021400000,0,81.15,485
9022005001398002,9022005001400002,pm_rush,79.46,728,9011005022200000,0,76.08,243
9022005001400002,9022005001401002,pm_rush,52.73,728,9011005021400000,0,56.41,485
9022005001400002,9022005001401002,pm_rush,52.73,728,9011005022200000,0,45.38,243
9022005001401002,9022005003850002,pm_rush,46.75,728,9011005021400000,0,49.39,485
9022005001401002,9022005003850002,pm_rush,46.75,728,9011005022200000,0,41.47,243
9022005001405002,9022005003849002,pm_rush,80.17,485,9011005021400000,0,80.17,485
9022005003748002,9022005003908002,pm_rush,53.66,485,9011005021400000,0,53.66,485
9022005003849002,9022005003748002,pm_rush,115.07,485,9011005021400000,0,115.07,485
9022005003850002,9022005000054002,pm_rush,119.11,728,9011005021400000,0,122.17,485
9022005003850002,9022005000054002,pm_rush,119.11,728,9011005022200000,0,113.0,243
9022005003908002,9022005001309002,pm_rush,101.76,485,9011005021400000,0,101.76,485
9022005000046006,9022005000050012,weekend,330.08,268,9011005021400000,0,390.68,136
9022005000046006,9022005000050012,weekend,330.08,268,9011005021800000,0,267.65,132
9022005000050012,9022005001405002,weekend,202.55,1074,9011005021400000,0,202.55,1074
9022005000226002,9022005001394002,weekend,44.78,2196,9011005021400000,0,46.39,1069
9022005000226002,9022005001394002,weekend,44.78,2196,9011005021600000,0,43.26,1127
9022005000437002,9022005001398002,weekend,90.28,1069,9011005021400000,0,90.28,1069
9022005001243002,9022005000050012,weekend,201.67,1845,9011005021400000,0,274.45,937
9022005001243002,9022005000050012,weekend,201.67,1845,9011005021800000,0,126.57,908
9022005001309002,9022005000215004,weekend,214.96,1074,9011005021400000,0,214.96,1074
9022005001318002,9022005001330002,weekend,76.68,1069,9011005021400000,0,76.68,1069
9022005001329002,9022005000045002,weekend,50.5,1071,9011005021400000,0,50.5,1071
9022005001330002,9022005001329002,weekend,27.16,1071,9011005021400000,0,27.16,1071
9022005001394002,9022005000437002,weekend,37.18,2196,9011005021400000,0,39.5,1069
9022005001394002,9022005000437002,weekend,37.18,2196,9011005021600000,0,34.97,1127
9022005001398002,9022005001400002,weekend,75.31,1069,9011005021400000,0,75.31,1069
9022005001400002,9022005001401002,weekend,48.47,1069,9011005021400000,0,48.47,1069
9022005001401002,9022005003850002,weekend,43.01,1069,9011005021400000,0,43.01,1069
9022005001405002,9022005003849002,weekend,72.09,1074,9011005021400000,0,72.09,1074
9022005003748002,9022005003908002,weekend,49.46,1074,9011005021400000,0,49.46,1074
9022005003849002,9022005003748002,weekend,101.21,1074,9011005021400000,0,101.21,1074
9022005003850002,9022005000054002,weekend,105.7,1069,9011005021400000,0,105.7,1069
9022005003908002,9022005001309002,weekend,88.13,1074,9011005021400000,0,88.13,1074
9022005000050001,9022005000046003,am_rush,293.2,86,9011005021400000,1,293.2,86
9022005000050001,9022005001243001,am_rush,145.06,536,9011005021400000,1,145.06,536
9022005000054001,9022005003850001,am_rush,83.55,1017,9011005021400000,1,84.72,626
9022005000054001,9022005003850001,am_rush,83.55,1017,9011005022200000,1,81.67,391
9022005000226001,9022005000416002,am_rush,93.76,1017,9011005021400000,1,85.54,626
9022005000226001,9022005000416002,am_rush,93.76,1017,9011005022200000,1,106.91,391
9022005000437001,9022005001394001,am_rush,47.62,1643,9011005021400000,1,48.29,626
9022005000437001,9022005001394001,am_rush,47.62,1643,9011005021600000,1,42.63,626
9022005000437001,9022005001394001,am_rush,47.62,1643,9011005022200000,1,54.55,391
9022005001224001,9022005001329001,am_rush,27.61,625,9011005021400000,1,27.61,625
9022005001231001,9022005001224001,am_rush,77.61,625,9011005021400000,1,77.61,625
9022005001309001,9022005003908001,am_rush,98.22,622,9011005021400000,1,98.22,622
9022005001329001,9022005001330001,am_rush,28.75,625,9011005021400000,1,28.75,625
9022005001330001,9022005001318001,am_rush,70.21,626,9011005021400000,1,70.21,626
9022005001394001,9022005000226001,am_rush,49.99,1643,9011005021400000,1,46.95,626
9022005001394001,9022005000226001,am_rush,49.99,1643,9011005021600000,1,49.09,626
9022005001394001,9022005000226001,am_rush,49.99,1643,9011005022200000,1,56.29,391
9022005001398001,9022005000437001,am_rush,86.72,1017,9011005021400000,1,87.2,626
9022005001398001,9022005000437001,am_rush,86.72,1017,9011005022200000,1,85.94,391
9022005001400001,9022005001398001,am_rush,68.86,1017,9011005021400000,1,65.59,626
9022005001400001,9022005001398001,am_rush,68.86,1017,9011005022200000,1,74.09,391
9022005001401001,9022005001400001,am_rush,48.57,1017,9011005021400000,1,46.97,626
9022005001401001,9022005001400001,am_rush,48.57,1017,9011005022200000,1,51.13,391
9022005001405001,9022005000050001,am_rush,313.15,622,9011005021400000,1,313.15,622
9022005003748001,9022005003849001,am_rush,114.21,622,9011005021400000,1,114.21,622
9022005003849001,9022005001405001,am_rush,84.35,622,9011005021400000,1,84.35,622
9022005003850001,9022005001401001,am_rush,54.77,1017,9011005021400000,1,55.57,626
9022005003850001,9022005001401001,am_rush,54.77,1017,9011005022200000,1,53.49,391
9022005003908001,9022005003748001,am_rush,59.83,622,9011005021400000,1,59.83,622
9022005000050001,9022005000046003,day,328.03,143,9011005021400000,1,328.03,143
9022005000050001,9022005001243001,day,156.33,904,9011005021400000,1,156.33,904
9022005000054001,9022005003850001,day,90.43,1050,9011005021400000,1,90.43,1050
9022005000226001,9022005000416002,day,82.4,1050,9011005021400000,1,82.4,1050
9022005000437001,9022005001394001,day,52.2,2097,9011005021400000,1,55.14,1050
9022005000437001,9022005001394001,day,52.2,2097,9011005021600000,1,49.26,1047
9022005001224001,9022005001329001,day,30.3,1050,9011005021400000,1,30.3,1050
9022005001231001,9022005001224001,day,77.41,1050,9011005021400000,1,77.41,1050
9022005001309001,9022005003908001,day,93.21,1046,9011005021400000,1,93.21,1046
9022005001329001,9022005001330001,day,30.92,1050,9011005021400000,1,30.92,1050
9022005001330001,9022005001318001,day,76.82,1050,9011005021400000,1,76.82,1050
9022005001394001,9022005000226001,day,48.73,2097,9011005021400000,1,49.88,1050
9022005001394001,9022005000226001,day,48.73,2097,9011005021600000,1,47.57,1047
9022005001398001,9022005000437001,day,92.21,1050,9011005021400000,1,92.21,1050
9022005001400001,9022005001398001,day,70.6,1050,9011005021400000,1,70.6,1050
9022005001401001,9022005001400001,day,57.26,1050,9011005021400000,1,57.26,1050
9022005001405001,9022005000050001,day,317.29,1047,9011005021400000,1,317.29,1047
9022005003748001,9022005003849001,day,113.54,1047,9011005021400000,1,113.54,1047
9022005003849001,9022005001405001,day,84.08,1047,9011005021400000,1,84.08,1047
9022005003850001,9022005001401001,day,60.9,1050,9011005021400000,1,60.9,1050
9022005003908001,9022005003748001,day,63.07,1046,9011005021400000,1,63.07,1046
9022005000050001,9022005000046003,night,262.21,197,9011005021400000,1,262.21,197
9022005000050001,9022005001243001,night,132.66,1245,9011005021400000,1,132.66,1245
9022005000054001,9022005003850001,night,73.99,1443,9011005021400000,1,73.99,1443
9022005000226001,9022005000416002,night,80.42,1443,9011005021400000,1,80.42,1443
9022005000437001,9022005001394001,night,47.09,2876,9011005021400000,1,50.39,1443
9022005000437001,9022005001394001,night,47.09,2876,9011005021600000,1,43.77,1433
9022005001224001,9022005001329001,night,29.55,1443,9011005021400000,1,29.55,1443
9022005001231001,9022005001224001,night,72.65,1443,9011005021400000,1,72.65,1443
9022005001309001,9022005003908001,night,88.89,1442,9011005021400000,1,88.89,1442
9022005001329001,9022005001330001,night,28.48,1443,9011005021400000,1,28.48,1443
9022005001330001,9022005001318001,night,68.16,1443,9011005021400000,1,68.16,1443
9022005001394001,9022005000226001,night,49.03,2876,9011005021400000,1,50.15,1443
9022005001394001,9022005000226001,night,49.03,2876,9011005021600000,1,47.91,1433
9022005001398001,9022005000437001,night,87.58,1443,9011005021400000,1,87.58,1443
9022005001400001,9022005001398001,night,69.48,1443,9011005021400000,1,69.48,1443
9022005001401001,9022005001400001,night,51.46,1443,9011005021400000,1,51.46,1443
9022005001405001,9022005000050001,night,310.01,1442,9011005021400000,1,310.01,1442
9022005003748001,9022005003849001,night,103.29,1442,9011005021400000,1,103.29,1442
9022005003849001,9022005001405001,night,70.18,1442,9011005021400000,1,70.18,1442
9022005003850001,9022005001401001,night,56.17,1443,9011005021400000,1,56.17,1443
9022005003908001,9022005003748001,night,52.13,1442,9011005021400000,1,52.13,1442
9022005000050001,9022005000046003,pm_rush,313.98,66,9011005021400000,1,313.98,66
9022005000050001,9022005001243001,pm_rush,174.62,417,9011005021400000,1,174.62,417
9022005000054001,9022005003850001,pm_rush,107.85,483,9011005021400000,1,107.85,483
9022005000226001,9022005000416002,pm_rush,81.97,483,9011005021400000,1,81.97,483
9022005000437001,9022005001394001,pm_rush,57.92,969,9011005021400000,1,61.18,483
9022005000437001,9022005001394001,pm_rush,57.92,969,9011005021600000,1,54.69,486
9022005001224001,9022005001329001,pm_rush,37.91,483,9011005021400000,1,37.91,483
9022005001231001,9022005001224001,pm_rush,83.3,483,9011005021400000,1,83.3,483
9022005001309001,9022005003908001,pm_rush,98.33,483,9011005021400000,1,98.33,483
9022005001329001,9022005001330001,pm_rush,38.42,483,9011005021400000,1,38.42,483
9022005001330001,9022005001318001,pm_rush,89.04,483,9011005021400000,1,89.04,483
9022005001394001,9022005000226001,pm_rush,56.46,969,9011005021400000,1,55.06,483
9022005001394001,9022005000226001,pm_rush,56.46,969,9011005021600000,1,57.85,486
9022005001398001,9022005000437001,pm_rush,106.76,483,9011005021400000,1,106.76,483
9022005001400001,9022005001398001,pm_rush,80.96,483,9011005021400000,1,80.96,483
9022005001401001,9022005001400001,pm_rush,65.13,483,9011005021400000,1,65.13,483
9022005001405001,9022005000050001,pm_rush,352.95,483,9011005021400000,1,352.95,483
9022005003748001,9022005003849001,pm_rush,109.95,483,9011005021400000,1,109.95,483
9022005003849001,9022005001405001,pm_rush,84.64,483,9011005021400000,1,84.64,483
9022005003850001,9022005001401001,pm_rush,68.37,483,9011005021400000,1,68.37,483
9022005003908001,9022005003748001,pm_rush,68.85,483,9011005021400000,1,68.85,483
9022005000050001,9022005000046003,weekend,255.78,139,9011005021400000,1,255.78,139
9022005000050001,9022005001243001,weekend,128.91,956,9011005021400000,1,128.91,956
9022005000054001,9022005003850001,weekend,74.64,1097,9011005021400000,1,74.64,1097
9022005000226001,9022005000416002,weekend,80.0,1097,9011005021400000,1,80.0,1097
9022005000437001,9022005001394001,weekend,46.39,2247,9011005021400000,1,49.85,1097
9022005000437001,9022005001394001,weekend,46.39,2247,9011005021600000,1,43.09,1150
9022005001224001,9022005001329001,weekend,27.9,1097,9011005021400000,1,27.9,1097
9022005001231001,9022005001224001,weekend,72.86,1097,9011005021400000,1,72.86,1097
9022005001309001,9022005003908001,weekend,88.82,1095,9011005021400000,1,88.82,1095
9022005001329001,9022005001330001,weekend,28.02,1097,9011005021400000,1,28.02,1097
9022005001330001,9022005001318001,weekend,70.18,1097,9011005021400000,1,70.18,1097
9022005001394001,9022005000226001,weekend,47.61,2247,9011005021400000,1,48.65,1097
9022005001394001,9022005000226001,weekend,47.61,2247,9011005021600000,1,46.62,1150
9022005001398001,9022005000437001,weekend,86.48,1097,9011005021400000,1,86.48,1097
9022005001400001,9022005001398001,weekend,67.63,1097,9011005021400000,1,67.63,1097
9022005001401001,9022005001400001,weekend,48.97,1097,9011005021400000,1,48.97,1097
9022005001405001,9022005000050001,weekend,314.1,1095,9011005021400000,1,314.1,1095
9022005003748001,9022005003849001,weekend,105.15,1095,9011005021400000,1,105.15,1095
9022005003849001,9022005001405001,weekend,71.38,1095,9011005021400000,1,71.38,1095
9022005003850001,9022005001401001,weekend,54.11,1097,9011005021400000,1,54.11,1097
9022005003908001,9022005003748001,weekend,54.07,1095,9011005021400000,1,54.07,1095
9022005000046006,9022005000050001,am_rush,329.12,98,9011005021500000,0,329.12,98
9022005000507002,9022005004088002,am_rush,114.54,704,9011005021500000,0,114.54,704
9022005001243002,9022005000050001,am_rush,162.51,606,9011005021500000,0,162.51,606
9022005001598002,9022005003838001,am_rush,68.99,1719,9011005021500000,0,80.58,704
9022005001598002,9022005003838001,am_rush,68.99,1719,9011005021700000,0,58.49,624
9022005001598002,9022005003838001,am_rush,68.99,1719,9011005022200000,1,64.87,391
9022005003838001,9022005001233002,am_rush,81.35,1095,9011005021500000,0,81.91,704
9022005003838001,9022005001233002,am_rush,81.35,1095,9011005022200000,1,80.33,391
9022005004087002,9022005001598002,am_rush,90.75,704,9011005021500000,0,90.75,704
9022005004088002,9022005004087002,am_rush,49.94,704,9011005021500000,0,49.94,704
9022005000046006,9022005000050001,day,317.38,132,9011005021500000,0,317.38,132
9022005000507002,9022005004088002,day,106.72,965,9011005021500000,0,106.72,965
9022005001243002,9022005000050001,day,158.16,834,9011005021500000,0,158.16,834
9022005001598002,9022005003838001,day,62.79,2009,9011005021500000,0,70.9,965
9022005001598002,9022005003838001,day,62.79,2009,9011005021700000,0,55.29,1044
9022005003838001,9022005001233002,day,69.52,965,9011005021500000,0,69.52,965
9022005004087002,9022005001598002,day,76.24,965,9011005021500000,0,76.24,965
9022005004088002,9022005004087002,day,42.58,965,9011005021500000,0,42.58,965
9022005000046006,9022005000050001,night,293.04,209,9011005021500000,0,293.04,209
9022005000507002,9022005004088002,night,103.13,1529,9011005021500000,0,103.13,1529
9022005001243002,9022005000050001,night,158.43,1321,9011005021500000,0,158.43,1321
9022005001598002,9022005003838001,night,58.47,2974,9011005021500000,0,65.63,1529
9022005001598002,9022005003838001,night,58.47,2974,9011005021700000,0,50.89,1445
9022005003838001,9022005001233002,night,70.49,1529,9011005021500000,0,70.49,1529
9022005004087002,9022005001598002,night,69.25,1529,9011005021500000,0,69.25,1529
9022005004088002,9022005004087002,night,37.96,1529,9011005021500000,0,37.96,1529
9022005000046006,9022005000050001,pm_rush,318.83,66,9011005021500000,0,318.83,66
9022005000507002,9022005004088002,pm_rush,106.58,486,9011005021500000,0,106.58,486
9022005001243002,9022005000050001,pm_rush,181.75,420,9011005021500000,0,181.75,420
9022005001598002,9022005003838001,pm_rush,63.4,972,9011005021500000,0,69.05,486
9022005001598002,9022005003838001,pm_rush,63.4,972,9011005021700000,0,57.76,486
9022005003838001,9022005001233002,pm_rush,72.29,486,9011005021500000,0,72.29,486
9022005004087002,9022005001598002,pm_rush,75.73,486,9011005021500000,0,75.73,486
9022005004088002,9022005004087002,pm_rush,40.66,486,9011005021500000,0,40.66,486
9022005000046006,9022005000050001,weekend,298.15,136,9011005021500000,0,298.15,136
9022005000507002,9022005004088002,weekend,103.28,1078,9011005021500000,0,103.28,1078
9022005001243002,9022005000050001,weekend,161.91,943,9011005021500000,0,161.91,943
9022005001598002,9022005003838001,weekend,59.34,2181,9011005021500000,0,67.51,1078
9022005001598002,9022005003838001,weekend,59.34,2181,9011005021700000,0,51.35,1103
9022005003838001,9022005001233002,weekend,72.93,1078,9011005021500000,0,72.93,1078
9022005004087002,9022005001598002,weekend,70.47,1078,9011005021500000,0,70.47,1078
9022005004088002,9022005004087002,weekend,38.93,1078,9011005021500000,0,38.93,1078
9022005000507001,9022005000508001,am_rush,57.9,706,9011005021500000,1,57.9,706
9022005001233001,9022005003838002,am_rush,84.92,706,9011005021500000,1,84.92,706
9022005001598001,9022005004087001,am_rush,60.05,706,9011005021500000,1,60.05,706
9022005003838002,9022005001598001,am_rush,60.61,1331,9011005021500000,1,62.44,706
9022005003838002,9022005001598001,am_rush,60.61,1331,9011005021700000,1,58.55,625
9022005004087001,9022005004088001,am_rush,37.83,706,9011005021500000,1,37.83,706
9022005004088001,9022005000507001,am_rush,106.25,706,9011005021500000,1,106.25,706
9022005000507001,9022005000508001,day,56.12,1047,9011005021500000,1,56.12,1047
9022005001233001,9022005003838002,day,88.35,1047,9011005021500000,1,88.35,1047
9022005001598001,9022005004087001,day,61.54,1047,9011005021500000,1,61.54,1047
9022005003838002,9022005001598001,day,60.48,2094,9011005021500000,1,66.66,1047
9022005003838002,9022005001598001,day,60.48,2094,9011005021700000,1,54.3,1047
9022005004087001,9022005004088001,day,39.68,1047,9011005021500000,1,39.68,1047
9022005004088001,9022005000507001,day,107.94,1047,9011005021500000,1,107.94,1047
9022005000507001,9022005000508001,night,57.7,1372,9011005021500000,1,57.7,1372
9022005001233001,9022005003838002,night,85.47,1452,9011005021500000,1,85.75,1372
9022005001233001,9022005003838002,night,85.47,1452,9011005022200000,0,80.59,80
9022005001598001,9022005004087001,night,59.66,1372,9011005021500000,1,59.66,1372
9022005003838002,9022005001598001,night,59.09,2826,9011005021500000,1,63.4,1372
9022005003838002,9022005001598001,night,59.09,2826,9011005021700000,1,55.0,1374
9022005003838002,9022005001598001,night,59.09,2826,9011005022200000,0,55.52,80
9022005004087001,9022005004088001,night,37.28,1372,9011005021500000,1,37.28,1372
9022005004088001,9022005000507001,night,104.65,1372,9011005021500000,1,104.65,1372
9022005000507001,9022005000508001,pm_rush,54.09,486,9011005021500000,1,54.09,486
9022005001233001,9022005003838002,pm_rush,102.35,729,9011005021500000,1,109.14,486
9022005001233001,9022005003838002,pm_rush,102.35,729,9011005022200000,0,88.77,243
9022005001598001,9022005004087001,pm_rush,66.64,486,9011005021500000,1,66.64,486
9022005003838002,9022005001598001,pm_rush,68.95,1133,9011005021500000,1,74.66,486
9022005003838002,9022005001598001,pm_rush,68.95,1133,9011005021700000,1,63.87,404
9022005003838002,9022005001598001,pm_rush,68.95,1133,9011005022200000,0,65.99,243
9022005004087001,9022005004088001,pm_rush,43.99,486,9011005021500000,1,43.99,486
9022005004088001,9022005000507001,pm_rush,117.5,486,9011005021500000,1,117.5,486
9022005000507001,9022005000508001,weekend,58.22,1080,9011005021500000,1,58.22,1080
9022005001233001,9022005003838002,weekend,81.28,1080,9011005021500000,1,81.28,1080
9022005001598001,9022005004087001,weekend,56.41,1080,9011005021500000,1,56.41,1080
9022005003838002,9022005001598001,weekend,56.39,2170,9011005021500000,1,59.73,1080
9022005003838002,9022005001598001,weekend,56.39,2170,9011005021700000,1,53.08,1090
9022005004087001,9022005004088001,weekend,35.44,1080,9011005021500000,1,35.44,1080
9022005004088001,9022005000507001,weekend,101.92,1080,9011005021500000,1,101.92,1080
9022005000050019,9022005000046003,am_rush,380.23,87,9011005021600000,0,380.23,87
9022005000050019,9022005001243001,am_rush,203.01,537,9011005021600000,0,203.01,537
9022005000412001,9022005001431001,am_rush,95.1,1328,9011005021600000,0,90.21,703
9022005000412001,9022005001431001,am_rush,95.1,1328,9011005021700000,1,100.61,625
9022005000421001,9022005001424001,am_rush,67.67,626,9011005021600000,0,67.67,626
9022005000422001,9022005001435001,am_rush,61.01,625,9011005021600000,0,61.01,625
9022005000437002,9022005001396001,am_rush,92.52,625,9011005021600000,0,92.52,625
9022005001249001,9022005004186001,am_rush,93.33,1328,9011005021600000,0,91.65,703
9022005001249001,9022005004186001,am_rush,93.33,1328,9011005021700000,1,95.23,625
9022005001323001,9022005001426001,am_rush,96.65,626,9011005021600000,0,96.65,626
9022005001396001,9022005001433001,am_rush,78.18,625,9011005021600000,0,78.18,625
9022005001418001,9022005001323001,am_rush,75.61,626,9011005021600000,0,75.61,626
9022005001419001,9022005001418001,am_rush,101.15,625,9011005021600000,0,101.15,625
9022005001421002,9022005001419001,am_rush,77.84,625,9011005021600000,0,77.84,625
9022005001422001,9022005000050019,am_rush,405.94,624,9011005021600000,0,405.94,624
9022005001424001,9022005001422001,am_rush,66.58,626,9011005021600000,0,66.58,626
9022005001426001,9022005000421001,am_rush,46.69,626,9011005021600000,0,46.69,626
9022005001431001,9022005001430001,am_rush,76.06,1328,9011005021600000,0,72.67,703
9022005001431001,9022005001430001,am_rush,76.06,1328,9011005021700000,1,79.88,625
9022005001433001,9022005000422001,am_rush,65.41,625,9011005021600000,0,65.41,625
9022005001435001,9022005001445001,am_rush,55.31,625,9011005021600000,0,55.31,625
9022005001437001,9022005001421002,am_rush,121.59,80,9011005021600000,0,121.59,80
9022005001437002,9022005001421002,am_rush,130.54,545,9011005021600000,0,130.54,545
9022005001445001,9022005001437001,am_rush,63.45,80,9011005021600000,0,63.45,80
9022005001445001,9022005001437002,am_rush,53.95,545,9011005021600000,0,53.95,545
9022005004186001,9022005000412001,am_rush,110.68,1328,9011005021600000,0,106.64,703
9022005004186001,9022005000412001,am_rush,110.68,1328,9011005021700000,1,115.23,625
9022005000050019,9022005000046003,day,357.78,132,9011005021600000,0,357.78,132
9022005000050019,9022005001243001,day,182.66,835,9011005021600000,0,182.66,835
9022005000412001,9022005001431001,day,101.06,2014,9011005021600000,0,100.0,968
9022005000412001,9022005001431001,day,101.06,2014,9011005021700000,1,102.04,1046
9022005000421001,9022005001424001,day,64.47,966,9011005021600000,0,64.47,966
9022005000422001,9022005001435001,day,49.75,963,9011005021600000,0,49.75,963
9022005000437002,9022005001396001,day,82.96,963,9011005021600000,0,82.96,963
9022005001249001,9022005004186001,day,98.44,2013,9011005021600000,0,96.93,968
9022005001249001,9022005004186001,day,98.44,2013,9011005021700000,1,99.84,1045
9022005001323001,9022005001426001,day,102.72,965,9011005021600000,0,102.72,965
9022005001396001,9022005001433001,day,71.63,963,9011005021600000,0,71.63,963
9022005001418001,9022005001323001,day,62.31,965,9011005021600000,0,62.31,965
9022005001419001,9022005001418001,day,90.93,1045,9011005021600000,0,89.8,964
9022005001419001,9022005001418001,day,90.93,1045,9011005022100000,0,104.42,81
9022005001421002,9022005001419001,day,80.95,963,9011005021600000,0,80.95,963
9022005001422001,9022005000050019,day,355.35,966,9011005021600000,0,355.35,966
9022005001424001,9022005001422001,day,61.11,1047,9011005021600000,0,61.44,966
9022005001424001,9022005001422001,day,61.11,1047,9011005022100000,0,57.21,81
9022005001426001,9022005000421001,day,54.2,965,9011005021600000,0,54.2,965
9022005001431001,9022005001430001,day,82.65,2014,9011005021600000,0,69.61,968
9022005001431001,9022005001430001,day,82.65,2014,9011005021700000,1,94.72,1046
9022005001433001,9022005000422001,day,54.81,963,9011005021600000,0,54.81,963
9022005001435001,9022005001445001,day,52.42,963,9011005021600000,0,52.42,963
9022005001437001,9022005001421002,day,113.48,120,9011005021600000,0,113.48,120
9022005001437002,9022005001421002,day,128.88,843,9011005021600000,0,128.88,843
9022005001445001,9022005001437001,day,65.57,120,9011005021600000,0,65.57,120
9022005001445001,9022005001437002,day,52.86,843,9011005021600000,0,52.86,843
9022005004186001,9022005000412001,day,111.25,2013,9011005021600000,0,109.69,968
9022005004186001,9022005000412001,day,111.25,2013,9011005021700000,1,112.7,1045
9022005000050019,9022005000046003,night,298.47,209,9011005021600000,0,298.47,209
9022005000050019,9022005001243001,night,172.62,1321,9011005021600000,0,172.62,1321
9022005000412001,9022005001431001,night,97.36,2985,9011005021600000,0,94.29,1531
9022005000412001,9022005001431001,night,97.36,2985,9011005021700000,1,100.75,1374
9022005000412001,9022005001431001,night,97.36,2985,9011005022200000,0,97.71,80
9022005000421001,9022005001424001,night,57.8,1530,9011005021600000,0,57.8,1530
9022005000422001,9022005001435001,night,42.34,1530,9011005021600000,0,42.34,1530
9022005000437002,9022005001396001,night,76.15,1530,9011005021600000,0,76.15,1530
9022005001249001,9022005004186001,night,90.17,2905,9011005021600000,0,87.43,1531
9022005001249001,9022005004186001,night,90.17,2905,9011005021700000,1,93.22,1374
9022005001323001,9022005001426001,night,92.76,1530,9011005021600000,0,92.76,1530
9022005001396001,9022005001433001,night,70.78,1530,9011005021600000,0,70.78,1530
9022005001418001,9022005001323001,night,53.29,1530,9011005021600000,0,53.29,1530
9022005001419001,9022005001418001,night,85.6,1692,9011005021600000,0,84.98,1530
9022005001419001,9022005001418001,night,85.6,1692,9011005022100000,0,91.42,162
9022005001421002,9022005001419001,night,102.08,1530,9011005021600000,0,102.08,1530
9022005001422001,9022005000050019,night,386.66,1530,9011005021600000,0,386.66,1530
9022005001424001,9022005001422001,night,55.44,1692,9011005021600000,0,55.73,1530
9022005001424001,9022005001422001,night,55.44,1692,9011005022100000,0,52.75,162
9022005001426001,9022005000421001,night,37.94,1530,9011005021600000,0,37.94,1530
9022005001431001,9022005001430001,night,78.95,2985,9011005021600000,0,70.06,1531
9022005001431001,9022005001430001,night,78.95,2985,9011005021700000,1,88.44,1374
9022005001431001,9022005001430001,night,78.95,2985,9011005022200000,0,86.21,80
9022005001433001,9022005000422001,night,48.4,1530,9011005021600000,0,48.4,1530
9022005001435001,9022005001445001,night,51.57,1530,9011005021600000,0,51.57,1530
9022005001437001,9022005001421002,night,116.89,189,9011005021600000,0,116.89,189
9022005001437002,9022005001421002,night,123.22,1341,9011005021600000,0,123.22,1341
9022005001445001,9022005001437001,night,59.02,189,9011005021600000,0,59.02,189
9022005001445001,9022005001437002,night,51.91,1341,9011005021600000,0,51.91,1341
9022005004186001,9022005000412001,night,109.96,2905,9011005021600000,0,107.41,1531
9022005004186001,9022005000412001,night,109.96,2905,9011005021700000,1,112.8,1374
9022005000050019,9022005000046003,pm_rush,352.61,66,9011005021600000,0,352.61,66
9022005000050019,9022005001243001,pm_rush,222.14,419,9011005021600000,0,222.14,419
9022005000412001,9022005001431001,pm_rush,108.59,1133,9011005021600000,0,107.24,485
9022005000412001,9022005001431001,pm_rush,108.59,1133,9011005021700000,1,113.01,405
9022005000412001,9022005001431001,pm_rush,108.59,1133,9011005022200000,0,103.91,243
9022005000421001,9022005001424001,pm_rush,63.18,485,9011005021600000,0,63.18,485
9022005000422001,9022005001435001,pm_rush,48.16,485,9011005021600000,0,48.16,485
9022005000437002,9022005001396001,pm_rush,89.11,485,9011005021600000,0,89.11,485
9022005001249001,9022005004186001,pm_rush,104.78,890,9011005021600000,0,102.37,485
9022005001249001,9022005004186001,pm_rush,104.78,890,9011005021700000,1,107.67,405
9022005001323001,9022005001426001,pm_rush,106.58,485,9011005021600000,0,106.58,485
9022005001396001,9022005001433001,pm_rush,71.81,485,9011005021600000,0,71.81,485
9022005001418001,9022005001323001,pm_rush,76.53,485,9011005021600000,0,76.53,485
9022005001419001,9022005001418001,pm_rush,122.38,967,9011005021600000,0,123.99,485
9022005001419001,9022005001418001,pm_rush,122.38,967,9011005022100000,0,120.76,482
9022005001421002,9022005001419001,pm_rush,105.44,485,9011005021600000,0,105.44,485
9022005001422001,9022005000050019,pm_rush,396.71,485,9011005021600000,0,396.71,485
9022005001424001,9022005001422001,pm_rush,60.67,969,9011005021600000,0,64.31,485
9022005001424001,9022005001422001,pm_rush,60.67,969,9011005022100000,0,57.02,484
9022005001426001,9022005000421001,pm_rush,50.96,485,9011005021600000,0,50.96,485
9022005001431001,9022005001430001,pm_rush,90.63,1132,9011005021600000,0,74.97,485
9022005001431001,9022005001430001,pm_rush,90.63,1132,9011005021700000,1,103.39,404
9022005001431001,9022005001430001,pm_rush,90.63,1132,9011005022200000,0,100.69,243
9022005001433001,9022005000422001,pm_rush,53.95,485,9011005021600000,0,53.95,485
9022005001435001,9022005001445001,pm_rush,61.96,485,9011005021600000,0,61.96,485
9022005001437001,9022005001421002,pm_rush,129.97,60,9011005021600000,0,129.97,60
9022005001437002,9022005001421002,pm_rush,144.21,425,9011005021600000,0,144.21,425
9022005001445001,9022005001437001,pm_rush,67.02,60,9011005021600000,0,67.02,60
9022005001445001,9022005001437002,pm_rush,55.68,425,9011005021600000,0,55.68,425
9022005004186001,9022005000412001,pm_rush,119.58,890,9011005021600000,0,117.3,485
9022005004186001,9022005000412001,pm_rush,119.58,890,9011005021700000,1,122.32,405
9022005000050019,9022005000046003,weekend,304.73,142,9011005021600000,0,304.73,142
9022005000050019,9022005001243001,weekend,165.17,984,9011005021600000,0,165.17,984
9022005000412001,9022005001431001,weekend,96.53,2217,9011005021600000,0,95.26,1126
9022005000412001,9022005001431001,weekend,96.53,2217,9011005021700000,1,97.85,1091
9022005000421001,9022005001424001,weekend,56.75,1127,9011005021600000,0,56.75,1127
9022005000422001,9022005001435001,weekend,44.01,1127,9011005021600000,0,44.01,1127
9022005000437002,9022005001396001,weekend,76.09,1127,9011005021600000,0,76.09,1127
9022005001249001,9022005004186001,weekend,89.97,2217,9011005021600000,0,88.86,1126
9022005001249001,9022005004186001,weekend,89.97,2217,9011005021700000,1,91.11,1091
9022005001323001,9022005001426001,weekend,89.09,1127,9011005021600000,0,89.09,1127
9022005001396001,9022005001433001,weekend,70.26,1127,9011005021600000,0,70.26,1127
9022005001418001,9022005001323001,weekend,51.7,1127,9011005021600000,0,51.7,1127
9022005001419001,9022005001418001,weekend,78.18,1127,9011005021600000,0,78.18,1127
9022005001421002,9022005001419001,weekend,98.86,1127,9011005021600000,0,98.86,1127
9022005001422001,9022005000050019,weekend,369.41,1126,9011005021600000,0,369.41,1126
9022005001424001,9022005001422001,weekend,55.73,1127,9011005021600000,0,55.73,1127
9022005001426001,9022005000421001,weekend,35.59,1127,9011005021600000,0,35.59,1127
9022005001431001,9022005001430001,weekend,84.38,2217,9011005021600000,0,69.22,1126
9022005001431001,9022005001430001,weekend,84.38,2217,9011005021700000,1,100.03,1091
9022005001433001,9022005000422001,weekend,49.95,1127,9011005021600000,0,49.95,1127
9022005001435001,9022005001445001,weekend,49.38,1127,9011005021600000,0,49.38,1127
9022005001437001,9022005001421002,weekend,112.97,106,9011005021600000,0,112.97,106
9022005001437002,9022005001421002,weekend,119.61,1021,9011005021600000,0,119.61,1021
9022005001445001,9022005001437001,weekend,57.57,106,9011005021600000,0,57.57,106
9022005001445001,9022005001437002,weekend,50.15,1021,9011005021600000,0,50.15,1021
9022005004186001,9022005000412001,weekend,109.89,2217,9011005021600000,0,107.99,1126
9022005004186001,9022005000412001,weekend,109.89,2217,9011005021700000,1,111.85,1091
9022005000046006,9022005000050018,am_rush,384.99,87,9011005021600000,1,384.99,87
9022005000050018,9022005001422002,am_rush,291.27,625,9011005021600000,1,291.27,625
9022005000226001,9022005000416001,am_rush,88.05,626,9011005021600000,1,88.05,626
9022005000412002,9022005004186002,am_rush,118.74,1249,9011005021600000,1,118.68,625
9022005000412002,9022005004186002,am_rush,118.74,1249,9011005021700000,0,118.8,624
9022005000421002,9022005001426002,am_rush,58.26,626,9011005021600000,1,58.26,626
9022005000422002,9022005001433002,am_rush,46.61,626,9011005021600000,1,46.61,626
9022005001243002,9022005000050018,am_rush,217.55,538,9011005021600000,1,217.55,538
9022005001323002,9022005001418002,am_rush,99.61,626,9011005021600000,1,99.61,626
9022005001396002,9022005000437001,am_rush,82.51,626,9011005021600000,1,82.51,626
9022005001418002,9022005001419002,am_rush,90.08,1330,9011005021600000,1,89.22,626
9022005001418002,9022005001419002,am_rush,90.08,1330,9011005022100000,1,90.85,704
9022005001419002,9022005001421001,am_rush,66.85,1330,9011005021600000,1,67.67,626
9022005001419002,9022005001421001,am_rush,66.85,1330,9011005022100000,1,66.13,704
9022005001421001,9022005001437001,am_rush,94.84,626,9011005021600000,1,94.84,626
9022005001422002,9022005001424002,am_rush,51.67,1328,9011005021600000,1,49.67,625
9022005001422002,9022005001424002,am_rush,51.67,1328,9011005022100000,1,53.44,703
9022005001424002,9022005000421002,am_rush,61.69,626,9011005021600000,1,61.69,626
9022005001426002,9022005001323002,am_rush,102.4,626,9011005021600000,1,102.4,626
9022005001431002,9022005000412002,am_rush,95.25,1640,9011005021600000,1,93.94,625
9022005001431002,9022005000412002,am_rush,95.25,1640,9011005021700000,0,96.43,624
9022005001431002,9022005000412002,am_rush,95.25,1640,9011005022200000,1,95.47,391
9022005001433002,9022005001396002,am_rush,62.23,626,9011005021600000,1,62.23,626
9022005001435002,9022005000422002,am_rush,41.02,626,9011005021600000,1,41.02,626
9022005001437001,9022005001445002,am_rush,65.44,626,9011005021600000,1,65.44,626
9022005001445002,9022005001435002,am_rush,55.04,626,9011005021600000,1,55.04,626
9022005004186002,9022005001249002,am_rush,108.0,1249,9011005021600000,1,106.7,625
9022005004186002,9022005001249002,am_rush,108.0,1249,9011005021700000,0,109.3,624
9022005000046006,9022005000050018,day,387.08,142,9011005021600000,1,387.08,142
9022005000050018,9022005001422002,day,287.14,1044,9011005021600000,1,287.14,1044
9022005000226001,9022005000416001,day,82.91,1047,9011005021600000,1,82.91,1047
9022005000412002,9022005004186002,day,116.68,2088,9011005021600000,1,116.3,1042
9022005000412002,9022005004186002,day,116.68,2088,9011005021700000,0,117.06,1046
9022005000421002,9022005001426002,day,55.49,1046,9011005021600000,1,55.49,1046
9022005000422002,9022005001433002,day,51.03,1047,9011005021600000,1,51.03,1047
9022005001243002,9022005000050018,day,228.09,902,9011005021600000,1,228.09,902
9022005001323002,9022005001418002,day,72.68,1047,9011005021600000,1,72.68,1047
9022005001396002,9022005000437001,day,88.36,1047,9011005021600000,1,88.36,1047
9022005001418002,9022005001419002,day,76.4,1047,9011005021600000,1,76.4,1047
9022005001419002,9022005001421001,day,58.65,1047,9011005021600000,1,58.65,1047
9022005001421001,9022005001437001,day,91.7,1047,9011005021600000,1,91.7,1047
9022005001422002,9022005001424002,day,53.46,1045,9011005021600000,1,53.46,1045
9022005001424002,9022005000421002,day,60.98,1046,9011005021600000,1,60.98,1046
9022005001426002,9022005001323002,day,96.78,1047,9011005021600000,1,96.78,1047
9022005001431002,9022005000412002,day,95.47,2088,9011005021600000,1,94.99,1042
9022005001431002,9022005000412002,day,95.47,2088,9011005021700000,0,95.94,1046
9022005001433002,9022005001396002,day,61.79,1047,9011005021600000,1,61.79,1047
9022005001435002,9022005000422002,day,46.61,1047,9011005021600000,1,46.61,1047
9022005001437001,9022005001445002,day,57.53,1047,9011005021600000,1,57.53,1047
9022005001445002,9022005001435002,day,59.74,1047,9011005021600000,1,59.74,1047
9022005004186002,9022005001249002,day,105.93,2089,9011005021600000,1,104.32,1043
9022005004186002,9022005001249002,day,105.93,2089,9011005021700000,0,107.54,1046
9022005000046006,9022005000050018,night,327.83,196,9011005021600000,1,327.83,196
9022005000050018,9022005001422002,night,247.85,1433,9011005021600000,1,247.85,1433
9022005000226001,9022005000416001,night,85.18,1433,9011005021600000,1,85.18,1433
9022005000412002,9022005004186002,night,107.81,2878,9011005021600000,1,108.82,1431
9022005000412002,9022005004186002,night,107.81,2878,9011005021700000,0,106.82,1447
9022005000421002,9022005001426002,night,46.82,1433,9011005021600000,1,46.82,1433
9022005000422002,9022005001433002,night,48.95,1433,9011005021600000,1,48.95,1433
9022005001243002,9022005000050018,night,223.16,1237,9011005021600000,1,223.16,1237
9022005001323002,9022005001418002,night,66.63,1433,9011005021600000,1,66.63,1433
9022005001396002,9022005000437001,night,80.91,1433,9011005021600000,1,80.91,1433
9022005001418002,9022005001419002,night,76.86,1433,9011005021600000,1,76.86,1433
9022005001419002,9022005001421001,night,57.75,1433,9011005021600000,1,57.75,1433
9022005001421001,9022005001437001,night,87.47,1433,9011005021600000,1,87.47,1433
9022005001422002,9022005001424002,night,49.48,1433,9011005021600000,1,49.48,1433
9022005001424002,9022005000421002,night,53.58,1433,9011005021600000,1,53.58,1433
9022005001426002,9022005001323002,night,92.84,1433,9011005021600000,1,92.84,1433
9022005001431002,9022005000412002,night,85.05,2878,9011005021600000,1,85.62,1431
9022005001431002,9022005000412002,night,85.05,2878,9011005021700000,0,84.49,1447
9022005001433002,9022005001396002,night,58.97,1433,9011005021600000,1,58.97,1433
9022005001435002,9022005000422002,night,44.25,1433,9011005021600000,1,44.25,1433
9022005001437001,9022005001445002,night,57.61,1433,9011005021600000,1,57.61,1433
9022005001445002,9022005001435002,night,56.07,1433,9011005021600000,1,56.07,1433
9022005004186002,9022005001249002,night,99.06,2878,9011005021600000,1,99.3,1431
9022005004186002,9022005001249002,night,99.06,2878,9011005021700000,0,98.83,1447
9022005000046006,9022005000050018,pm_rush,363.55,66,9011005021600000,1,363.55,66
9022005000050018,9022005001422002,pm_rush,334.4,486,9011005021600000,1,334.4,486
9022005000226001,9022005000416001,pm_rush,90.63,486,9011005021600000,1,90.63,486
9022005000412002,9022005004186002,pm_rush,121.3,972,9011005021600000,1,118.79,486
9022005000412002,9022005004186002,pm_rush,121.3,972,9011005021700000,0,123.81,486
9022005000421002,9022005001426002,pm_rush,51.98,486,9011005021600000,1,51.98,486
9022005000422002,9022005001433002,pm_rush,58.39,486,9011005021600000,1,58.39,486
9022005001243002,9022005000050018,pm_rush,227.18,420,9011005021600000,1,227.18,420
9022005001323002,9022005001418002,pm_rush,106.67,486,9011005021600000,1,106.67,486
9022005001396002,9022005000437001,pm_rush,98.01,486,9011005021600000,1,98.01,486
9022005001418002,9022005001419002,pm_rush,87.9,486,9011005021600000,1,87.9,486
9022005001419002,9022005001421001,pm_rush,58.86,486,9011005021600000,1,58.86,486
9022005001421001,9022005001437001,pm_rush,96.03,486,9011005021600000,1,96.03,486
9022005001422002,9022005001424002,pm_rush,57.71,486,9011005021600000,1,57.71,486
9022005001424002,9022005000421002,pm_rush,61.75,486,9011005021600000,1,61.75,486
9022005001426002,9022005001323002,pm_rush,126.95,486,9011005021600000,1,126.95,486
9022005001431002,9022005000412002,pm_rush,101.52,972,9011005021600000,1,100.82,486
9022005001431002,9022005000412002,pm_rush,101.52,972,9011005021700000,0,102.23,486
9022005001433002,9022005001396002,pm_rush,63.78,486,9011005021600000,1,63.78,486
9022005001435002,9022005000422002,pm_rush,54.34,486,9011005021600000,1,54.34,486
9022005001437001,9022005001445002,pm_rush,60.96,486,9011005021600000,1,60.96,486
9022005001445002,9022005001435002,pm_rush,67.01,486,9011005021600000,1,67.01,486
9022005004186002,9022005001249002,pm_rush,107.94,972,9011005021600000,1,107.8,486
9022005004186002,9022005001249002,pm_rush,107.94,972,9011005021700000,0,108.09,486
9022005000046006,9022005000050018,weekend,369.71,144,9011005021600000,1,369.71,144
9022005000050018,9022005001422002,weekend,250.08,1151,9011005021600000,1,250.08,1151
9022005000226001,9022005000416001,weekend,82.68,1150,9011005021600000,1,82.68,1150
9022005000412002,9022005004186002,weekend,111.27,2255,9011005021600000,1,111.79,1151
9022005000412002,9022005004186002,weekend,111.27,2255,9011005021700000,0,110.73,1104
9022005000421002,9022005001426002,weekend,43.1,1151,9011005021600000,1,43.1,1151
9022005000422002,9022005001433002,weekend,47.65,1150,9011005021600000,1,47.65,1150
9022005001243002,9022005000050018,weekend,247.15,1007,9011005021600000,1,247.15,1007
9022005001323002,9022005001418002,weekend,60.25,1150,9011005021600000,1,60.25,1150
9022005001396002,9022005000437001,weekend,80.35,1150,9011005021600000,1,80.35,1150
9022005001418002,9022005001419002,weekend,70.03,1150,9011005021600000,1,70.03,1150
9022005001419002,9022005001421001,weekend,53.92,1150,9011005021600000,1,53.92,1150
9022005001421001,9022005001437001,weekend,84.11,1150,9011005021600000,1,84.11,1150
9022005001422002,9022005001424002,weekend,49.39,1151,9011005021600000,1,49.39,1151
9022005001424002,9022005000421002,weekend,52.44,1151,9011005021600000,1,52.44,1151
9022005001426002,9022005001323002,weekend,88.44,1151,9011005021600000,1,88.44,1151
9022005001431002,9022005000412002,weekend,87.48,2255,9011005021600000,1,87.62,1151
9022005001431002,9022005000412002,weekend,87.48,2255,9011005021700000,0,87.34,1104
9022005001433002,9022005001396002,weekend,56.58,1150,9011005021600000,1,56.58,1150
9022005001435002,9022005000422002,weekend,41.6,1150,9011005021600000,1,41.6,1150
9022005001437001,9022005001445002,weekend,55.75,1150,9011005021600000,1,55.75,1150
9022005001445002,9022005001435002,weekend,54.39,1150,9011005021600000,1,54.39,1150
9022005004186002,9022005001249002,weekend,98.6,2255,9011005021600000,1,98.94,1151
9022005004186002,9022005001249002,weekend,98.6,2255,9011005021700000,0,98.25,1104
9022005000044003,9022005001596002,am_rush,72.68,624,9011005021700000,0,72.68,624
9022005000046006,9022005000050019,am_rush,314.23,87,9011005021700000,0,314.23,87
9022005001229001,9022005000044003,am_rush,60.71,624,9011005021700000,0,60.71,624
9022005001243002,9022005000050019,am_rush,137.3,537,9011005021700000,0,137.3,537
9022005001300002,9022005001430002,am_rush,120.36,624,9011005021700000,0,120.36,624
9022005001301002,9022005001300002,am_rush,63.62,624,9011005021700000,0,63.62,624
9022005001302002,9022005001301002,am_rush,83.81,624,9011005021700000,0,83.81,624
9022005001303002,9022005001302002,am_rush,117.68,624,9011005021700000,0,117.68,624
9022005001430002,9022005001431002,am_rush,105.11,1015,9011005021700000,0,108.21,624
9022005001430002,9022005001431002,am_rush,105.11,1015,9011005022200000,1,100.17,391
9022005001596002,9022005001303002,am_rush,113.23,624,9011005021700000,0,113.23,624
9022005003838001,9022005001230001,am_rush,83.47,624,9011005021700000,0,83.47,624
9022005000044003,9022005001596002,day,72.13,1045,9011005021700000,0,72.13,1045
9022005000046006,9022005000050019,day,318.7,143,9011005021700000,0,318.7,143
9022005001229001,9022005000044003,day,66.71,1045,9011005021700000,0,66.71,1045
9022005001243002,9022005000050019,day,162.99,904,9011005021700000,0,162.99,904
9022005001300002,9022005001430002,day,129.21,1047,9011005021700000,0,129.21,1047
9022005001301002,9022005001300002,day,61.63,1047,9011005021700000,0,61.63,1047
9022005001302002,9022005001301002,day,78.99,1047,9011005021700000,0,78.99,1047
9022005001303002,9022005001302002,day,112.0,1045,9011005021700000,0,112.0,1045
9022005001430002,9022005001431002,day,104.37,1047,9011005021700000,0,104.37,1047
9022005001596002,9022005001303002,day,105.28,1045,9011005021700000,0,105.28,1045
9022005003838001,9022005001230001,day,72.09,1045,9011005021700000,0,72.09,1045
9022005000044003,9022005001596002,night,69.04,1445,9011005021700000,0,69.04,1445
9022005000046006,9022005000050019,night,256.53,198,9011005021700000,0,256.53,198
9022005001229001,9022005000044003,night,50.91,1445,9011005021700000,0,50.91,1445
9022005001243002,9022005000050019,night,125.93,1249,9011005021700000,0,125.93,1249
9022005001300002,9022005001430002,night,108.05,1447,9011005021700000,0,108.05,1447
9022005001301002,9022005001300002,night,52.74,1447,9011005021700000,0,52.74,1447
9022005001302002,9022005001301002,night,76.16,1447,9011005021700000,0,76.16,1447
9022005001303002,9022005001302002,night,103.2,1446,9011005021700000,0,103.2,1446
9022005001430002,9022005001431002,night,83.24,1447,9011005021700000,0,83.24,1447
9022005001596002,9022005001303002,night,98.47,1445,9011005021700000,0,98.47,1445
9022005003838001,9022005001230001,night,70.81,1445,9011005021700000,0,70.81,1445
9022005000044003,9022005001596002,pm_rush,71.97,486,9011005021700000,0,71.97,486
9022005000046006,9022005000050019,pm_rush,297.77,66,9011005021700000,0,297.77,66
9022005001229001,9022005000044003,pm_rush,59.32,486,9011005021700000,0,59.32,486
9022005001243002,9022005000050019,pm_rush,150.64,420,9011005021700000,0,150.64,420
9022005001300002,9022005001430002,pm_rush,129.71,486,9011005021700000,0,129.71,486
9022005001301002,9022005001300002,pm_rush,55.68,486,9011005021700000,0,55.68,486
9022005001302002,9022005001301002,pm_rush,80.12,486,9011005021700000,0,80.12,486
9022005001303002,9022005001302002,pm_rush,116.36,486,9011005021700000,0,116.36,486
9022005001430002,9022005001431002,pm_rush,101.91,486,9011005021700000,0,101.91,486
9022005001596002,9022005001303002,pm_rush,104.15,486,9011005021700000,0,104.15,486
9022005003838001,9022005001230001,pm_rush,72.76,486,9011005021700000,0,72.76,486
9022005000044003,9022005001596002,weekend,69.99,1103,9011005021700000,0,69.99,1103
9022005000046006,9022005000050019,weekend,264.5,140,9011005021700000,0,264.5,140
9022005001229001,9022005000044003,weekend,56.16,1103,9011005021700000,0,56.16,1103
9022005001243002,9022005000050019,weekend,136.96,964,9011005021700000,0,136.96,964
9022005001300002,9022005001430002,weekend,110.93,1104,9011005021700000,0,110.93,1104
9022005001301002,9022005001300002,weekend,54.78,1104,9011005021700000,0,54.78,1104
9022005001302002,9022005001301002,weekend,76.97,1104,9011005021700000,0,76.97,1104
9022005001303002,9022005001302002,weekend,107.08,1104,9011005021700000,0,107.08,1104
9022005001430002,9022005001431002,weekend,89.46,1104,9011005021700000,0,89.46,1104
9022005001596002,9022005001303002,weekend,97.93,1103,9011005021700000,0,97.93,1103
9022005003838001,9022005001230001,weekend,70.06,1103,9011005021700000,0,70.06,1103
9022005000043001,9022005001300001,am_rush,56.44,625,9011005021700000,1,56.44,625
9022005000044002,9022005001229002,am_rush,53.4,625,9011005021700000,1,53.4,625
9022005001230002,9022005003838002,am_rush,63.58,625,9011005021700000,1,63.58,625
9022005001300001,9022005001301001,am_rush,45.51,625,9011005021700000,1,45.51,625
9022005001301001,9022005001302001,am_rush,96.96,625,9011005021700000,1,96.96,625
9022005001302001,9022005001303001,am_rush,87.3,625,9011005021700000,1,87.3,625
9022005001303001,9022005001596001,am_rush,95.93,625,9011005021700000,1,95.93,625
9022005001430001,9022005000043001,am_rush,62.72,625,9011005021700000,1,62.72,625
9022005001596001,9022005000044002,am_rush,73.63,625,9011005021700000,1,73.63,625
9022005001598001,9022005000416001,am_rush,42.41,625,9011005021700000,1,42.41,625
9022005000043001,9022005001300001,day,59.86,1047,9011005021700000,1,59.86,1047
9022005000044002,9022005001229002,day,57.58,1047,9011005021700000,1,57.58,1047
9022005001230002,9022005003838002,day,63.64,1047,9011005021700000,1,63.64,1047
9022005001300001,9022005001301001,day,50.33,1047,9011005021700000,1,50.33,1047
9022005001301001,9022005001302001,day,97.73,1047,9011005021700000,1,97.73,1047
9022005001302001,9022005001303001,day,93.73,1047,9011005021700000,1,93.73,1047
9022005001303001,9022005001596001,day,95.39,1047,9011005021700000,1,95.39,1047
9022005001430001,9022005000043001,day,63.11,1046,9011005021700000,1,63.11,1046
9022005001596001,9022005000044002,day,77.88,1047,9011005021700000,1,77.88,1047
9022005001598001,9022005000416001,day,45.41,1047,9011005021700000,1,45.41,1047
9022005000043001,9022005001300001,night,59.52,1374,9011005021700000,1,59.52,1374
9022005000044002,9022005001229002,night,55.44,1374,9011005021700000,1,55.44,1374
9022005001230002,9022005003838002,night,60.85,1374,9011005021700000,1,60.85,1374
9022005001300001,9022005001301001,night,48.57,1374,9011005021700000,1,48.57,1374
9022005001301001,9022005001302001,night,97.89,1374,9011005021700000,1,97.89,1374
9022005001302001,9022005001303001,night,90.2,1374,9011005021700000,1,90.2,1374
9022005001303001,9022005001596001,night,95.7,1374,9011005021700000,1,95.7,1374
9022005001430001,9022005000043001,night,55.31,1454,9011005021700000,1,54.59,1374
9022005001430001,9022005000043001,night,55.31,1454,9011005022200000,0,67.68,80
9022005001596001,9022005000044002,night,73.98,1374,9011005021700000,1,73.98,1374
9022005001598001,9022005000416001,night,43.05,1454,9011005021700000,1,43.29,1374
9022005001598001,9022005000416001,night,43.05,1454,9011005022200000,0,39.01,80
9022005000043001,9022005001300001,pm_rush,67.76,404,9011005021700000,1,67.76,404
9022005000044002,9022005001229002,pm_rush,64.26,404,9011005021700000,1,64.26,404
9022005001230002,9022005003838002,pm_rush,90.32,404,9011005021700000,1,90.32,404
9022005001300001,9022005001301001,pm_rush,54.13,404,9011005021700000,1,54.13,404
9022005001301001,9022005001302001,pm_rush,107.68,404,9011005021700000,1,107.68,404
9022005001302001,9022005001303001,pm_rush,105.17,404,9011005021700000,1,105.17,404
9022005001303001,9022005001596001,pm_rush,107.24,404,9011005021700000,1,107.24,404
9022005001430001,9022005000043001,pm_rush,83.01,647,9011005021700000,1,85.07,404
9022005001430001,9022005000043001,pm_rush,83.01,647,9011005022200000,0,79.58,243
9022005001596001,9022005000044002,pm_rush,85.79,404,9011005021700000,1,85.79,404
9022005001598001,9022005000416001,pm_rush,50.17,647,9011005021700000,1,50.26,404
9022005001598001,9022005000416001,pm_rush,50.17,647,9011005022200000,0,50.03,243
9022005000043001,9022005001300001,weekend,57.47,1091,9011005021700000,1,57.47,1091
9022005000044002,9022005001229002,weekend,54.02,1090,9011005021700000,1,54.02,1090
9022005001230002,9022005003838002,weekend,58.33,1090,9011005021700000,1,58.33,1090
9022005001300001,9022005001301001,weekend,47.34,1091,9011005021700000,1,47.34,1091
9022005001301001,9022005001302001,weekend,96.01,1091,9011005021700000,1,96.01,1091
9022005001302001,9022005001303001,weekend,89.75,1090,9011005021700000,1,89.75,1090
9022005001303001,9022005001596001,weekend,94.65,1090,9011005021700000,1,94.65,1090
9022005001430001,9022005000043001,weekend,53.5,1091,9011005021700000,1,53.5,1091
9022005001596001,9022005000044002,weekend,74.17,1090,9011005021700000,1,74.17,1090
9022005001598001,9022005000416001,weekend,40.34,1090,9011005021700000,1,40.34,1090
9022005000229002,9022005004091002,am_rush,59.49,224,9011005021800000,0,59.49,224
9022005000430002,9022005000229002,am_rush,30.24,224,9011005021800000,0,30.24,224
9022005001248002,9022005001249002,am_rush,201.15,702,9011005021800000,0,201.15,702
9022005001307002,9022005000430002,am_rush,36.38,224,9011005021800000,0,36.38,224
9022005003580002,9022005001248002,am_rush,99.99,702,9011005021800000,0,99.99,702
9022005004067002,9022005003580002,am_rush,103.48,702,9011005021800000,0,103.48,702
9022005004091002,9022005004067002,am_rush,35.73,702,9011005021800000,0,35.73,702
9022005000229002,9022005004091002,day,62.16,299,9011005021800000,0,62.16,299
9022005000430002,9022005000229002,day,31.25,299,9011005021800000,0,31.25,299
9022005001248002,9022005001249002,day,200.65,965,9011005021800000,0,200.65,965
9022005001307002,9022005000430002,day,41.71,299,9011005021800000,0,41.71,299
9022005003580002,9022005001248002,day,102.59,965,9011005021800000,0,102.59,965
9022005004067002,9022005003580002,day,107.71,965,9011005021800000,0,107.71,965
9022005004091002,9022005004067002,day,36.27,965,9011005021800000,0,36.27,965
9022005000229002,9022005004091002,night,46.02,476,9011005021800000,0,46.02,476
9022005000430002,9022005000229002,night,25.66,476,9011005021800000,0,25.66,476
9022005001248002,9022005001249002,night,186.58,1529,9011005021800000,0,186.58,1529
9022005001307002,9022005000430002,night,52.93,476,9011005021800000,0,52.93,476
9022005003580002,9022005001248002,night,88.83,1529,9011005021800000,0,88.83,1529
9022005004067002,9022005003580002,night,93.78,1529,9011005021800000,0,93.78,1529
9022005004091002,9022005004067002,night,28.48,1529,9011005021800000,0,28.48,1529
9022005000229002,9022005004091002,pm_rush,48.95,150,9011005021800000,0,48.95,150
9022005000430002,9022005000229002,pm_rush,24.07,150,9011005021800000,0,24.07,150
9022005001248002,9022005001249002,pm_rush,212.82,486,9011005021800000,0,212.82,486
9022005001307002,9022005000430002,pm_rush,71.67,150,9011005021800000,0,71.67,150
9022005003580002,9022005001248002,pm_rush,114.17,486,9011005021800000,0,114.17,486
9022005004067002,9022005003580002,pm_rush,110.44,486,9011005021800000,0,110.44,486
9022005004091002,9022005004067002,pm_rush,39.79,486,9011005021800000,0,39.79,486
9022005000229002,9022005004091002,weekend,53.89,288,9011005021800000,0,53.89,288
9022005000430002,9022005000229002,weekend,30.4,288,9011005021800000,0,30.4,288
9022005001248002,9022005001249002,weekend,177.07,1036,9011005021800000,0,177.07,1036
9022005001307002,9022005000430002,weekend,45.31,288,9011005021800000,0,45.31,288
9022005003580002,9022005001248002,weekend,90.27,1036,9011005021800000,0,90.27,1036
9022005004067002,9022005003580002,weekend,99.35,1036,9011005021800000,0,99.35,1036
9022005004091002,9022005004067002,weekend,29.84,1036,9011005021800000,0,29.84,1036
9022005000229001,9022005000430001,am_rush,36.18,174,9011005021800000,1,36.18,174
9022005000430001,9022005001307001,am_rush,48.43,174,9011005021800000,1,48.43,174
9022005001248001,9022005003580001,am_rush,120.65,547,9011005021800000,1,120.65,547
9022005001249001,9022005001248001,am_rush,179.07,547,9011005021800000,1,179.07,547
9022005001307001,9022005000215003,am_rush,86.52,174,9011005021800000,1,86.52,174
9022005003580001,9022005004067001,am_rush,92.44,547,9011005021800000,1,92.44,547
9022005004067001,9022005004091001,am_rush,38.43,547,9011005021800000,1,38.43,547
9022005004091001,9022005000215003,am_rush,203.22,373,9011005021800000,1,203.22,373
9022005004091001,9022005000229001,am_rush,45.82,174,9011005021800000,1,45.82,174
9022005000229001,9022005000430001,day,37.75,350,9011005021800000,1,37.75,350
9022005000430001,9022005001307001,day,49.01,350,9011005021800000,1,49.01,350
9022005001248001,9022005003580001,day,121.5,1127,9011005021800000,1,121.5,1127
9022005001249001,9022005001248001,day,173.88,1127,9011005021800000,1,173.88,1127
9022005001307001,9022005000215003,day,92.23,350,9011005021800000,1,92.23,350
9022005003580001,9022005004067001,day,95.65,1128,9011005021800000,1,95.65,1128
9022005004067001,9022005004091001,day,38.96,1128,9011005021800000,1,38.96,1128
9022005004091001,9022005000215003,day,202.93,778,9011005021800000,1,202.93,778
9022005004091001,9022005000229001,day,48.09,350,9011005021800000,1,48.09,350
9022005000229001,9022005000430001,night,33.3,423,9011005021800000,1,33.3,423
9022005000430001,9022005001307001,night,46.51,423,9011005021800000,1,46.51,423
9022005001248001,9022005003580001,night,108.62,1367,9011005021800000,1,108.62,1367
9022005001249001,9022005001248001,night,156.78,1367,9011005021800000,1,156.78,1367
9022005001307001,9022005000215003,night,77.7,423,9011005021800000,1,77.7,423
9022005003580001,9022005004067001,night,85.64,1367,9011005021800000,1,85.64,1367
9022005004067001,9022005004091001,night,32.38,1367,9011005021800000,1,32.38,1367
9022005004091001,9022005000215003,night,200.42,944,9011005021800000,1,200.42,944
9022005004091001,9022005000229001,night,46.7,423,9011005021800000,1,46.7,423
9022005000229001,9022005000430001,pm_rush,34.76,149,9011005021800000,1,34.76,149
9022005000430001,9022005001307001,pm_rush,46.81,149,9011005021800000,1,46.81,149
9022005001248001,9022005003580001,pm_rush,148.39,482,9011005021800000,1,148.39,482
9022005001249001,9022005001248001,pm_rush,251.56,482,9011005021800000,1,251.56,482
9022005001307001,9022005000215003,pm_rush,87.64,149,9011005021800000,1,87.64,149
9022005003580001,9022005004067001,pm_rush,100.22,482,9011005021800000,1,100.22,482
9022005004067001,9022005004091001,pm_rush,40.46,482,9011005021800000,1,40.46,482
9022005004091001,9022005000215003,pm_rush,209.52,333,9011005021800000,1,209.52,333
9022005004091001,9022005000229001,pm_rush,48.52,149,9011005021800000,1,48.52,149
9022005000229001,9022005000430001,weekend,35.25,310,9011005021800000,1,35.25,310
9022005000430001,9022005001307001,weekend,47.39,310,9011005021800000,1,47.39,310
9022005001248001,9022005003580001,weekend,108.97,1104,9011005021800000,1,108.97,1104
9022005001249001,9022005001248001,weekend,154.34,1104,9011005021800000,1,154.34,1104
9022005001307001,9022005000215003,weekend,80.28,310,9011005021800000,1,80.28,310
9022005003580001,9022005004067001,weekend,88.53,1104,9011005021800000,1,88.53,1104
9022005004067001,9022005004091001,weekend,30.86,1104,9011005021800000,1,30.86,1104
9022005004091001,9022005000215003,weekend,199.44,794,9011005021800000,1,199.44,794
9022005004091001,9022005000229001,weekend,44.4,310,9011005021800000,1,44.4,310
9022005001256002,9022005000050020,day,511.64,241,9011005022000000,0,511.64,241
9022005001256002,9022005000050020,night,534.98,162,9011005022000000,0,534.98,162
9022005001256002,9022005000050020,pm_rush,563.47,486,9011005022000000,0,563.47,486
9022005003847002,9022005004232003,am_rush,74.04,937,9011005022000000,1,72.17,545
9022005003847002,9022005004232003,am_rush,74.04,937,9011005022200000,1,76.65,392
9022005004232003,9022005004139002,am_rush,65.86,936,9011005022000000,1,67.99,544
9022005004232003,9022005004139002,am_rush,65.86,936,9011005022200000,1,62.91,392
9022005003847002,9022005004232003,day,60.11,643,9011005022000000,1,60.42,161
9022005003847002,9022005004232003,day,60.11,643,9011005022600000,0,60.01,482
9022005004232003,9022005004139002,day,55.27,644,9011005022000000,1,69.23,161
9022005004232003,9022005004139002,day,55.27,644,9011005022600000,0,50.61,483
9022005000435002,9022005001424001,day,148.65,81,9011005022100000,0,148.65,81
9022005001418001,9022005000435002,day,127.01,81,9011005022100000,0,127.01,81
9022005001422001,9022005000050018,day,245.54,81,9011005022100000,0,245.54,81
9022005000435002,9022005001424001,night,151.18,162,9011005022100000,0,151.18,162
9022005001418001,9022005000435002,night,170.09,162,9011005022100000,0,170.09,162
9022005001422001,9022005000050018,night,251.46,162,9011005022100000,0,251.46,162
9022005000435002,9022005001424001,pm_rush,152.95,482,9011005022100000,0,152.95,482
9022005001418001,9022005000435002,pm_rush,173.19,482,9011005022100000,0,173.19,482
9022005001422001,9022005000050018,pm_rush,248.82,484,9011005022100000,0,248.82,484
9022005000435001,9022005001418002,am_rush,138.27,704,9011005022100000,1,138.27,704
9022005001424002,9022005000435001,am_rush,162.3,704,9011005022100000,1,162.3,704
9022005000416001,9022005000226002,night,142.61,80,9011005022200000,0,142.61,80
9022005003847001,9022005080182002,night,114.6,161,9011005022200000,0,120.4,80
9022005003847001,9022005080182002,night,114.6,161,9011005022600000,1,108.88,81
9022005004236002,9022005004253002,night,88.18,80,9011005022200000,0,88.18,80
9022005004253002,9022005000412001,night,108.41,80,9011005022200000,0,108.41,80
9022005000416001,9022005000226002,pm_rush,147.43,243,9011005022200000,0,147.43,243
9022005003847001,9022005080182002,pm_rush,120.23,405,9011005022200000,0,126.7,243
9022005003847001,9022005080182002,pm_rush,120.23,405,9011005022600000,1,110.53,162
9022005004236002,9022005004253002,pm_rush,94.45,243,9011005022200000,0,94.45,243
9022005004253002,9022005000412001,pm_rush,111.24,243,9011005022200000,0,111.24,243
9022005000412002,9022005004253001,am_rush,112.24,392,9011005022200000,1,112.24,392
9022005000416002,9022005001598002,am_rush,74.2,391,9011005022200000,1,74.2,391
9022005001231002,9022005001430002,am_rush,154.92,391,9011005022200000,1,154.92,391
9022005004253001,9022005004236001,am_rush,88.64,392,9011005022200000,1,88.64,392
9022005080182001,9022005003847002,am_rush,116.41,392,9011005022200000,1,116.41,392
9022005000048001,9022005001237001,day,91.91,484,9011005022600000,0,91.91,484
9022005000213001,9022005080182001,day,271.22,482,9011005022600000,0,271.22,482
9022005000228001,9022005003839002,day,73.14,966,9011005022600000,0,71.85,483
9022005000228001,9022005003839002,day,73.14,966,9011005022600000,1,74.43,483
9022005001237001,9022005000429002,day,133.64,484,9011005022600000,0,133.64,484
9022005001315001,9022005001236003,day,317.18,483,9011005022600000,0,317.18,483
9022005003839001,9022005000228001,day,67.01,966,9011005022600000,0,57.09,483
9022005003839001,9022005000228001,day,67.01,966,9011005022600000,1,76.93,483
9022005003839002,9022005003840002,day,47.23,966,9011005022600000,0,47.16,483
9022005003839002,9022005003840002,day,47.23,966,9011005022600000,1,47.3,483
9022005003840001,9022005003839001,day,50.29,966,9011005022600000,0,48.86,483
9022005003840001,9022005003839001,day,50.29,966,9011005022600000,1,51.72,483
9022005003840002,9022005001343001,day,135.18,483,9011005022600000,0,135.18,483
9022005004139002,9022005003840001,day,85.44,483,9011005022600000,0,85.44,483
9022005004171002,9022005004189001,day,94.86,484,9011005022600000,0,94.86,484
9022005080182001,9022005003847002,day,102.41,482,9011005022600000,0,102.41,482
9022005000048001,9022005001237001,night,87.79,81,9011005022600000,0,87.79,81
9022005000213001,9022005080182001,night,297.96,81,9011005022600000,0,297.96,81
9022005000228001,9022005003839002,night,69.61,162,9011005022600000,0,67.21,81
9022005000228001,9022005003839002,night,69.61,162,9011005022600000,1,72.02,81
9022005001237001,9022005000429002,night,128.37,81,9011005022600000,0,128.37,81
9022005001315001,9022005001236003,night,325.56,81,9011005022600000,0,325.56,81
9022005003839001,9022005000228001,night,67.13,162,9011005022600000,0,55.06,81
9022005003839001,9022005000228001,night,67.13,162,9011005022600000,1,79.2,81
9022005003839002,9022005003840002,night,48.72,162,9011005022600000,0,50.47,81
9022005003839002,9022005003840002,night,48.72,162,9011005022600000,1,46.96,81
9022005003840001,9022005003839001,night,49.24,162,9011005022600000,0,47.35,81
9022005003840001,9022005003839001,night,49.24,162,9011005022600000,1,51.12,81
9022005003840002,9022005001343001,night,135.7,81,9011005022600000,0,135.7,81
9022005003847002,9022005004232003,night,74.32,81,9011005022600000,0,74.32,81
9022005004139002,9022005003840001,night,87.91,81,9011005022600000,0,87.91,81
9022005004171002,9022005004189001,night,92.62,81,9011005022600000,0,92.62,81
9022005004232003,9022005004139002,night,59.17,81,9011005022600000,0,59.17,81
9022005080182001,9022005003847002,night,113.38,81,9011005022600000,0,113.38,81
9022005000048001,9022005001237001,pm_rush,93.32,162,9011005022600000,0,93.32,162
9022005000213001,9022005080182001,pm_rush,291.49,162,9011005022600000,0,291.49,162
9022005000228001,9022005003839002,pm_rush,70.04,324,9011005022600000,0,67.92,162
9022005000228001,9022005003839002,pm_rush,70.04,324,9011005022600000,1,72.15,162
9022005001237001,9022005000429002,pm_rush,140.44,162,9011005022600000,0,140.44,162
9022005001315001,9022005001236003,pm_rush,349.56,162,9011005022600000,0,349.56,162
9022005003839001,9022005000228001,pm_rush,61.18,324,9011005022600000,0,56.61,162
9022005003839001,9022005000228001,pm_rush,61.18,324,9011005022600000,1,65.75,162
9022005003839002,9022005003840002,pm_rush,45.72,324,9011005022600000,0,44.24,162
9022005003839002,9022005003840002,pm_rush,45.72,324,9011005022600000,1,47.19,162
9022005003840001,9022005003839001,pm_rush,55.02,324,9011005022600000,0,55.28,162
9022005003840001,9022005003839001,pm_rush,55.02,324,9011005022600000,1,54.75,162
9022005003840002,9022005001343001,pm_rush,143.02,162,9011005022600000,0,143.02,162
9022005003847002,9022005004232003,pm_rush,74.86,162,9011005022600000,0,74.86,162
9022005004139002,9022005003840001,pm_rush,90.32,162,9011005022600000,0,90.32,162
9022005004171002,9022005004189001,pm_rush,98.2,162,9011005022600000,0,98.2,162
9022005004232003,9022005004139002,pm_rush,66.25,162,9011005022600000,0,66.25,162
9022005080182001,9022005003847002,pm_rush,109.43,162,9011005022600000,0,109.43,162
9022005000048001,9022005001237001,weekend,90.01,192,9011005022600000,0,90.01,192
9022005000213001,9022005080182001,weekend,247.26,191,9011005022600000,0,247.26,191
9022005000228001,9022005003839002,weekend,72.3,415,9011005022600000,0,71.05,191
9022005000228001,9022005003839002,weekend,72.3,415,9011005022600000,1,73.36,224
9022005001237001,9022005000429002,weekend,145.92,192,9011005022600000,0,145.92,192
9022005001315001,9022005001236003,weekend,314.54,191,9011005022600000,0,314.54,191
9022005003839001,9022005000228001,weekend,69.33,415,9011005022600000,0,58.21,191
9022005003839001,9022005000228001,weekend,69.33,415,9011005022600000,1,78.82,224
9022005003839002,9022005003840002,weekend,45.31,415,9011005022600000,0,44.35,191
9022005003839002,9022005003840002,weekend,45.31,415,9011005022600000,1,46.12,224
9022005003840001,9022005003839001,weekend,48.32,415,9011005022600000,0,48.8,191
9022005003840001,9022005003839001,weekend,48.32,415,9011005022600000,1,47.91,224
9022005003840002,9022005001343001,weekend,131.13,191,9011005022600000,0,131.13,191
9022005003847002,9022005004232003,weekend,53.68,191,9011005022600000,0,53.68,191
9022005004139002,9022005003840001,weekend,84.53,191,9011005022600000,0,84.53,191
9022005004171002,9022005004189001,weekend,97.39,192,9011005022600000,0,97.39,192
9022005004232003,9022005004139002,weekend,48.57,191,9011005022600000,0,48.57,191
9022005080182001,9022005003847002,weekend,95.64,191,9011005022600000,0,95.64,191
9022005000048001,9022005001411001,am_rush,122.75,79,9011005022600000,1,122.75,79
9022005000228001,9022005003839002,am_rush,77.13,79,9011005022600000,1,77.13,79
9022005000429001,9022005001237002,am_rush,97.58,79,9011005022600000,1,97.58,79
9022005001236001,9022005001315002,am_rush,263.33,79,9011005022600000,1,263.33,79
9022005001237002,9022005000048001,am_rush,188.33,79,9011005022600000,1,188.33,79
9022005001343002,9022005003840001,am_rush,117.56,79,9011005022600000,1,117.56,79
9022005003839001,9022005000228001,am_rush,76.37,79,9011005022600000,1,76.37,79
9022005003839002,9022005003840002,am_rush,49.54,79,9011005022600000,1,49.54,79
9022005003840001,9022005003839001,am_rush,49.08,79,9011005022600000,1,49.08,79
9022005003840002,9022005004139001,am_rush,98.84,79,9011005022600000,1,98.84,79
9022005003847001,9022005080182002,am_rush,107.37,79,9011005022600000,1,107.37,79
9022005004139001,9022005004232001,am_rush,76.05,79,9011005022600000,1,76.05,79
9022005080182002,9022005000213002,am_rush,238.66,79,9011005022600000,1,238.66,79
9022005000048001,9022005001411001,day,111.8,482,9011005022600000,1,111.8,482
9022005000429001,9022005001237002,day,105.75,482,9011005022600000,1,105.75,482
9022005001236001,9022005001315002,day,251.62,482,9011005022600000,1,251.62,482
9022005001237002,9022005000048001,day,170.37,482,9011005022600000,1,170.37,482
9022005001343002,9022005003840001,day,114.93,483,9011005022600000,1,114.93,483
9022005003840002,9022005004139001,day,92.43,483,9011005022600000,1,92.43,483
9022005003847001,9022005080182002,day,109.87,483,9011005022600000,1,109.87,483
9022005004139001,9022005004232001,day,65.29,483,9011005022600000,1,65.29,483
9022005080182002,9022005000213002,day,241.45,483,9011005022600000,1,241.45,483
9022005000048001,9022005001411001,night,107.14,81,9011005022600000,1,107.14,81
9022005000429001,9022005001237002,night,119.1,81,9011005022600000,1,119.1,81
9022005001236001,9022005001315002,night,257.22,81,9011005022600000,1,257.22,81
9022005001237002,9022005000048001,night,167.95,81,9011005022600000,1,167.95,81
9022005001343002,9022005003840001,night,110.9,81,9011005022600000,1,110.9,81
9022005003840002,9022005004139001,night,88.47,81,9011005022600000,1,88.47,81
9022005004139001,9022005004232001,night,59.53,81,9011005022600000,1,59.53,81
9022005080182002,9022005000213002,night,242.37,81,9011005022600000,1,242.37,81
9022005000048001,9022005001411001,pm_rush,109.56,162,9011005022600000,1,109.56,162
9022005000429001,9022005001237002,pm_rush,126.51,162,9011005022600000,1,126.51,162
9022005001236001,9022005001315002,pm_rush,261.51,162,9011005022600000,1,261.51,162
9022005001237002,9022005000048001,pm_rush,157.34,162,9011005022600000,1,157.34,162
9022005001343002,9022005003840001,pm_rush,128.22,162,9011005022600000,1,128.22,162
9022005003840002,9022005004139001,pm_rush,96.67,162,9011005022600000,1,96.67,162
9022005004139001,9022005004232001,pm_rush,63.12,162,9011005022600000,1,63.12,162
9022005080182002,9022005000213002,pm_rush,293.3,162,9011005022600000,1,293.3,162
9022005000048001,9022005001411001,weekend,109.05,224,9011005022600000,1,109.05,224
9022005000429001,9022005001237002,weekend,116.14,224,9011005022600000,1,116.14,224
9022005001236001,9022005001315002,weekend,250.16,224,9011005022600000,1,250.16,224
9022005001237002,9022005000048001,weekend,159.99,224,9011005022600000,1,159.99,224
9022005001343002,9022005003840001,weekend,112.22,224,9011005022600000,1,112.22,224
9022005003840002,9022005004139001,weekend,86.8,224,9011005022600000,1,86.8,224
9022005003847001,9022005080182002,weekend,110.94,224,9011005022600000,1,110.94,224
9022005004139001,9022005004232001,weekend,56.85,224,9011005022600000,1,56.85,224
9022005080182002,9022005000213002,weekend,234.16,224,9011005022600000,1,234.16,224
