from_stop_id,to_stop_id,time_type,aggregated_mean,aggregated_sample_size,route_id,direction_id,route_mean,route_sample_size
9022005000042002,9022005000046004,am_rush,117.11,37682,9011005020100000,0,117.55,10271
9022005000042002,9022005000046004,am_rush,117.11,37682,9011005020200000,0,115.46,8969
9022005000042002,9022005000046004,am_rush,117.11,37682,9011005020400000,0,115.76,8972
9022005000042002,9022005000046004,am_rush,117.11,37682,9011005020500000,0,119.48,9470
9022005000043002,9022005001227002,am_rush,101.27,20979,9011005020100000,0,101.57,10265
9022005000043002,9022005001227002,am_rush,101.27,20979,9011005021400000,0,101.67,5271
9022005000043002,9022005001227002,am_rush,101.27,20979,9011005021500000,0,100.3,5443
9022005000045002,9022005001231002,am_rush,58.6,23984,9011005020100000,0,58.66,10265
9022005000045002,9022005001231002,am_rush,58.6,23984,9011005021400000,0,59.84,5270
9022005000045002,9022005001231002,am_rush,58.6,23984,9011005021500000,0,56.42,5442
9022005000045002,9022005001231002,am_rush,58.6,23984,9011005022200000,1,60.13,3007
9022005000046004,9022005000050003,am_rush,418.85,197,9011005020100000,0,418.85,197
9022005000046004,9022005001243002,am_rush,84.77,38196,9011005020100000,0,84.06,10075
9022005000046004,9022005001243002,am_rush,84.77,38196,9011005020200000,0,84.45,8807
9022005000046004,9022005001243002,am_rush,84.77,38196,9011005020300000,0,82.13,1079
9022005000046004,9022005001243002,am_rush,84.77,38196,9011005020400000,0,84.62,8810
9022005000046004,9022005001243002,am_rush,84.77,38196,9011005020500000,0,86.51,9275
9022005000046004,9022005001243002,am_rush,84.77,38196,9011005020600000,0,72.18,150
9022005000050003,9022005001223002,am_rush,162.69,9922,9011005020100000,0,162.69,9922
9022005000050003,9022005003849002,am_rush,257.58,346,9011005020100000,0,257.58,346
9022005000417003,9022005001219002,am_rush,68.38,9939,9011005020100000,0,68.38,9939
9022005001219002,9022005001234002,am_rush,100.12,9960,9011005020100000,0,100.12,9960
9022005001221002,9022005000042002,am_rush,110.02,45314,9011005020100000,0,108.79,10270
9022005001221002,9022005000042002,am_rush,110.02,45314,9011005020500000,0,109.61,9468
9022005001221002,9022005000042002,am_rush,110.02,45314,9011005021000000,1,113.04,7628
9022005001221002,9022005000042002,am_rush,110.02,45314,9011005021300000,0,110.42,7227
9022005001221002,9022005000042002,am_rush,110.02,45314,9011005021400000,0,111.1,5272
9022005001221002,9022005000042002,am_rush,110.02,45314,9011005021500000,0,107.23,5449
9022005001223002,9022005000417003,am_rush,82.67,9924,9011005020100000,0,82.67,9924
9022005001227002,9022005001221002,am_rush,105.14,20983,9011005020100000,0,105.67,10268
9022005001227002,9022005001221002,am_rush,105.14,20983,9011005021400000,0,105.7,5271
9022005001227002,9022005001221002,am_rush,105.14,20983,9011005021500000,0,103.59,5444
9022005001229002,9022005001230002,am_rush,49.03,15092,9011005020100000,0,57.17,10259
9022005001229002,9022005001230002,am_rush,49.03,15092,9011005021700000,1,31.76,4833
9022005001230002,9022005001233002,am_rush,86.73,10259,9011005020100000,0,86.73,10259
9022005001231002,9022005000043002,am_rush,119.31,20977,9011005020100000,0,124.3,10265
9022005001231002,9022005000043002,am_rush,119.31,20977,9011005021400000,0,117.49,5270
9022005001231002,9022005000043002,am_rush,119.31,20977,9011005021500000,0,111.65,5442
9022005001232002,9022005000045002,am_rush,57.95,18713,9011005020100000,0,58.34,10264
9022005001232002,9022005000045002,am_rush,57.95,18713,9011005021500000,0,57.22,5442
9022005001232002,9022005000045002,am_rush,57.95,18713,9011005022200000,1,57.92,3007
9022005001233002,9022005001232002,am_rush,48.25,18711,9011005020100000,0,50.14,10262
9022005001233002,9022005001232002,am_rush,48.25,18711,9011005021500000,0,46.45,5442
9022005001233002,9022005001232002,am_rush,48.25,18711,9011005022200000,1,45.07,3007
9022005001234002,9022005001235002,am_rush,40.83,10317,9011005020100000,0,40.83,10317
9022005001235002,9022005001236003,am_rush,126.47,10317,9011005020100000,0,126.47,10317
9022005001236003,9022005001411002,am_rush,47.06,20035,9011005020100000,0,47.57,10317
9022005001236003,9022005001411002,am_rush,47.06,20035,9011005020500000,0,46.51,9718
9022005001243002,9022005000050003,am_rush,254.84,10073,9011005020100000,0,254.84,10073
9022005001411002,9022005000048001,am_rush,145.29,20000,9011005020100000,0,151.18,10300
9022005001411002,9022005000048001,am_rush,145.29,20000,9011005020500000,0,139.03,9700
9022005003849002,9022005001234002,am_rush,86.14,347,9011005020100000,0,86.14,347
9022005000042002,9022005000046004,day,132.67,65430,9011005020100000,0,135.04,19618
9022005000042002,9022005000046004,day,132.67,65430,9011005020200000,0,127.32,14122
9022005000042002,9022005000046004,day,132.67,65430,9011005020400000,0,129.28,14380
9022005000042002,9022005000046004,day,132.67,65430,9011005020500000,0,137.17,17310
9022005000043002,9022005001227002,day,99.63,35381,9011005020100000,0,99.88,19602
9022005000043002,9022005001227002,day,99.63,35381,9011005021400000,0,100.48,8020
9022005000043002,9022005001227002,day,99.63,35381,9011005021500000,0,98.11,7759
9022005000045002,9022005001231002,day,51.98,35376,9011005020100000,0,52.52,19601
9022005000045002,9022005001231002,day,51.98,35376,9011005021400000,0,52.2,8021
9022005000045002,9022005001231002,day,51.98,35376,9011005021500000,0,50.41,7754
9022005000046004,9022005000050003,day,390.5,396,9011005020100000,0,390.5,396
9022005000046004,9022005001243002,day,91.76,66285,9011005020100000,0,92.43,19227
9022005000046004,9022005001243002,day,91.76,66285,9011005020200000,0,90.15,13859
9022005000046004,9022005001243002,day,91.76,66285,9011005020300000,0,86.27,1953
9022005000046004,9022005001243002,day,91.76,66285,9011005020400000,0,91.03,14120
9022005000046004,9022005001243002,day,91.76,66285,9011005020500000,0,93.78,16916
9022005000046004,9022005001243002,day,91.76,66285,9011005020600000,0,75.01,210
9022005000050003,9022005001223002,day,159.81,18971,9011005020100000,0,159.81,18971
9022005000050003,9022005003849002,day,262.69,657,9011005020100000,0,262.69,657
9022005000417003,9022005001219002,day,75.1,19035,9011005020100000,0,75.1,19035
9022005001219002,9022005001234002,day,106.63,19069,9011005020100000,0,106.63,19069
9022005001221002,9022005000042002,day,103.95,72053,9011005020100000,0,105.48,19614
9022005001221002,9022005000042002,day,103.95,72053,9011005020500000,0,106.98,17305
9022005001221002,9022005000042002,day,103.95,72053,9011005021000000,1,98.77,8303
9022005001221002,9022005000042002,day,103.95,72053,9011005021300000,0,104.03,11037
9022005001221002,9022005000042002,day,103.95,72053,9011005021400000,0,103.51,8026
9022005001221002,9022005000042002,day,103.95,72053,9011005021500000,0,99.19,7768
9022005001223002,9022005000417003,day,89.98,18981,9011005020100000,0,89.98,18981
9022005001227002,9022005001221002,day,106.17,35391,9011005020100000,0,106.38,19606
9022005001227002,9022005001221002,day,106.17,35391,9011005021400000,0,106.32,8023
9022005001227002,9022005001221002,day,106.17,35391,9011005021500000,0,105.49,7762
9022005001229002,9022005001230002,day,45.5,27810,9011005020100000,0,49.53,19596
9022005001229002,9022005001230002,day,45.5,27810,9011005021700000,1,35.89,8214
9022005001230002,9022005001233002,day,79.48,19597,9011005020100000,0,79.48,19597
9022005001231002,9022005000043002,day,113.06,35378,9011005020100000,0,116.65,19602
9022005001231002,9022005000043002,day,113.06,35378,9011005021400000,0,110.02,8021
9022005001231002,9022005000043002,day,113.06,35378,9011005021500000,0,107.11,7755
9022005001232002,9022005000045002,day,54.25,27353,9011005020100000,0,55.18,19600
9022005001232002,9022005000045002,day,54.25,27353,9011005021500000,0,51.91,7753
9022005001233002,9022005001232002,day,45.99,27350,9011005020100000,0,47.6,19598
9022005001233002,9022005001232002,day,45.99,27350,9011005021500000,0,41.91,7752
9022005001234002,9022005001235002,day,45.91,19756,9011005020100000,0,45.91,19756
9022005001235002,9022005001236003,day,132.16,19759,9011005020100000,0,132.16,19759
9022005001236003,9022005001411002,day,52.17,41318,9011005020100000,0,56.67,19758
9022005001236003,9022005001411002,day,52.17,41318,9011005020500000,0,48.01,17896
9022005001236003,9022005001411002,day,52.17,41318,9011005022600000,0,48.19,3664
9022005001243002,9022005000050003,day,265.7,19230,9011005020100000,0,265.7,19230
9022005001411002,9022005000048001,day,147.53,41229,9011005020100000,0,145.59,19707
9022005001411002,9022005000048001,day,147.53,41229,9011005020500000,0,139.75,17849
9022005001411002,9022005000048001,day,147.53,41229,9011005022600000,0,195.71,3673
9022005003849002,9022005001234002,day,104.35,658,9011005020100000,0,104.35,658
9022005000042002,9022005000046004,night,109.82,64558,9011005020100000,0,114.99,17420
9022005000042002,9022005000046004,night,109.82,64558,9011005020200000,0,103.37,15333
9022005000042002,9022005000046004,night,109.82,64558,9011005020400000,0,104.61,15959
9022005000042002,9022005000046004,night,109.82,64558,9011005020500000,0,115.62,15846
9022005000043002,9022005001227002,night,90.84,40016,9011005020100000,0,91.74,17313
9022005000043002,9022005001227002,night,90.84,40016,9011005021400000,0,92.1,11409
9022005000043002,9022005001227002,night,90.84,40016,9011005021500000,0,88.18,11294
9022005000045002,9022005001231002,night,49.16,40008,9011005020100000,0,49.57,17310
9022005000045002,9022005001231002,night,49.16,40008,9011005021400000,0,49.13,11409
9022005000045002,9022005001231002,night,49.16,40008,9011005021500000,0,48.57,11289
9022005000046004,9022005000050003,night,390.44,320,9011005020100000,0,390.44,320
9022005000046004,9022005001243002,night,76.83,65703,9011005020100000,0,78.24,17104
9022005000046004,9022005001243002,night,76.83,65703,9011005020200000,0,75.2,15058
9022005000046004,9022005001243002,night,76.83,65703,9011005020300000,0,73.57,2101
9022005000046004,9022005001243002,night,76.83,65703,9011005020400000,0,75.71,15672
9022005000046004,9022005001243002,night,76.83,65703,9011005020500000,0,78.65,15518
9022005000046004,9022005001243002,night,76.83,65703,9011005020600000,0,64.02,250
9022005000050003,9022005001223002,night,146.3,16675,9011005020100000,0,146.3,16675
9022005000050003,9022005003849002,night,237.77,754,9011005020100000,0,237.77,754
9022005000417003,9022005001219002,night,66.05,16714,9011005020100000,0,66.05,16714
9022005000417003,9022005001235002,night,49.79,14,9011005020100000,0,49.79,14
9022005001219002,9022005001234002,night,98.1,16732,9011005020100000,0,98.1,16732
9022005001221002,9022005000042002,night,87.27,78486,9011005020100000,0,88.98,17335
9022005001221002,9022005000042002,night,87.27,78486,9011005020500000,0,89.53,15842
9022005001221002,9022005000042002,night,87.27,78486,9011005021000000,1,85.17,9287
9022005001221002,9022005000042002,night,87.27,78486,9011005021300000,0,87.31,13314
9022005001221002,9022005000042002,night,87.27,78486,9011005021400000,0,86.26,11411
9022005001221002,9022005000042002,night,87.27,78486,9011005021500000,0,84.18,11297
9022005001223002,9022005000417003,night,76.22,16687,9011005020100000,0,76.22,16687
9022005001227002,9022005001221002,night,100.65,40026,9011005020100000,0,102.56,17321
9022005001227002,9022005001221002,night,100.65,40026,9011005021400000,0,99.52,11409
9022005001227002,9022005001221002,night,100.65,40026,9011005021500000,0,98.87,11296
9022005001229002,9022005001230002,night,38.44,28026,9011005020100000,0,41.54,17310
9022005001229002,9022005001230002,night,38.44,28026,9011005021700000,1,33.44,10716
9022005001230002,9022005001233002,night,74.5,17310,9011005020100000,0,74.5,17310
9022005001231002,9022005000043002,night,99.7,40009,9011005020100000,0,104.59,17310
9022005001231002,9022005000043002,night,99.7,40009,9011005021400000,0,96.5,11408
9022005001231002,9022005000043002,night,99.7,40009,9011005021500000,0,95.45,11291
9022005001232002,9022005000045002,night,49.79,28599,9011005020100000,0,50.34,17310
9022005001232002,9022005000045002,night,49.79,28599,9011005021500000,0,48.94,11289
9022005001233002,9022005001232002,night,40.97,28598,9011005020100000,0,42.51,17310
9022005001233002,9022005001232002,night,40.97,28598,9011005021500000,0,38.62,11288
9022005001234002,9022005001235002,night,42.72,17495,9011005020100000,0,42.72,17495
9022005001235002,9022005001236003,night,120.7,17512,9011005020100000,0,120.7,17512
9022005001236003,9022005001411002,night,52.82,34408,9011005020100000,0,54.88,17512
9022005001236003,9022005001411002,night,52.82,34408,9011005020500000,0,50.52,16302
9022005001236003,9022005001411002,night,52.82,34408,9011005022600000,0,55.38,594
9022005001243002,9022005000050003,night,270.44,17109,9011005020100000,0,270.44,17109
9022005001411002,9022005000048001,night,140.13,34355,9011005020100000,0,143.61,17484
9022005001411002,9022005000048001,night,140.13,34355,9011005020500000,0,135.13,16276
9022005001411002,9022005000048001,night,140.13,34355,9011005022600000,0,174.63,595
9022005003849002,9022005001234002,night,88.8,755,9011005020100000,0,88.8,755
9022005000042002,9022005000046004,pm_rush,143.81,25558,9011005020100000,0,147.37,7078
9022005000042002,9022005000046004,pm_rush,143.81,25558,9011005020200000,0,138.18,6068
9022005000042002,9022005000046004,pm_rush,143.81,25558,9011005020400000,0,139.96,6087
9022005000042002,9022005000046004,pm_rush,143.81,25558,9011005020500000,0,148.92,6325
9022005000043002,9022005001227002,pm_rush,98.16,14328,9011005020100000,0,96.38,7076
9022005000043002,9022005001227002,pm_rush,98.16,14328,9011005021400000,0,101.14,3569
9022005000043002,9022005001227002,pm_rush,98.16,14328,9011005021500000,0,98.7,3683
9022005000045002,9022005001231002,pm_rush,54.43,14328,9011005020100000,0,54.42,7075
9022005000045002,9022005001231002,pm_rush,54.43,14328,9011005021400000,0,55.54,3570
9022005000045002,9022005001231002,pm_rush,54.43,14328,9011005021500000,0,53.36,3683
9022005000046004,9022005000050003,pm_rush,355.85,132,9011005020100000,0,355.85,132
9022005000046004,9022005001243002,pm_rush,94.84,25857,9011005020100000,0,94.95,6946
9022005000046004,9022005001243002,pm_rush,94.84,25857,9011005020200000,0,94.14,5958
9022005000046004,9022005001243002,pm_rush,94.84,25857,9011005020300000,0,84.44,683
9022005000046004,9022005001243002,pm_rush,94.84,25857,9011005020400000,0,95.04,5977
9022005000046004,9022005001243002,pm_rush,94.84,25857,9011005020500000,0,96.61,6193
9022005000046004,9022005001243002,pm_rush,94.84,25857,9011005020600000,0,78.84,100
9022005000050003,9022005001223002,pm_rush,182.89,6843,9011005020100000,0,182.89,6843
9022005000050003,9022005003849002,pm_rush,271.19,234,9011005020100000,0,271.19,234
9022005000417003,9022005001219002,pm_rush,79.29,6847,9011005020100000,0,79.29,6847
9022005001219002,9022005001234002,pm_rush,117.78,6860,9011005020100000,0,117.78,6860
9022005001221002,9022005000042002,pm_rush,115.95,30515,9011005020100000,0,119.21,7078
9022005001221002,9022005000042002,pm_rush,115.95,30515,9011005020500000,0,120.05,6325
9022005001221002,9022005000042002,pm_rush,115.95,30515,9011005021000000,1,112.87,4921
9022005001221002,9022005000042002,pm_rush,115.95,30515,9011005021300000,0,113.76,4938
9022005001221002,9022005000042002,pm_rush,115.95,30515,9011005021400000,0,115.18,3569
9022005001221002,9022005000042002,pm_rush,115.95,30515,9011005021500000,0,110.46,3684
9022005001223002,9022005000417003,pm_rush,99.38,6845,9011005020100000,0,99.38,6845
9022005001227002,9022005001221002,pm_rush,117.33,14329,9011005020100000,0,117.45,7077
9022005001227002,9022005001221002,pm_rush,117.33,14329,9011005021400000,0,118.09,3569
9022005001227002,9022005001221002,pm_rush,117.33,14329,9011005021500000,0,116.37,3683
9022005001229002,9022005001230002,pm_rush,45.73,10165,9011005020100000,0,47.43,7075
9022005001229002,9022005001230002,pm_rush,45.73,10165,9011005021700000,1,41.83,3090
9022005001230002,9022005001233002,pm_rush,79.08,7075,9011005020100000,0,79.08,7075
9022005001231002,9022005000043002,pm_rush,118.69,14328,9011005020100000,0,121.4,7075
9022005001231002,9022005000043002,pm_rush,118.69,14328,9011005021400000,0,116.9,3570
9022005001231002,9022005000043002,pm_rush,118.69,14328,9011005021500000,0,115.2,3683
9022005001232002,9022005000045002,pm_rush,57.7,10758,9011005020100000,0,58.51,7075
9022005001232002,9022005000045002,pm_rush,57.7,10758,9011005021500000,0,56.15,3683
9022005001233002,9022005001232002,pm_rush,50.3,10757,9011005020100000,0,52.26,7075
9022005001233002,9022005001232002,pm_rush,50.3,10757,9011005021500000,0,46.52,3682
9022005001234002,9022005001235002,pm_rush,51.13,7109,9011005020100000,0,51.13,7109
9022005001235002,9022005001236003,pm_rush,144.28,7114,9011005020100000,0,144.28,7114
9022005001236003,9022005001411002,pm_rush,59.22,14808,9011005020100000,0,65.06,7114
9022005001236003,9022005001411002,pm_rush,59.22,14808,9011005020500000,0,53.5,6490
9022005001236003,9022005001411002,pm_rush,59.22,14808,9011005022600000,0,55.49,1204
9022005001243002,9022005000050003,pm_rush,250.2,6946,9011005020100000,0,250.2,6946
9022005001411002,9022005000048001,pm_rush,142.74,14783,9011005020100000,0,144.17,7100
9022005001411002,9022005000048001,pm_rush,142.74,14783,9011005020500000,0,136.16,6478
9022005001411002,9022005000048001,pm_rush,142.74,14783,9011005022600000,0,169.72,1205
9022005003849002,9022005001234002,pm_rush,111.1,234,9011005020100000,0,111.1,234
9022005000042002,9022005000046004,weekend,110.71,52282,9011005020100000,0,113.63,14531
9022005000042002,9022005000046004,weekend,110.71,52282,9011005020200000,0,104.22,12570
9022005000042002,9022005000046004,weekend,110.71,52282,9011005020400000,0,106.87,12601
9022005000042002,9022005000046004,weekend,110.71,52282,9011005020500000,0,117.66,12580
9022005000043002,9022005001227002,weekend,94.53,31526,9011005020100000,0,94.2,14428
9022005000043002,9022005001227002,weekend,94.53,31526,9011005021400000,0,96.37,8542
9022005000043002,9022005001227002,weekend,94.53,31526,9011005021500000,0,93.24,8556
9022005000045002,9022005001231002,weekend,49.96,31522,9011005020100000,0,50.24,14427
9022005000045002,9022005001231002,weekend,49.96,31522,9011005021400000,0,50.36,8543
9022005000045002,9022005001231002,weekend,49.96,31522,9011005021500000,0,49.08,8552
9022005000046004,9022005000050003,weekend,423.09,234,9011005020100000,0,423.09,234
9022005000046004,9022005001243002,weekend,77.23,53267,9011005020100000,0,78.48,14296
9022005000046004,9022005001243002,weekend,77.23,53267,9011005020200000,0,75.23,12373
9022005000046004,9022005001243002,weekend,77.23,53267,9011005020300000,0,75.91,1643
9022005000046004,9022005001243002,weekend,77.23,53267,9011005020400000,0,76.36,12403
9022005000046004,9022005001243002,weekend,77.23,53267,9011005020500000,0,79.02,12354
9022005000046004,9022005001243002,weekend,77.23,53267,9011005020600000,0,64.51,198
9022005000050003,9022005001223002,weekend,146.13,13922,9011005020100000,0,146.13,13922
9022005000050003,9022005003849002,weekend,238.43,611,9011005020100000,0,238.43,611
9022005000417003,9022005001219002,weekend,66.48,13963,9011005020100000,0,66.48,13963
9022005001219002,9022005001234002,weekend,100.34,13982,9011005020100000,0,100.34,13982
9022005001221002,9022005000042002,weekend,84.66,63636,9011005020100000,0,85.2,14456
9022005001221002,9022005000042002,weekend,84.66,63636,9011005020500000,0,87.92,12580
9022005001221002,9022005000042002,weekend,84.66,63636,9011005021000000,1,81.42,8421
9022005001221002,9022005000042002,weekend,84.66,63636,9011005021300000,0,83.8,11066
9022005001221002,9022005000042002,weekend,84.66,63636,9011005021400000,0,85.2,8545
9022005001221002,9022005000042002,weekend,84.66,63636,9011005021500000,0,82.7,8568
9022005001223002,9022005000417003,weekend,75.21,13931,9011005020100000,0,75.21,13931
9022005001227002,9022005001221002,weekend,101.44,31537,9011005020100000,0,101.91,14433
9022005001227002,9022005001221002,weekend,101.44,31537,9011005021400000,0,101.65,8542
9022005001227002,9022005001221002,weekend,101.44,31537,9011005021500000,0,100.42,8562
9022005001229002,9022005001230002,weekend,40.98,23336,9011005020100000,0,45.82,14424
9022005001229002,9022005001230002,weekend,40.98,23336,9011005021700000,1,33.15,8912
9022005001230002,9022005001233002,weekend,77.02,14425,9011005020100000,0,77.02,14425
9022005001231002,9022005000043002,weekend,101.93,31520,9011005020100000,0,103.83,14426
9022005001231002,9022005000043002,weekend,101.93,31520,9011005021400000,0,101.43,8542
9022005001231002,9022005000043002,weekend,101.93,31520,9011005021500000,0,99.21,8552
9022005001232002,9022005000045002,weekend,51.11,22979,9011005020100000,0,51.66,14427
9022005001232002,9022005000045002,weekend,51.11,22979,9011005021500000,0,50.19,8552
9022005001233002,9022005001232002,weekend,42.78,22976,9011005020100000,0,44.21,14425
9022005001233002,9022005001232002,weekend,42.78,22976,9011005021500000,0,40.37,8551
9022005001234002,9022005001235002,weekend,43.41,14596,9011005020100000,0,43.41,14596
9022005001235002,9022005001236003,weekend,120.53,14596,9011005020100000,0,120.53,14596
9022005001236003,9022005001411002,weekend,50.37,29051,9011005020100000,0,51.9,14593
9022005001236003,9022005001411002,weekend,50.37,29051,9011005020500000,0,48.92,12962
9022005001236003,9022005001411002,weekend,50.37,29051,9011005022600000,0,48.04,1496
9022005001243002,9022005000050003,weekend,301.55,14298,9011005020100000,0,301.55,14298
9022005001411002,9022005000048001,weekend,144.48,29051,9011005020100000,0,144.64,14592
9022005001411002,9022005000048001,weekend,144.48,29051,9011005020500000,0,137.56,12962
9022005001411002,9022005000048001,weekend,144.48,29051,9011005022600000,0,202.89,1497
9022005003849002,9022005001234002,weekend,90.26,611,9011005020100000,0,90.26,611
9022005000042001,9022005001222001,am_rush,73.42,44006,9011005020100000,1,72.88,11514
9022005000042001,9022005001222001,am_rush,73.42,44006,9011005020500000,1,73.96,10040
9022005000042001,9022005001222001,am_rush,73.42,44006,9011005021000000,0,74.04,5517
9022005000042001,9022005001222001,am_rush,73.42,44006,9011005021300000,1,73.78,6723
9022005000042001,9022005001222001,am_rush,73.42,44006,9011005021400000,1,73.94,4763
9022005000042001,9022005001222001,am_rush,73.42,44006,9011005021500000,1,72.02,5449
9022005000043001,9022005001231001,am_rush,87.46,21732,9011005020100000,1,87.08,11518
9022005000043001,9022005001231001,am_rush,87.46,21732,9011005021400000,1,90.87,4764
9022005000043001,9022005001231001,am_rush,87.46,21732,9011005021500000,1,85.28,5450
9022005000045001,9022005001232001,am_rush,39.14,16974,9011005020100000,1,39.91,11520
9022005000045001,9022005001232001,am_rush,39.14,16974,9011005021500000,1,37.52,5454
9022005000046003,9022005000042001,am_rush,140.62,75154,9011005020100000,1,138.8,11512
9022005000046003,9022005000042001,am_rush,140.62,75154,9011005020200000,1,142.5,8587
9022005000046003,9022005000042001,am_rush,140.62,75154,9011005020400000,1,150.57,8424
9022005000046003,9022005000042001,am_rush,140.62,75154,9011005020500000,1,141.38,10039
9022005000046003,9022005000042001,am_rush,140.62,75154,9011005021000000,0,140.9,5516
9022005000046003,9022005000042001,am_rush,140.62,75154,9011005021300000,1,138.69,6723
9022005000046003,9022005000042001,am_rush,140.62,75154,9011005021400000,1,138.86,4763
9022005000046003,9022005000042001,am_rush,140.62,75154,9011005021500000,1,131.21,5449
9022005000046003,9022005000042001,am_rush,140.62,75154,9011005021600000,0,138.02,4935
9022005000046003,9022005000042001,am_rush,140.62,75154,9011005021700000,1,139.0,4819
9022005000046003,9022005000042001,am_rush,140.62,75154,9011005021800000,1,141.83,4387
9022005000050002,9022005000046003,am_rush,305.62,218,9011005020100000,1,305.62,218
9022005000050002,9022005001243001,am_rush,161.18,11286,9011005020100000,1,161.18,11286
9022005000417001,9022005001223001,am_rush,72.51,17346,9011005020100000,1,74.01,11670
9022005000417001,9022005001223001,am_rush,72.51,17346,9011005021200000,0,69.43,5676
9022005001219001,9022005000417001,am_rush,102.97,11667,9011005020100000,1,102.97,11667
9022005001222001,9022005001227001,am_rush,75.74,21728,9011005020100000,1,74.8,11515
9022005001222001,9022005001227001,am_rush,75.74,21728,9011005021400000,1,79.48,4763
9022005001222001,9022005001227001,am_rush,75.74,21728,9011005021500000,1,74.47,5450
9022005001223001,9022005000050002,am_rush,257.63,11673,9011005020100000,1,257.63,11673
9022005001227001,9022005000043001,am_rush,105.27,21730,9011005020100000,1,103.63,11517
9022005001227001,9022005000043001,am_rush,105.27,21730,9011005021400000,1,108.08,4763
9022005001227001,9022005000043001,am_rush,105.27,21730,9011005021500000,1,106.29,5450
9022005001229001,9022005000044001,am_rush,78.16,11520,9011005020100000,1,78.16,11520
9022005001230001,9022005001229001,am_rush,36.41,16311,9011005020100000,1,34.86,11520
9022005001230001,9022005001229001,am_rush,36.41,16311,9011005021700000,0,40.15,4791
9022005001231001,9022005000045001,am_rush,54.05,16970,9011005020100000,1,54.6,11519
9022005001231001,9022005000045001,am_rush,54.05,16970,9011005021500000,1,52.89,5451
9022005001232001,9022005001233001,am_rush,24.95,16975,9011005020100000,1,25.68,11520
9022005001232001,9022005001233001,am_rush,24.95,16975,9011005021500000,1,23.41,5455
9022005001233001,9022005001230001,am_rush,81.62,11520,9011005020100000,1,81.62,11520
9022005001234001,9022005001219001,am_rush,108.98,11663,9011005020100000,1,108.98,11663
9022005001234001,9022005003849001,am_rush,101.8,370,9011005020100000,1,101.8,370
9022005001235001,9022005001234001,am_rush,68.35,12032,9011005020100000,1,68.35,12032
9022005001236001,9022005001235001,am_rush,117.88,12030,9011005020100000,1,117.88,12030
9022005001243001,9022005000046003,am_rush,97.87,82187,9011005020100000,1,96.63,11288
9022005001243001,9022005000046003,am_rush,97.87,82187,9011005020200000,1,97.59,8422
9022005001243001,9022005000046003,am_rush,97.87,82187,9011005020300000,1,90.72,896
9022005001243001,9022005000046003,am_rush,97.87,82187,9011005020400000,1,104.76,8272
9022005001243001,9022005000046003,am_rush,97.87,82187,9011005020500000,1,99.61,9831
9022005001243001,9022005000046003,am_rush,97.87,82187,9011005020600000,1,99.9,910
9022005001243001,9022005000046003,am_rush,97.87,82187,9011005021000000,0,96.45,5417
9022005001243001,9022005000046003,am_rush,97.87,82187,9011005021100000,1,97.78,6648
9022005001243001,9022005000046003,am_rush,97.87,82187,9011005021300000,1,97.53,6601
9022005001243001,9022005000046003,am_rush,97.87,82187,9011005021400000,1,93.2,4675
9022005001243001,9022005000046003,am_rush,97.87,82187,9011005021500000,1,87.33,5350
9022005001243001,9022005000046003,am_rush,97.87,82187,9011005021600000,0,100.84,4834
9022005001243001,9022005000046003,am_rush,97.87,82187,9011005021700000,1,99.25,4732
9022005001243001,9022005000046003,am_rush,97.87,82187,9011005021800000,1,101.35,4311
9022005001411001,9022005001236001,am_rush,87.29,12595,9011005020100000,1,87.61,12010
9022005001411001,9022005001236001,am_rush,87.29,12595,9011005022600000,1,80.64,585
9022005003849001,9022005000050002,am_rush,433.22,370,9011005020100000,1,433.22,370
9022005000042001,9022005001222001,day,77.62,76012,9011005020100000,1,78.31,19938
9022005000042001,9022005001222001,day,77.62,76012,9011005020500000,1,78.09,18875
9022005000042001,9022005001222001,day,77.62,76012,9011005021000000,0,76.29,9263
9022005000042001,9022005001222001,day,77.62,76012,9011005021300000,1,76.04,11106
9022005000042001,9022005001222001,day,77.62,76012,9011005021400000,1,79.27,8492
9022005000042001,9022005001222001,day,77.62,76012,9011005021500000,1,76.84,8338
9022005000043001,9022005001231001,day,88.42,36801,9011005020100000,1,88.9,19965
9022005000043001,9022005001231001,day,88.42,36801,9011005021400000,1,89.58,8496
9022005000043001,9022005001231001,day,88.42,36801,9011005021500000,1,86.11,8340
9022005000045001,9022005001232001,day,38.02,28317,9011005020100000,1,39.09,19974
9022005000045001,9022005001232001,day,38.02,28317,9011005021500000,1,35.47,8343
9022005000046003,9022005000042001,day,139.74,128885,9011005020100000,1,140.3,19935
9022005000046003,9022005000042001,day,139.74,128885,9011005020200000,1,137.95,13596
9022005000046003,9022005000042001,day,139.74,128885,9011005020400000,1,145.75,14844
9022005000046003,9022005000042001,day,139.74,128885,9011005020500000,1,140.52,18872
9022005000046003,9022005000042001,day,139.74,128885,9011005021000000,0,139.07,9262
9022005000046003,9022005000042001,day,139.74,128885,9011005021300000,1,137.43,11107
9022005000046003,9022005000042001,day,139.74,128885,9011005021400000,1,140.72,8491
9022005000046003,9022005000042001,day,139.74,128885,9011005021500000,1,137.35,8336
9022005000046003,9022005000042001,day,139.74,128885,9011005021600000,0,135.87,7308
9022005000046003,9022005000042001,day,139.74,128885,9011005021700000,1,139.4,8177
9022005000046003,9022005000042001,day,139.74,128885,9011005021800000,1,137.87,8957
9022005000050002,9022005000046003,day,318.66,396,9011005020100000,1,318.66,396
9022005000050002,9022005001243001,day,163.45,19514,9011005020100000,1,163.45,19514
9022005000417001,9022005001223001,day,69.84,28964,9011005020100000,1,70.12,19232
9022005000417001,9022005001223001,day,69.84,28964,9011005021200000,0,69.3,9732
9022005001219001,9022005000417001,day,100.39,19228,9011005020100000,1,100.39,19228
9022005001222001,9022005001227001,day,82.17,36780,9011005020100000,1,82.15,19947
9022005001222001,9022005001227001,day,82.17,36780,9011005021400000,1,84.24,8494
9022005001222001,9022005001227001,day,82.17,36780,9011005021500000,1,80.09,8339
9022005001223001,9022005000050002,day,276.38,19236,9011005020100000,1,276.38,19236
9022005001227001,9022005000043001,day,106.18,36785,9011005020100000,1,107.29,19951
9022005001227001,9022005000043001,day,106.18,36785,9011005021400000,1,105.43,8494
9022005001227001,9022005000043001,day,106.18,36785,9011005021500000,1,104.29,8340
9022005001229001,9022005000044001,day,71.27,19975,9011005020100000,1,71.27,19975
9022005001230001,9022005001229001,day,41.21,28089,9011005020100000,1,44.01,19973
9022005001230001,9022005001229001,day,41.21,28089,9011005021700000,0,34.32,8116
9022005001231001,9022005000045001,day,57.07,28314,9011005020100000,1,57.9,19973
9022005001231001,9022005000045001,day,57.07,28314,9011005021500000,1,55.07,8341
9022005001232001,9022005001233001,day,30.15,28317,9011005020100000,1,31.5,19974
9022005001232001,9022005001233001,day,30.15,28317,9011005021500000,1,26.92,8343
9022005001233001,9022005001230001,day,92.4,19973,9011005020100000,1,92.4,19973
9022005001234001,9022005001219001,day,102.98,19224,9011005020100000,1,102.98,19224
9022005001234001,9022005003849001,day,108.89,675,9011005020100000,1,108.89,675
9022005001235001,9022005001234001,day,66.83,19897,9011005020100000,1,66.83,19897
9022005001236001,9022005001235001,day,110.79,19891,9011005020100000,1,110.79,19891
9022005001243001,9022005000046003,day,120.83,140520,9011005020100000,1,117.79,19520
9022005001243001,9022005000046003,day,120.83,140520,9011005020200000,1,117.98,13335
9022005001243001,9022005000046003,day,120.83,140520,9011005020300000,1,116.23,1961
9022005001243001,9022005000046003,day,120.83,140520,9011005020400000,1,123.52,14569
9022005001243001,9022005000046003,day,120.83,140520,9011005020500000,1,122.18,18455
9022005001243001,9022005000046003,day,120.83,140520,9011005020600000,1,124.45,1801
9022005001243001,9022005000046003,day,120.83,140520,9011005021000000,0,115.97,9108
9022005001243001,9022005000046003,day,120.83,140520,9011005021100000,1,123.38,10348
9022005001243001,9022005000046003,day,120.83,140520,9011005021300000,1,119.59,10884
9022005001243001,9022005000046003,day,120.83,140520,9011005021400000,1,121.9,8345
9022005001243001,9022005000046003,day,120.83,140520,9011005021500000,1,119.88,8191
9022005001243001,9022005000046003,day,120.83,140520,9011005021600000,0,120.21,7165
9022005001243001,9022005000046003,day,120.83,140520,9011005021700000,1,127.35,8035
9022005001243001,9022005000046003,day,120.83,140520,9011005021800000,1,122.92,8803
9022005001411001,9022005001236001,day,78.84,23431,9011005020100000,1,79.75,19846
9022005001411001,9022005001236001,day,78.84,23431,9011005022600000,1,73.82,3585
9022005003849001,9022005000050002,day,444.41,675,9011005020100000,1,444.41,675
9022005000042001,9022005001222001,night,76.64,78423,9011005020100000,1,77.49,18083
9022005000042001,9022005001222001,night,76.64,78423,9011005020500000,1,77.6,16182
9022005000042001,9022005001222001,night,76.64,78423,9011005021000000,0,74.04,9249
9022005000042001,9022005001222001,night,76.64,78423,9011005021300000,1,75.05,13443
9022005000042001,9022005001222001,night,76.64,78423,9011005021400000,1,77.14,11537
9022005000042001,9022005001222001,night,76.64,78423,9011005021500000,1,77.56,9929
9022005000043001,9022005001231001,night,87.53,40168,9011005020100000,1,87.26,18092
9022005000043001,9022005001231001,night,87.53,40168,9011005021400000,1,87.87,11541
9022005000043001,9022005001231001,night,87.53,40168,9011005021500000,1,87.52,9934
9022005000043001,9022005001231001,night,87.53,40168,9011005022200000,0,89.61,601
9022005000045001,9022005001232001,night,36.27,28652,9011005020100000,1,37.17,18099
9022005000045001,9022005001232001,night,36.27,28652,9011005021500000,1,34.71,9936
9022005000045001,9022005001232001,night,36.27,28652,9011005022200000,0,34.88,617
9022005000046003,9022005000042001,night,118.06,140053,9011005020100000,1,117.41,18082
9022005000046003,9022005000042001,night,118.06,140053,9011005020200000,1,119.83,14269
9022005000046003,9022005000042001,night,118.06,140053,9011005020400000,1,119.86,14698
9022005000046003,9022005000042001,night,118.06,140053,9011005020500000,1,117.84,16179
9022005000046003,9022005000042001,night,118.06,140053,9011005021000000,0,119.04,9248
9022005000046003,9022005000042001,night,118.06,140053,9011005021300000,1,115.0,13444
9022005000046003,9022005000042001,night,118.06,140053,9011005021400000,1,118.4,11536
9022005000046003,9022005000042001,night,118.06,140053,9011005021500000,1,116.42,9927
9022005000046003,9022005000042001,night,118.06,140053,9011005021600000,0,116.28,11180
9022005000046003,9022005000042001,night,118.06,140053,9011005021700000,1,120.28,10665
9022005000046003,9022005000042001,night,118.06,140053,9011005021800000,1,118.39,10825
9022005000050002,9022005000046003,night,275.96,331,9011005020100000,1,275.96,331
9022005000050002,9022005001243001,night,145.96,17730,9011005020100000,1,145.96,17730
9022005000417001,9022005001223001,night,60.06,22357,9011005020100000,1,59.11,17284
9022005000417001,9022005001223001,night,60.06,22357,9011005021200000,0,63.3,5073
9022005001219001,9022005000417001,night,86.29,17284,9011005020100000,1,86.29,17284
9022005001222001,9022005001227001,night,81.86,39554,9011005020100000,1,81.64,18086
9022005001222001,9022005001227001,night,81.86,39554,9011005021400000,1,82.43,11537
9022005001222001,9022005001227001,night,81.86,39554,9011005021500000,1,81.58,9931
9022005001223001,9022005000050002,night,248.44,17283,9011005020100000,1,248.44,17283
9022005001227001,9022005000043001,night,111.55,39558,9011005020100000,1,108.49,18087
9022005001227001,9022005000043001,night,111.55,39558,9011005021400000,1,114.87,11538
9022005001227001,9022005000043001,night,111.55,39558,9011005021500000,1,113.26,9933
9022005001229001,9022005000044001,night,75.57,18087,9011005020100000,1,75.57,18087
9022005001230001,9022005001229001,night,38.14,29309,9011005020100000,1,42.01,18087
9022005001230001,9022005001229001,night,38.14,29309,9011005021700000,0,31.91,11222
9022005001231001,9022005000045001,night,56.28,28650,9011005020100000,1,56.28,18097
9022005001231001,9022005000045001,night,56.28,28650,9011005021500000,1,55.99,9936
9022005001231001,9022005000045001,night,56.28,28650,9011005022200000,0,60.81,617
9022005001232001,9022005001233001,night,29.2,28652,9011005020100000,1,29.7,18099
9022005001232001,9022005001233001,night,29.2,28652,9011005021500000,1,28.4,9936
9022005001232001,9022005001233001,night,29.2,28652,9011005022200000,0,27.63,617
9022005001233001,9022005000044001,night,66.08,12,9011005020100000,1,66.08,12
9022005001233001,9022005001230001,night,90.76,18087,9011005020100000,1,90.76,18087
9022005001234001,9022005001219001,night,93.69,17279,9011005020100000,1,93.69,17279
9022005001234001,9022005003849001,night,95.24,775,9011005020100000,1,95.24,775
9022005001235001,9022005001234001,night,60.6,17984,9011005020100000,1,60.6,17984
9022005001236001,9022005001235001,night,101.76,17970,9011005020100000,1,101.76,17970
9022005001243001,9022005000046003,night,102.87,155116,9011005020100000,1,101.91,17734
9022005001243001,9022005000046003,night,102.87,155116,9011005020200000,1,102.62,14005
9022005001243001,9022005000046003,night,102.87,155116,9011005020300000,1,107.78,2045
9022005001243001,9022005000046003,night,102.87,155116,9011005020400000,1,103.06,14432
9022005001243001,9022005000046003,night,102.87,155116,9011005020500000,1,102.94,15838
9022005001243001,9022005000046003,night,102.87,155116,9011005020600000,1,102.48,1969
9022005001243001,9022005000046003,night,102.87,155116,9011005021000000,0,102.51,9080
9022005001243001,9022005000046003,night,102.87,155116,9011005021100000,1,106.7,13671
9022005001243001,9022005000046003,night,102.87,155116,9011005021300000,1,98.82,13197
9022005001243001,9022005000046003,night,102.87,155116,9011005021400000,1,103.01,11332
9022005001243001,9022005000046003,night,102.87,155116,9011005021500000,1,107.02,9739
9022005001243001,9022005000046003,night,102.87,155116,9011005021600000,0,99.26,10958
9022005001243001,9022005000046003,night,102.87,155116,9011005021700000,1,106.84,10480
9022005001243001,9022005000046003,night,102.87,155116,9011005021800000,1,99.81,10636
9022005001411001,9022005001236001,night,71.83,18544,9011005020100000,1,71.8,17935
9022005001411001,9022005001236001,night,71.83,18544,9011005022600000,1,72.84,609
9022005003849001,9022005000050002,night,398.06,775,9011005020100000,1,398.06,775
9022005000042001,9022005001222001,pm_rush,88.35,31303,9011005020100000,1,90.29,7170
9022005000042001,9022005001222001,pm_rush,88.35,31303,9011005020500000,1,89.12,6808
9022005000042001,9022005001222001,pm_rush,88.35,31303,9011005021000000,0,85.51,4956
9022005000042001,9022005001222001,pm_rush,88.35,31303,9011005021300000,1,86.96,4963
9022005000042001,9022005001222001,pm_rush,88.35,31303,9011005021400000,1,89.96,3709
9022005000042001,9022005001222001,pm_rush,88.35,31303,9011005021500000,1,87.25,3697
9022005000043001,9022005001231001,pm_rush,94.73,16384,9011005020100000,1,95.35,7172
9022005000043001,9022005001231001,pm_rush,94.73,16384,9011005021400000,1,96.77,3709
9022005000043001,9022005001231001,pm_rush,94.73,16384,9011005021500000,1,93.73,3696
9022005000043001,9022005001231001,pm_rush,94.73,16384,9011005022200000,0,90.15,1807
9022005000045001,9022005001232001,pm_rush,40.05,12732,9011005020100000,1,41.95,7180
9022005000045001,9022005001232001,pm_rush,40.05,12732,9011005021500000,1,38.57,3698
9022005000045001,9022005001232001,pm_rush,40.05,12732,9011005022200000,0,35.66,1854
9022005000046003,9022005000042001,pm_rush,154.21,53462,9011005020100000,1,152.64,7169
9022005000046003,9022005000042001,pm_rush,154.21,53462,9011005020200000,1,152.23,5864
9022005000046003,9022005000042001,pm_rush,154.21,53462,9011005020400000,1,155.88,6088
9022005000046003,9022005000042001,pm_rush,154.21,53462,9011005020500000,1,154.09,6807
9022005000046003,9022005000042001,pm_rush,154.21,53462,9011005021000000,0,159.1,4957
9022005000046003,9022005000042001,pm_rush,154.21,53462,9011005021300000,1,152.48,4963
9022005000046003,9022005000042001,pm_rush,154.21,53462,9011005021400000,1,157.62,3709
9022005000046003,9022005000042001,pm_rush,154.21,53462,9011005021500000,1,152.54,3697
9022005000046003,9022005000042001,pm_rush,154.21,53462,9011005021600000,0,151.73,3433
9022005000046003,9022005000042001,pm_rush,154.21,53462,9011005021700000,1,154.08,3087
9022005000046003,9022005000042001,pm_rush,154.21,53462,9011005021800000,1,154.35,3688
9022005000050002,9022005000046003,pm_rush,315.23,132,9011005020100000,1,315.23,132
9022005000050002,9022005001243001,pm_rush,185.55,7022,9011005020100000,1,185.55,7022
9022005000417001,9022005001223001,pm_rush,79.69,10449,9011005020100000,1,78.68,6915
9022005000417001,9022005001223001,pm_rush,79.69,10449,9011005021200000,0,81.66,3534
9022005001219001,9022005000417001,pm_rush,110.16,6914,9011005020100000,1,110.16,6914
9022005001222001,9022005001227001,pm_rush,88.64,14575,9011005020100000,1,88.64,7170
9022005001222001,9022005001227001,pm_rush,88.64,14575,9011005021400000,1,90.11,3709
9022005001222001,9022005001227001,pm_rush,88.64,14575,9011005021500000,1,87.16,3696
9022005001223001,9022005000050002,pm_rush,294.49,6914,9011005020100000,1,294.49,6914
9022005001227001,9022005000043001,pm_rush,133.79,14576,9011005020100000,1,133.26,7171
9022005001227001,9022005000043001,pm_rush,133.79,14576,9011005021400000,1,130.21,3709
9022005001227001,9022005000043001,pm_rush,133.79,14576,9011005021500000,1,138.43,3696
9022005001229001,9022005000044001,pm_rush,67.11,7173,9011005020100000,1,67.11,7173
9022005001230001,9022005001229001,pm_rush,45.21,10768,9011005020100000,1,51.65,7173
9022005001230001,9022005001229001,pm_rush,45.21,10768,9011005021700000,0,32.35,3595
9022005001231001,9022005000045001,pm_rush,64.79,12728,9011005020100000,1,65.92,7178
9022005001231001,9022005000045001,pm_rush,64.79,12728,9011005021500000,1,63.94,3697
9022005001231001,9022005000045001,pm_rush,64.79,12728,9011005022200000,0,62.13,1853
9022005001232001,9022005001233001,pm_rush,35.49,12733,9011005020100000,1,37.8,7180
9022005001232001,9022005001233001,pm_rush,35.49,12733,9011005021500000,1,33.48,3698
9022005001232001,9022005001233001,pm_rush,35.49,12733,9011005022200000,0,30.55,1855
9022005001233001,9022005000044001,pm_rush,61.86,7,9011005020100000,1,61.86,7
9022005001233001,9022005001230001,pm_rush,100.54,7173,9011005020100000,1,100.54,7173
9022005001234001,9022005001219001,pm_rush,106.98,6914,9011005020100000,1,106.98,6914
9022005001234001,9022005003849001,pm_rush,111.88,239,9011005020100000,1,111.88,239
9022005001235001,9022005001234001,pm_rush,66.11,7153,9011005020100000,1,66.11,7153
9022005001236001,9022005001235001,pm_rush,115.99,7151,9011005020100000,1,115.99,7151
9022005001243001,9022005000046003,pm_rush,132.57,58545,9011005020100000,1,132.26,7025
9022005001243001,9022005000046003,pm_rush,132.57,58545,9011005020200000,1,126.04,5754
9022005001243001,9022005000046003,pm_rush,132.57,58545,9011005020300000,1,129.93,684
9022005001243001,9022005000046003,pm_rush,132.57,58545,9011005020400000,1,133.15,5977
9022005001243001,9022005000046003,pm_rush,132.57,58545,9011005020500000,1,134.91,6652
9022005001243001,9022005000046003,pm_rush,132.57,58545,9011005020600000,1,133.42,643
9022005001243001,9022005000046003,pm_rush,132.57,58545,9011005021000000,0,130.02,4864
9022005001243001,9022005000046003,pm_rush,132.57,58545,9011005021100000,1,135.82,4789
9022005001243001,9022005000046003,pm_rush,132.57,58545,9011005021300000,1,131.46,4873
9022005001243001,9022005000046003,pm_rush,132.57,58545,9011005021400000,1,135.67,3640
9022005001243001,9022005000046003,pm_rush,132.57,58545,9011005021500000,1,137.04,3631
9022005001243001,9022005000046003,pm_rush,132.57,58545,9011005021600000,0,133.23,3359
9022005001243001,9022005000046003,pm_rush,132.57,58545,9011005021700000,1,134.99,3032
9022005001243001,9022005000046003,pm_rush,132.57,58545,9011005021800000,1,128.99,3622
9022005001411001,9022005001236001,pm_rush,78.96,8345,9011005020100000,1,79.62,7134
9022005001411001,9022005001236001,pm_rush,78.96,8345,9011005022600000,1,75.09,1211
9022005003849001,9022005000050002,pm_rush,453.72,239,9011005020100000,1,453.72,239
9022005000042001,9022005001222001,weekend,75.38,66166,9011005020100000,1,76.76,14564
9022005000042001,9022005001222001,weekend,75.38,66166,9011005020500000,1,77.04,14415
9022005000042001,9022005001222001,weekend,75.38,66166,9011005021000000,0,73.77,8359
9022005000042001,9022005001222001,weekend,75.38,66166,9011005021300000,1,72.57,11077
9022005000042001,9022005001222001,weekend,75.38,66166,9011005021400000,1,75.63,9168
9022005000042001,9022005001222001,weekend,75.38,66166,9011005021500000,1,75.17,8583
9022005000043001,9022005001231001,weekend,87.05,32326,9011005020100000,1,87.78,14566
9022005000043001,9022005001231001,weekend,87.05,32326,9011005021400000,1,87.59,9178
9022005000043001,9022005001231001,weekend,87.05,32326,9011005021500000,1,85.24,8582
9022005000045001,9022005001232001,weekend,35.9,23154,9011005020100000,1,37.1,14570
9022005000045001,9022005001232001,weekend,35.9,23154,9011005021500000,1,33.85,8584
9022005000046003,9022005000042001,weekend,114.2,117086,9011005020100000,1,115.62,14565
9022005000046003,9022005000042001,weekend,114.2,117086,9011005020200000,1,113.74,11774
9022005000046003,9022005000042001,weekend,114.2,117086,9011005020400000,1,115.57,12403
9022005000046003,9022005000042001,weekend,114.2,117086,9011005020500000,1,116.18,14414
9022005000046003,9022005000042001,weekend,114.2,117086,9011005021000000,0,114.01,8359
9022005000046003,9022005000042001,weekend,114.2,117086,9011005021300000,1,110.11,11077
9022005000046003,9022005000042001,weekend,114.2,117086,9011005021400000,1,114.21,9168
9022005000046003,9022005000042001,weekend,114.2,117086,9011005021500000,1,113.5,8584
9022005000046003,9022005000042001,weekend,114.2,117086,9011005021600000,0,112.78,8734
9022005000046003,9022005000042001,weekend,114.2,117086,9011005021700000,1,115.07,8880
9022005000046003,9022005000042001,weekend,114.2,117086,9011005021800000,1,113.83,9128
9022005000050002,9022005000046003,weekend,275.95,232,9011005020100000,1,275.95,232
9022005000050002,9022005001243001,weekend,145.47,14331,9011005020100000,1,145.47,14331
9022005000417001,9022005001223001,weekend,60.21,17644,9011005020100000,1,60.23,13948
9022005000417001,9022005001223001,weekend,60.21,17644,9011005021200000,0,60.15,3696
9022005001219001,9022005000417001,weekend,84.34,13945,9011005020100000,1,84.34,13945
9022005001222001,9022005001227001,weekend,81.68,32314,9011005020100000,1,82.59,14563
9022005001222001,9022005001227001,weekend,81.68,32314,9011005021400000,1,82.0,9169
9022005001222001,9022005001227001,weekend,81.68,32314,9011005021500000,1,79.8,8582
9022005001223001,9022005000050002,weekend,271.28,13948,9011005020100000,1,271.28,13948
9022005001227001,9022005000043001,weekend,117.16,32313,9011005020100000,1,113.12,14561
9022005001227001,9022005000043001,weekend,117.16,32313,9011005021400000,1,124.0,9170
9022005001227001,9022005000043001,weekend,117.16,32313,9011005021500000,1,116.71,8582
9022005001229001,9022005000044001,weekend,69.66,14568,9011005020100000,1,69.66,14568
9022005001230001,9022005001229001,weekend,37.18,23459,9011005020100000,1,40.51,14570
9022005001230001,9022005001229001,weekend,37.18,23459,9011005021700000,0,31.71,8889
9022005001231001,9022005000045001,weekend,55.37,23153,9011005020100000,1,56.32,14570
9022005001231001,9022005000045001,weekend,55.37,23153,9011005021500000,1,53.76,8583
9022005001232001,9022005001233001,weekend,28.27,23154,9011005020100000,1,29.45,14570
9022005001232001,9022005001233001,weekend,28.27,23154,9011005021500000,1,26.27,8584
9022005001233001,9022005001230001,weekend,89.95,14570,9011005020100000,1,89.95,14570
9022005001234001,9022005001219001,weekend,95.49,13945,9011005020100000,1,95.49,13945
9022005001234001,9022005003849001,weekend,96.21,615,9011005020100000,1,96.21,615
9022005001235001,9022005001234001,weekend,63.53,14548,9011005020100000,1,63.53,14548
9022005001236001,9022005001235001,weekend,103.62,14533,9011005020100000,1,103.62,14533
9022005001243001,9022005000046003,weekend,100.71,128351,9011005020100000,1,104.34,14333
9022005001243001,9022005000046003,weekend,100.71,128351,9011005020200000,1,95.93,11581
9022005001243001,9022005000046003,weekend,100.71,128351,9011005020300000,1,106.06,1646
9022005001243001,9022005000046003,weekend,100.71,128351,9011005020400000,1,100.89,12207
9022005001243001,9022005000046003,weekend,100.71,128351,9011005020500000,1,105.59,14170
9022005001243001,9022005000046003,weekend,100.71,128351,9011005020600000,1,98.9,1604
9022005001243001,9022005000046003,weekend,100.71,128351,9011005021000000,0,100.88,8233
9022005001243001,9022005000046003,weekend,100.71,128351,9011005021100000,1,104.97,9887
9022005001243001,9022005000046003,weekend,100.71,128351,9011005021300000,1,97.56,10900
9022005001243001,9022005000046003,weekend,100.71,128351,9011005021400000,1,97.86,9025
9022005001243001,9022005000046003,weekend,100.71,128351,9011005021500000,1,100.99,8448
9022005001243001,9022005000046003,weekend,100.71,128351,9011005021600000,0,100.45,8587
9022005001243001,9022005000046003,weekend,100.71,128351,9011005021700000,1,97.58,8742
9022005001243001,9022005000046003,weekend,100.71,128351,9011005021800000,1,97.33,8988
9022005001411001,9022005001236001,weekend,73.18,16211,9011005020100000,1,73.67,14508
9022005001411001,9022005001236001,weekend,73.18,16211,9011005022600000,1,69.04,1703
9022005003849001,9022005000050002,weekend,414.01,615,9011005020100000,1,414.01,615
9022005000046004,9022005000050006,am_rush,342.78,324,9011005020200000,0,352.99,162
9022005000046004,9022005000050006,am_rush,342.78,324,9011005020400000,0,332.57,162
9022005000198002,9022005000042002,am_rush,153.06,32852,9011005020200000,0,153.67,8967
9022005000198002,9022005000042002,am_rush,153.06,32852,9011005020400000,0,154.91,8969
9022005000198002,9022005000042002,am_rush,153.06,32852,9011005021600000,1,154.26,4681
9022005000198002,9022005000042002,am_rush,153.06,32852,9011005021700000,0,151.81,4819
9022005000198002,9022005000042002,am_rush,153.06,32852,9011005021800000,0,149.04,5416
9022005000404002,9022005001249002,am_rush,160.85,2041,9011005020200000,0,151.1,1021
9022005000404002,9022005001249002,am_rush,160.85,2041,9011005020400000,0,170.61,1020
9022005001243002,9022005000050006,am_rush,135.7,17617,9011005020200000,0,131.18,8807
9022005001243002,9022005000050006,am_rush,135.7,17617,9011005020400000,0,140.22,8810
9022005001249002,9022005000198002,am_rush,91.25,32835,9011005020200000,0,87.67,8968
9022005001249002,9022005000198002,am_rush,91.25,32835,9011005020400000,0,88.09,8969
9022005001249002,9022005000198002,am_rush,91.25,32835,9011005021600000,1,99.47,4681
9022005001249002,9022005000198002,am_rush,91.25,32835,9011005021700000,0,101.27,4806
9022005001249002,9022005000198002,am_rush,91.25,32835,9011005021800000,0,86.4,5411
9022005004076001,9022005004250001,am_rush,97.35,8958,9011005020200000,0,97.35,8958
9022005004084001,9022005004076001,am_rush,62.12,8958,9011005020200000,0,62.12,8958
9022005004230002,9022005001249002,am_rush,123.56,15894,9011005020200000,0,115.33,7946
9022005004230002,9022005001249002,am_rush,123.56,15894,9011005020400000,0,131.78,7948
9022005004236002,9022005000404002,am_rush,82.27,2041,9011005020200000,0,83.6,1021
9022005004236002,9022005000404002,am_rush,82.27,2041,9011005020400000,0,80.93,1020
9022005004236002,9022005004230002,am_rush,110.05,15891,9011005020200000,0,110.56,7944
9022005004236002,9022005004230002,am_rush,110.05,15891,9011005020400000,0,109.55,7947
9022005004250001,9022005004251001,am_rush,89.35,8960,9011005020200000,0,89.35,8960
9022005004251001,9022005004236002,am_rush,161.87,8963,9011005020200000,0,161.87,8963
9022005000046004,9022005000050006,day,364.63,525,9011005020200000,0,356.83,264
9022005000046004,9022005000050006,day,364.63,525,9011005020400000,0,372.51,261
9022005000198002,9022005000042002,day,148.88,52376,9011005020200000,0,147.66,14120
9022005000198002,9022005000042002,day,148.88,52376,9011005020400000,0,152.69,14377
9022005000198002,9022005000042002,day,148.88,52376,9011005021600000,1,148.78,7949
9022005000198002,9022005000042002,day,148.88,52376,9011005021700000,0,148.2,8160
9022005000198002,9022005000042002,day,148.88,52376,9011005021800000,0,144.89,7770
9022005000404002,9022005001249002,day,158.72,3382,9011005020200000,0,157.32,1692
9022005000404002,9022005001249002,day,158.72,3382,9011005020400000,0,160.12,1690
9022005001243002,9022005000050006,day,142.95,27979,9011005020200000,0,141.2,13859
9022005001243002,9022005000050006,day,142.95,27979,9011005020400000,0,144.67,14120
9022005001249002,9022005000198002,day,98.81,52301,9011005020200000,0,96.27,14101
9022005001249002,9022005000198002,day,98.81,52301,9011005020400000,0,95.18,14353
9022005001249002,9022005000198002,day,98.81,52301,9011005021600000,1,104.73,7947
9022005001249002,9022005000198002,day,98.81,52301,9011005021700000,0,108.03,8135
9022005001249002,9022005000198002,day,98.81,52301,9011005021800000,0,94.41,7765
9022005004076001,9022005004250001,day,86.02,14103,9011005020200000,0,86.02,14103
9022005004084001,9022005004076001,day,56.33,14101,9011005020200000,0,56.33,14101
9022005004230002,9022005001249002,day,122.52,25068,9011005020200000,0,119.85,12408
9022005004230002,9022005001249002,day,122.52,25068,9011005020400000,0,125.14,12660
9022005004236002,9022005000198002,day,88.37,33,9011005020200000,0,86.2,15
9022005004236002,9022005000198002,day,88.37,33,9011005020400000,0,90.17,18
9022005004236002,9022005000404002,day,87.73,3382,9011005020200000,0,86.65,1692
9022005004236002,9022005000404002,day,87.73,3382,9011005020400000,0,88.82,1690
9022005004236002,9022005004230002,day,117.79,25063,9011005020200000,0,117.78,12405
9022005004236002,9022005004230002,day,117.79,25063,9011005020400000,0,117.8,12658
9022005004250001,9022005004251001,day,97.05,14108,9011005020200000,0,97.05,14108
9022005004251001,9022005004236002,day,160.18,14113,9011005020200000,0,160.18,14113
9022005000046004,9022005000050006,night,277.22,562,9011005020200000,0,279.21,275
9022005000046004,9022005000050006,night,277.22,562,9011005020400000,0,275.32,287
9022005000198002,9022005000042002,night,125.15,65361,9011005020200000,0,127.67,15329
9022005000198002,9022005000042002,night,125.15,65361,9011005020400000,0,127.21,15953
9022005000198002,9022005000042002,night,125.15,65361,9011005021600000,1,123.7,10941
9022005000198002,9022005000042002,night,125.15,65361,9011005021700000,0,120.82,11297
9022005000198002,9022005000042002,night,125.15,65361,9011005021800000,0,124.59,11841
9022005000404002,9022005001249002,night,140.21,3609,9011005020200000,0,134.6,1768
9022005000404002,9022005001249002,night,140.21,3609,9011005020400000,0,145.59,1841
9022005001243002,9022005000050006,night,121.66,30728,9011005020200000,0,116.84,15056
9022005001243002,9022005000050006,night,121.66,30728,9011005020400000,0,126.3,15672
9022005001249002,9022005000198002,night,80.38,65327,9011005020200000,0,76.84,15322
9022005001249002,9022005000198002,night,80.38,65327,9011005020400000,0,76.41,15949
9022005001249002,9022005000198002,night,80.38,65327,9011005021600000,1,89.64,10940
9022005001249002,9022005000198002,night,80.38,65327,9011005021700000,0,87.9,11289
9022005001249002,9022005000198002,night,80.38,65327,9011005021800000,0,74.59,11827
9022005004076001,9022005004250001,night,79.17,15306,9011005020200000,0,79.17,15306
9022005004084001,9022005004076001,night,48.35,15306,9011005020200000,0,48.35,15306
9022005004230002,9022005001249002,night,110.78,27654,9011005020200000,0,103.39,13550
9022005004230002,9022005001249002,night,110.78,27654,9011005020400000,0,117.88,14104
9022005004236002,9022005000404002,night,68.69,3608,9011005020200000,0,69.46,1767
9022005004236002,9022005000404002,night,68.69,3608,9011005020400000,0,67.96,1841
9022005004236002,9022005004230002,night,98.93,27650,9011005020200000,0,99.4,13548
9022005004236002,9022005004230002,night,98.93,27650,9011005020400000,0,98.48,14102
9022005004250001,9022005004251001,night,94.49,15307,9011005020200000,0,94.49,15307
9022005004251001,9022005004236002,night,164.0,15312,9011005020200000,0,164.0,15312
9022005000046004,9022005000050006,pm_rush,317.68,220,9011005020200000,0,334.98,110
9022005000046004,9022005000050006,pm_rush,317.68,220,9011005020400000,0,300.38,110
9022005000198002,9022005000042002,pm_rush,169.17,22957,9011005020200000,0,168.65,6067
9022005000198002,9022005000042002,pm_rush,169.17,22957,9011005020400000,0,174.4,6087
9022005000198002,9022005000042002,pm_rush,169.17,22957,9011005021600000,1,165.6,3508
9022005000198002,9022005000042002,pm_rush,169.17,22957,9011005021700000,0,167.14,3607
9022005000198002,9022005000042002,pm_rush,169.17,22957,9011005021800000,0,166.77,3688
9022005000404002,9022005001249002,pm_rush,171.04,1420,9011005020200000,0,168.26,710
9022005000404002,9022005001249002,pm_rush,171.04,1420,9011005020400000,0,173.83,710
9022005001243002,9022005000050006,pm_rush,140.13,11933,9011005020200000,0,141.34,5958
9022005001243002,9022005000050006,pm_rush,140.13,11933,9011005020400000,0,138.92,5975
9022005001249002,9022005000198002,pm_rush,104.29,22945,9011005020200000,0,102.11,6064
9022005001249002,9022005000198002,pm_rush,104.29,22945,9011005020400000,0,101.46,6085
9022005001249002,9022005000198002,pm_rush,104.29,22945,9011005021600000,1,113.81,3508
9022005001249002,9022005000198002,pm_rush,104.29,22945,9011005021700000,0,109.42,3602
9022005001249002,9022005000198002,pm_rush,104.29,22945,9011005021800000,0,98.47,3686
9022005004076001,9022005004250001,pm_rush,86.39,6062,9011005020200000,0,86.39,6062
9022005004084001,9022005004076001,pm_rush,51.93,6062,9011005020200000,0,51.93,6062
9022005004230002,9022005001249002,pm_rush,125.75,10731,9011005020200000,0,121.68,5356
9022005004230002,9022005001249002,pm_rush,125.75,10731,9011005020400000,0,129.81,5375
9022005004236002,9022005000404002,pm_rush,92.97,1420,9011005020200000,0,92.24,710
9022005004236002,9022005000404002,pm_rush,92.97,1420,9011005020400000,0,93.7,710
9022005004236002,9022005004230002,pm_rush,119.87,10731,9011005020200000,0,120.02,5355
9022005004236002,9022005004230002,pm_rush,119.87,10731,9011005020400000,0,119.73,5376
9022005004250001,9022005004251001,pm_rush,99.09,6062,9011005020200000,0,99.09,6062
9022005004251001,9022005004236002,pm_rush,162.32,6065,9011005020200000,0,162.32,6065
9022005000046004,9022005000050006,weekend,286.99,396,9011005020200000,0,292.81,198
9022005000046004,9022005000050006,weekend,286.99,396,9011005020400000,0,281.18,198
9022005000198002,9022005000042002,weekend,123.26,51761,9011005020200000,0,124.52,12569
9022005000198002,9022005000042002,weekend,123.26,51761,9011005020400000,0,124.77,12601
9022005000198002,9022005000042002,weekend,123.26,51761,9011005021600000,1,121.11,9077
9022005000198002,9022005000042002,weekend,123.26,51761,9011005021700000,0,121.97,8957
9022005000198002,9022005000042002,weekend,123.26,51761,9011005021800000,0,122.8,8557
9022005000404002,9022005001249002,weekend,141.41,2848,9011005020200000,0,134.61,1423
9022005000404002,9022005001249002,weekend,141.41,2848,9011005020400000,0,148.2,1425
9022005001243002,9022005000050006,weekend,134.19,24776,9011005020200000,0,129.87,12373
9022005001243002,9022005000050006,weekend,134.19,24776,9011005020400000,0,138.49,12403
9022005001249002,9022005000198002,weekend,77.79,51730,9011005020200000,0,74.03,12568
9022005001249002,9022005000198002,weekend,77.79,51730,9011005020400000,0,75.1,12601
9022005001249002,9022005000198002,weekend,77.79,51730,9011005021600000,1,84.5,9077
9022005001249002,9022005000198002,weekend,77.79,51730,9011005021700000,0,86.29,8941
9022005001249002,9022005000198002,weekend,77.79,51730,9011005021800000,0,71.26,8543
9022005004076001,9022005004250001,weekend,83.58,12561,9011005020200000,0,83.58,12561
9022005004084001,9022005004076001,weekend,51.9,12561,9011005020200000,0,51.9,12561
9022005004230002,9022005001249002,weekend,112.48,22319,9011005020200000,0,105.81,11143
9022005004230002,9022005001249002,weekend,112.48,22319,9011005020400000,0,119.14,11176
9022005004236002,9022005000404002,weekend,69.02,2848,9011005020200000,0,69.78,1423
9022005004236002,9022005000404002,weekend,69.02,2848,9011005020400000,0,68.26,1425
9022005004236002,9022005004230002,weekend,97.51,22315,9011005020200000,0,97.97,11140
9022005004236002,9022005004230002,weekend,97.51,22315,9011005020400000,0,97.06,11175
9022005004250001,9022005004251001,weekend,94.06,12562,9011005020200000,0,94.06,12562
9022005004251001,9022005004236002,weekend,160.12,12564,9011005020200000,0,160.12,12564
9022005000042001,9022005000198001,am_rush,111.83,31152,9011005020200000,1,112.12,8583
9022005000042001,9022005000198001,am_rush,111.83,31152,9011005020400000,1,113.84,8424
9022005000042001,9022005000198001,am_rush,111.83,31152,9011005021600000,0,110.19,4939
9022005000042001,9022005000198001,am_rush,111.83,31152,9011005021700000,1,110.9,4819
9022005000042001,9022005000198001,am_rush,111.83,31152,9011005021800000,1,110.28,4387
9022005000198001,9022005001249001,am_rush,95.76,31212,9011005020200000,1,94.43,8584
9022005000198001,9022005001249001,am_rush,95.76,31212,9011005020400000,1,97.64,8425
9022005000198001,9022005001249001,am_rush,95.76,31212,9011005021600000,0,94.89,4996
9022005000198001,9022005001249001,am_rush,95.76,31212,9011005021700000,1,95.52,4819
9022005000198001,9022005001249001,am_rush,95.76,31212,9011005021800000,1,96.02,4388
9022005000404001,9022005004236001,am_rush,62.78,1978,9011005020200000,1,61.91,1023
9022005000404001,9022005004236001,am_rush,62.78,1978,9011005020400000,1,63.71,955
9022005001249001,9022005000404001,am_rush,165.45,1978,9011005020200000,1,163.06,1023
9022005001249001,9022005000404001,am_rush,165.45,1978,9011005020400000,1,168.0,955
9022005001249001,9022005004230001,am_rush,114.42,15032,9011005020200000,1,113.09,7562
9022005001249001,9022005004230001,am_rush,114.42,15032,9011005020400000,1,115.76,7470
9022005004076002,9022005004084002,am_rush,40.59,8658,9011005020200000,1,40.59,8658
9022005004084002,9022005000469003,am_rush,51.46,8658,9011005020200000,1,51.46,8658
9022005004230001,9022005004236001,am_rush,93.55,15051,9011005020200000,1,94.02,7581
9022005004230001,9022005004236001,am_rush,93.55,15051,9011005020400000,1,93.08,7470
9022005004236001,9022005004251002,am_rush,157.62,8656,9011005020200000,1,157.62,8656
9022005004250002,9022005004076002,am_rush,68.05,8657,9011005020200000,1,68.05,8657
9022005004251002,9022005004250002,am_rush,95.64,8658,9011005020200000,1,95.64,8658
9022005000042001,9022005000198001,day,109.22,52894,9011005020200000,1,107.91,13597
9022005000042001,9022005000198001,day,109.22,52894,9011005020400000,1,112.68,14846
9022005000042001,9022005000198001,day,109.22,52894,9011005021600000,0,106.41,7313
9022005000042001,9022005000198001,day,109.22,52894,9011005021700000,1,109.82,8177
9022005000042001,9022005000198001,day,109.22,52894,9011005021800000,1,107.24,8961
9022005000198001,9022005001249001,day,99.34,52970,9011005020200000,1,99.43,13603
9022005000198001,9022005001249001,day,99.34,52970,9011005020400000,1,99.94,14849
9022005000198001,9022005001249001,day,99.34,52970,9011005021600000,0,95.94,7373
9022005000198001,9022005001249001,day,99.34,52970,9011005021700000,1,102.6,8181
9022005000198001,9022005001249001,day,99.34,52970,9011005021800000,1,98.05,8964
9022005000404001,9022005004236001,day,61.58,3452,9011005020200000,1,61.42,1691
9022005000404001,9022005004236001,day,61.58,3452,9011005020400000,1,61.73,1761
9022005001249001,9022005000404001,day,158.27,3452,9011005020200000,1,155.4,1691
9022005001249001,9022005000404001,day,158.27,3452,9011005020400000,1,161.02,1761
9022005001249001,9022005004230001,day,114.2,24977,9011005020200000,1,112.6,11901
9022005001249001,9022005004230001,day,114.2,24977,9011005020400000,1,115.65,13076
9022005001249001,9022005004251002,day,170.19,16,9011005020200000,1,170.19,16
9022005004076002,9022005004084002,day,45.81,13744,9011005020200000,1,45.81,13744
9022005004084002,9022005000469003,day,50.93,13744,9011005020200000,1,50.93,13744
9022005004230001,9022005004236001,day,92.01,25023,9011005020200000,1,92.2,11947
9022005004230001,9022005004236001,day,92.01,25023,9011005020400000,1,91.83,13076
9022005004236001,9022005004251002,day,162.19,13717,9011005020200000,1,162.19,13717
9022005004250002,9022005004076002,day,74.04,13744,9011005020200000,1,74.04,13744
9022005004251002,9022005004250002,day,101.68,13744,9011005020200000,1,101.68,13744
9022005000042001,9022005000198001,night,94.23,61674,9011005020200000,1,94.84,14268
9022005000042001,9022005000198001,night,94.23,61674,9011005020400000,1,96.01,14697
9022005000042001,9022005000198001,night,94.23,61674,9011005021600000,0,92.12,11212
9022005000042001,9022005000198001,night,94.23,61674,9011005021700000,1,93.71,10669
9022005000042001,9022005000198001,night,94.23,61674,9011005021800000,1,93.73,10828
9022005000198001,9022005001249001,night,86.11,61783,9011005020200000,1,88.78,14270
9022005000198001,9022005001249001,night,86.11,61783,9011005020400000,1,87.94,14698
9022005000198001,9022005001249001,night,86.11,61783,9011005021600000,0,81.11,11317
9022005000198001,9022005001249001,night,86.11,61783,9011005021700000,1,86.33,10670
9022005000198001,9022005001249001,night,86.11,61783,9011005021800000,1,85.13,10828
9022005000404001,9022005004236001,night,60.12,3408,9011005020200000,1,60.91,1704
9022005000404001,9022005004236001,night,60.12,3408,9011005020400000,1,59.34,1704
9022005001249001,9022005000404001,night,132.48,3408,9011005020200000,1,132.75,1704
9022005001249001,9022005000404001,night,132.48,3408,9011005020400000,1,132.21,1704
9022005001249001,9022005004230001,night,101.0,25568,9011005020200000,1,100.99,12573
9022005001249001,9022005004230001,night,101.0,25568,9011005020400000,1,101.0,12995
9022005004076002,9022005004084002,night,50.16,14424,9011005020200000,1,50.16,14424
9022005004084002,9022005000469003,night,54.53,14423,9011005020200000,1,54.53,14423
9022005004230001,9022005004236001,night,88.57,25602,9011005020200000,1,89.57,12606
9022005004230001,9022005004236001,night,88.57,25602,9011005020400000,1,87.6,12996
9022005004236001,9022005004251002,night,162.26,14400,9011005020200000,1,162.26,14400
9022005004250002,9022005004076002,night,76.41,14424,9011005020200000,1,76.41,14424
9022005004251002,9022005004250002,night,102.15,14422,9011005020200000,1,102.15,14422
9022005000042001,9022005000198001,pm_rush,117.49,22156,9011005020200000,1,116.82,5863
9022005000042001,9022005000198001,pm_rush,117.49,22156,9011005020400000,1,120.52,6086
9022005000042001,9022005000198001,pm_rush,117.49,22156,9011005021600000,0,113.48,3432
9022005000042001,9022005000198001,pm_rush,117.49,22156,9011005021700000,1,118.22,3087
9022005000042001,9022005000198001,pm_rush,117.49,22156,9011005021800000,1,116.68,3688
9022005000198001,9022005001249001,pm_rush,98.99,22182,9011005020200000,1,98.91,5864
9022005000198001,9022005001249001,pm_rush,98.99,22182,9011005020400000,1,101.26,6086
9022005000198001,9022005001249001,pm_rush,98.99,22182,9011005021600000,0,94.27,3458
9022005000198001,9022005001249001,pm_rush,98.99,22182,9011005021700000,1,101.58,3087
9022005000198001,9022005001249001,pm_rush,98.99,22182,9011005021800000,1,97.65,3687
9022005000404001,9022005004236001,pm_rush,63.71,1420,9011005020200000,1,64.22,710
9022005000404001,9022005004236001,pm_rush,63.71,1420,9011005020400000,1,63.19,710
9022005001249001,9022005000404001,pm_rush,208.64,1420,9011005020200000,1,204.85,710
9022005001249001,9022005000404001,pm_rush,208.64,1420,9011005020400000,1,212.44,710
9022005001249001,9022005004230001,pm_rush,114.35,10531,9011005020200000,1,113.59,5154
9022005001249001,9022005004230001,pm_rush,114.35,10531,9011005020400000,1,115.07,5377
9022005004076002,9022005004084002,pm_rush,53.15,5911,9011005020200000,1,53.15,5911
9022005004084002,9022005000469003,pm_rush,42.38,5910,9011005020200000,1,42.38,5910
9022005004230001,9022005004236001,pm_rush,92.25,10534,9011005020200000,1,92.13,5157
9022005004230001,9022005004236001,pm_rush,92.25,10534,9011005020400000,1,92.37,5377
9022005004236001,9022005004251002,pm_rush,165.09,5900,9011005020200000,1,165.09,5900
9022005004250002,9022005004076002,pm_rush,80.38,5911,9011005020200000,1,80.38,5911
9022005004251002,9022005004250002,pm_rush,109.42,5911,9011005020200000,1,109.42,5911
9022005000042001,9022005000198001,weekend,90.35,50950,9011005020200000,1,91.22,11774
9022005000042001,9022005000198001,weekend,90.35,50950,9011005020400000,1,92.68,12404
9022005000042001,9022005000198001,weekend,90.35,50950,9011005021600000,0,87.82,8764
9022005000042001,9022005000198001,weekend,90.35,50950,9011005021700000,1,88.93,8880
9022005000042001,9022005000198001,weekend,90.35,50950,9011005021800000,1,89.88,9128
9022005000198001,9022005001249001,weekend,96.02,51015,9011005020200000,1,101.12,11774
9022005000198001,9022005001249001,weekend,96.02,51015,9011005020400000,1,97.72,12406
9022005000198001,9022005001249001,weekend,96.02,51015,9011005021600000,0,85.39,8827
9022005000198001,9022005001249001,weekend,96.02,51015,9011005021700000,1,95.81,8880
9022005000198001,9022005001249001,weekend,96.02,51015,9011005021800000,1,97.6,9128
9022005000404001,9022005004236001,weekend,60.71,2788,9011005020200000,1,61.46,1380
9022005000404001,9022005004236001,weekend,60.71,2788,9011005020400000,1,59.97,1408
9022005001249001,9022005000404001,weekend,130.63,2787,9011005020200000,1,130.22,1380
9022005001249001,9022005000404001,weekend,130.63,2787,9011005020400000,1,131.04,1407
9022005001249001,9022005004230001,weekend,98.71,21398,9011005020200000,1,98.77,10398
9022005001249001,9022005004230001,weekend,98.71,21398,9011005020400000,1,98.66,11000
9022005004076002,9022005004084002,weekend,46.6,11879,9011005020200000,1,46.6,11879
9022005004084002,9022005000469003,weekend,62.13,11879,9011005020200000,1,62.13,11879
9022005004230001,9022005004236001,weekend,88.79,21437,9011005020200000,1,89.42,10436
9022005004230001,9022005004236001,weekend,88.79,21437,9011005020400000,1,88.19,11001
9022005004236001,9022005004251002,weekend,162.44,11869,9011005020200000,1,162.44,11869
9022005004250002,9022005004076002,weekend,73.68,11879,9011005020200000,1,73.68,11879
9022005004251002,9022005004250002,weekend,100.17,11879,9011005020200000,1,100.17,11879
9022005000214001,9022005001315001,am_rush,123.4,11957,9011005020300000,0,123.4,11957
9022005000215001,9022005001254001,am_rush,71.12,26829,9011005020300000,0,71.76,11956
9022005000215001,9022005001254001,am_rush,71.12,26829,9011005020600000,0,69.51,8974
9022005000215001,9022005001254001,am_rush,71.12,26829,9011005021200000,0,72.25,5899
9022005001243002,9022005000050005,am_rush,116.58,11747,9011005020300000,0,116.58,11747
9022005001253001,9022005001259002,am_rush,108.08,21170,9011005020300000,0,108.41,11962
9022005001253001,9022005001259002,am_rush,108.08,21170,9011005020600000,0,107.94,8978
9022005001253001,9022005001259002,am_rush,108.08,21170,9011005021200000,0,96.31,230
9022005001254001,9022005001253001,am_rush,73.26,26834,9011005020300000,0,72.75,11955
9022005001254001,9022005001253001,am_rush,73.26,26834,9011005020600000,0,71.99,8976
9022005001254001,9022005001253001,am_rush,73.26,26834,9011005021200000,0,76.21,5903
9022005001259002,9022005000046004,am_rush,216.97,1229,9011005020300000,0,211.3,1079
9022005001259002,9022005000046004,am_rush,216.97,1229,9011005020600000,0,257.76,150
9022005001259002,9022005001268002,am_rush,123.28,18893,9011005020300000,0,123.18,10883
9022005001259002,9022005001268002,am_rush,123.28,18893,9011005020600000,0,123.42,8010
9022005001268002,9022005000050005,am_rush,325.11,216,9011005020300000,0,325.11,216
9022005001268002,9022005001243002,am_rush,113.08,18514,9011005020300000,0,113.31,10668
9022005001268002,9022005001243002,am_rush,113.08,18514,9011005020600000,0,112.76,7846
9022005001315001,9022005000215001,am_rush,164.1,11955,9011005020300000,0,164.1,11955
9022005001338001,9022005001341001,am_rush,66.31,11954,9011005020300000,0,66.31,11954
9022005001339001,9022005001338001,am_rush,59.67,11954,9011005020300000,0,59.67,11954
9022005001341001,9022005001343001,am_rush,102.87,11956,9011005020300000,0,102.87,11956
9022005001343001,9022005000214001,am_rush,88.04,11957,9011005020300000,0,88.04,11957
9022005000214001,9022005001315001,day,120.39,23449,9011005020300000,0,121.48,19785
9022005000214001,9022005001315001,day,120.39,23449,9011005022600000,0,114.53,3664
9022005000215001,9022005001254001,day,69.37,44337,9011005020300000,0,70.48,19792
9022005000215001,9022005001254001,day,69.37,44337,9011005020600000,0,68.14,14388
9022005000215001,9022005001254001,day,69.37,44337,9011005021200000,0,68.95,10157
9022005001243002,9022005000050005,day,114.02,19421,9011005020300000,0,114.02,19421
9022005001253001,9022005001259002,day,108.3,34644,9011005020300000,0,109.59,19808
9022005001253001,9022005001259002,day,108.3,34644,9011005020600000,0,106.75,14401
9022005001253001,9022005001259002,day,108.3,34644,9011005021200000,0,101.04,435
9022005001254001,9022005001253001,day,71.59,44356,9011005020300000,0,72.43,19800
9022005001254001,9022005001253001,day,71.59,44356,9011005020600000,0,70.58,14394
9022005001254001,9022005001253001,day,71.59,44356,9011005021200000,0,71.37,10162
9022005001259002,9022005000046004,day,234.42,2163,9011005020300000,0,231.27,1953
9022005001259002,9022005000046004,day,234.42,2163,9011005020600000,0,263.75,210
9022005001259002,9022005001268002,day,129.54,30479,9011005020300000,0,129.17,17860
9022005001259002,9022005001268002,day,129.54,30479,9011005020600000,0,130.07,12619
9022005001268002,9022005000050005,day,310.61,393,9011005020300000,0,310.61,393
9022005001268002,9022005001243002,day,119.89,29825,9011005020300000,0,121.12,17468
9022005001268002,9022005001243002,day,119.89,29825,9011005020600000,0,118.14,12357
9022005001315001,9022005000215001,day,157.59,19786,9011005020300000,0,157.59,19786
9022005001338001,9022005001341001,day,58.31,19777,9011005020300000,0,58.31,19777
9022005001339001,9022005001338001,day,56.02,19777,9011005020300000,0,56.02,19777
9022005001341001,9022005001343001,day,95.32,19780,9011005020300000,0,95.32,19780
9022005001343001,9022005000214001,day,86.0,23446,9011005020300000,0,84.25,19783
9022005001343001,9022005000214001,day,86.0,23446,9011005022600000,0,95.46,3663
9022005000214001,9022005001315001,night,118.98,18000,9011005020300000,0,119.09,17406
9022005000214001,9022005001315001,night,118.98,18000,9011005022600000,0,115.69,594
9022005000215001,9022005001254001,night,64.4,38290,9011005020300000,0,64.52,17409
9022005000215001,9022005001254001,night,64.4,38290,9011005020600000,0,62.86,15535
9022005000215001,9022005001254001,night,64.4,38290,9011005021200000,0,68.49,5346
9022005001243002,9022005000050005,night,107.95,17107,9011005020300000,0,107.95,17107
9022005001253001,9022005001259002,night,90.35,33242,9011005020300000,0,91.59,17414
9022005001253001,9022005001259002,night,90.35,33242,9011005020600000,0,88.98,15548
9022005001253001,9022005001259002,night,90.35,33242,9011005021200000,0,89.3,280
9022005001254001,9022005001253001,night,60.77,38303,9011005020300000,0,60.67,17410
9022005001254001,9022005001253001,night,60.77,38303,9011005020600000,0,58.81,15544
9022005001254001,9022005001253001,night,60.77,38303,9011005021200000,0,66.81,5349
9022005001259002,9022005000046004,night,204.74,2351,9011005020300000,0,202.77,2101
9022005001259002,9022005000046004,night,204.74,2351,9011005020600000,0,221.34,250
9022005001259002,9022005001268002,night,113.28,28902,9011005020300000,0,115.4,15316
9022005001259002,9022005001268002,night,113.28,28902,9011005020600000,0,110.9,13586
9022005001268002,9022005000050005,night,283.61,309,9011005020300000,0,283.61,309
9022005001268002,9022005001243002,night,99.29,28318,9011005020300000,0,101.83,15007
9022005001268002,9022005001243002,night,99.29,28318,9011005020600000,0,96.43,13311
9022005001315001,9022005000215001,night,148.74,17409,9011005020300000,0,148.74,17409
9022005001338001,9022005001341001,night,57.21,17389,9011005020300000,0,57.21,17389
9022005001339001,9022005001338001,night,49.05,17386,9011005020300000,0,49.05,17386
9022005001341001,9022005001343001,night,91.6,17392,9011005020300000,0,91.6,17392
9022005001343001,9022005000214001,night,80.33,17998,9011005020300000,0,80.13,17404
9022005001343001,9022005000214001,night,80.33,17998,9011005022600000,0,86.15,594
9022005000214001,9022005001315001,pm_rush,122.56,8408,9011005020300000,0,123.29,7204
9022005000214001,9022005001315001,pm_rush,122.56,8408,9011005022600000,0,118.2,1204
9022005000215001,9022005001254001,pm_rush,74.29,17332,9011005020300000,0,73.7,7204
9022005000215001,9022005001254001,pm_rush,74.29,17332,9011005020600000,0,73.53,6450
9022005000215001,9022005001254001,pm_rush,74.29,17332,9011005021200000,0,76.76,3678
9022005001243002,9022005000050005,pm_rush,124.25,7077,9011005020300000,0,124.25,7077
9022005001253001,9022005001259002,pm_rush,117.47,13811,9011005020300000,0,117.81,7207
9022005001253001,9022005001259002,pm_rush,117.47,13811,9011005020600000,0,117.25,6454
9022005001253001,9022005001259002,pm_rush,117.47,13811,9011005021200000,0,110.69,150
9022005001254001,9022005001253001,pm_rush,78.09,17336,9011005020300000,0,77.13,7205
9022005001254001,9022005001253001,pm_rush,78.09,17336,9011005020600000,0,77.96,6452
9022005001254001,9022005001253001,pm_rush,78.09,17336,9011005021200000,0,80.22,3679
9022005001259002,9022005000046004,pm_rush,274.94,783,9011005020300000,0,262.97,683
9022005001259002,9022005000046004,pm_rush,274.94,783,9011005020600000,0,356.66,100
9022005001259002,9022005001268002,pm_rush,135.74,12322,9011005020300000,0,135.29,6524
9022005001259002,9022005001268002,pm_rush,135.74,12322,9011005020600000,0,136.25,5798
9022005001268002,9022005000050005,pm_rush,306.34,131,9011005020300000,0,306.34,131
9022005001268002,9022005001243002,pm_rush,126.37,12071,9011005020300000,0,127.5,6394
9022005001268002,9022005001243002,pm_rush,126.37,12071,9011005020600000,0,125.09,5677
9022005001315001,9022005000215001,pm_rush,175.49,7203,9011005020300000,0,175.49,7203
9022005001338001,9022005001341001,pm_rush,56.95,7203,9011005020300000,0,56.95,7203
9022005001339001,9022005001338001,pm_rush,52.77,7203,9011005020300000,0,52.77,7203
9022005001341001,9022005001343001,pm_rush,94.92,7204,9011005020300000,0,94.92,7204
9022005001343001,9022005000214001,pm_rush,84.93,8407,9011005020300000,0,84.29,7203
9022005001343001,9022005000214001,pm_rush,84.93,8407,9011005022600000,0,88.78,1204
9022005000214001,9022005001315001,weekend,122.88,15783,9011005020300000,0,123.07,14288
9022005000214001,9022005001315001,weekend,122.88,15783,9011005022600000,0,121.11,1495
9022005000215001,9022005001254001,weekend,68.88,30747,9011005020300000,0,69.8,14291
9022005000215001,9022005001254001,weekend,68.88,30747,9011005020600000,0,67.12,12546
9022005000215001,9022005001254001,weekend,68.88,30747,9011005021200000,0,71.19,3910
9022005001243002,9022005000050005,weekend,108.59,14065,9011005020300000,0,108.59,14065
9022005001253001,9022005001259002,weekend,93.39,27050,9011005020300000,0,95.66,14292
9022005001253001,9022005001259002,weekend,93.39,27050,9011005020600000,0,90.74,12548
9022005001253001,9022005001259002,weekend,93.39,27050,9011005021200000,0,97.76,210
9022005001254001,9022005001253001,weekend,63.23,30749,9011005020300000,0,64.8,14291
9022005001254001,9022005001253001,weekend,63.23,30749,9011005020600000,0,61.35,12548
9022005001254001,9022005001253001,weekend,63.23,30749,9011005021200000,0,63.5,3910
9022005001259002,9022005000046004,weekend,209.1,1841,9011005020300000,0,206.47,1643
9022005001259002,9022005000046004,weekend,209.1,1841,9011005020600000,0,230.96,198
9022005001259002,9022005001268002,weekend,119.07,23608,9011005020300000,0,121.59,12651
9022005001259002,9022005001268002,weekend,119.07,23608,9011005020600000,0,116.17,10957
9022005001268002,9022005000050005,weekend,291.86,228,9011005020300000,0,291.86,228
9022005001268002,9022005001243002,weekend,99.86,23183,9011005020300000,0,102.51,12423
9022005001268002,9022005001243002,weekend,99.86,23183,9011005020600000,0,96.79,10760
9022005001315001,9022005000215001,weekend,152.24,14290,9011005020300000,0,152.24,14290
9022005001338001,9022005001341001,weekend,59.78,14264,9011005020300000,0,59.78,14264
9022005001339001,9022005001338001,weekend,56.85,14262,9011005020300000,0,56.85,14262
9022005001341001,9022005001343001,weekend,94.36,14275,9011005020300000,0,94.36,14275
9022005001343001,9022005000214001,weekend,87.35,15782,9011005020300000,0,85.31,14287
9022005001343001,9022005000214001,weekend,87.35,15782,9011005022600000,0,106.89,1495
9022005000046003,9022005001259001,am_rush,173.9,1806,9011005020300000,1,178.09,896
9022005000046003,9022005001259001,am_rush,173.9,1806,9011005020600000,1,169.77,910
9022005000214002,9022005001343002,am_rush,49.47,9475,9011005020300000,1,49.37,8890
9022005000214002,9022005001343002,am_rush,49.47,9475,9011005022600000,1,50.93,585
9022005000215002,9022005001315002,am_rush,120.68,8889,9011005020300000,1,120.68,8889
9022005001243001,9022005001268001,am_rush,102.31,14138,9011005020300000,1,102.94,7822
9022005001243001,9022005001268001,am_rush,102.31,14138,9011005020600000,1,101.53,6316
9022005001253002,9022005001254002,am_rush,35.62,22145,9011005020300000,1,33.61,8886
9022005001253002,9022005001254002,am_rush,35.62,22145,9011005020600000,1,34.31,7360
9022005001253002,9022005001254002,am_rush,35.62,22145,9011005021200000,1,40.27,5899
9022005001254002,9022005000215002,am_rush,101.71,22146,9011005020300000,1,101.73,8887
9022005001254002,9022005000215002,am_rush,101.71,22146,9011005020600000,1,102.54,7360
9022005001254002,9022005000215002,am_rush,101.71,22146,9011005021200000,1,100.65,5899
9022005001259001,9022005001253002,am_rush,129.05,16472,9011005020300000,1,127.94,8883
9022005001259001,9022005001253002,am_rush,129.05,16472,9011005020600000,1,130.2,7359
9022005001259001,9022005001253002,am_rush,129.05,16472,9011005021200000,1,135.27,230
9022005001268001,9022005001259001,am_rush,130.22,14432,9011005020300000,1,134.38,7986
9022005001268001,9022005001259001,am_rush,130.22,14432,9011005020600000,1,125.07,6446
9022005001315002,9022005000214002,am_rush,134.5,9476,9011005020300000,1,130.98,8891
9022005001315002,9022005000214002,am_rush,134.5,9476,9011005022600000,1,188.02,585
9022005001338002,9022005001339002,am_rush,35.93,8890,9011005020300000,1,35.93,8890
9022005001339002,9022005000219001,am_rush,72.9,8890,9011005020300000,1,72.9,8890
9022005001341002,9022005001338002,am_rush,44.95,8890,9011005020300000,1,44.95,8890
9022005001343002,9022005001341002,am_rush,77.31,8890,9011005020300000,1,77.31,8890
9022005000046003,9022005001259001,day,185.92,3762,9011005020300000,1,190.57,1961
9022005000046003,9022005001259001,day,185.92,3762,9011005020600000,1,180.86,1801
9022005000214002,9022005001343002,day,51.2,23398,9011005020300000,1,50.7,19810
9022005000214002,9022005001343002,day,51.2,23398,9011005022600000,1,53.96,3588
9022005000215002,9022005001315002,day,125.95,19805,9011005020300000,1,125.95,19805
9022005001243001,9022005001268001,day,120.05,30101,9011005020300000,1,121.81,17433
9022005001243001,9022005001268001,day,120.05,30101,9011005020600000,1,117.63,12668
9022005001253002,9022005001254002,day,34.92,45003,9011005020300000,1,35.47,19797
9022005001253002,9022005001254002,day,34.92,45003,9011005020600000,1,33.43,14752
9022005001253002,9022005001254002,day,34.92,45003,9011005021200000,1,35.97,10454
9022005001254002,9022005000215002,day,99.24,45009,9011005020300000,1,100.07,19803
9022005001254002,9022005000215002,day,99.24,45009,9011005020600000,1,99.16,14752
9022005001254002,9022005000215002,day,99.24,45009,9011005021200000,1,97.78,10454
9022005001259001,9022005001253002,day,127.1,34980,9011005020300000,1,125.79,19796
9022005001259001,9022005001253002,day,127.1,34980,9011005020600000,1,128.52,14749
9022005001259001,9022005001253002,day,127.1,34980,9011005021200000,1,138.31,435
9022005001268001,9022005001259001,day,136.13,30774,9011005020300000,1,139.28,17830
9022005001268001,9022005001259001,day,136.13,30774,9011005020600000,1,131.78,12944
9022005001315002,9022005000214002,day,143.95,23396,9011005020300000,1,135.88,19809
9022005001315002,9022005000214002,day,143.95,23396,9011005022600000,1,188.49,3587
9022005001338002,9022005001339002,day,40.54,19812,9011005020300000,1,40.54,19812
9022005001339002,9022005000219001,day,58.54,19810,9011005020300000,1,58.54,19810
9022005001341002,9022005001338002,day,52.99,19812,9011005020300000,1,52.99,19812
9022005001343002,9022005001341002,day,81.24,19812,9011005020300000,1,81.24,19812
9022005000046003,9022005001259001,night,173.04,4012,9011005020300000,1,176.76,2045
9022005000046003,9022005001259001,night,173.04,4012,9011005020600000,1,169.17,1967
9022005000214002,9022005001343002,night,52.65,17461,9011005020300000,1,52.61,16852
9022005000214002,9022005001343002,night,52.65,17461,9011005022600000,1,53.82,609
9022005000215002,9022005001315002,night,126.27,16850,9011005020300000,1,126.27,16850
9022005001243001,9022005001268001,night,113.62,27450,9011005020300000,1,118.29,14503
9022005001243001,9022005001268001,night,113.62,27450,9011005020600000,1,108.38,12947
9022005001253002,9022005001254002,night,35.14,37472,9011005020300000,1,37.5,16848
9022005001253002,9022005001254002,night,35.14,37472,9011005020600000,1,33.04,15188
9022005001253002,9022005001254002,night,35.14,37472,9011005021200000,1,33.66,5436
9022005001254002,9022005000215002,night,100.19,37481,9011005020300000,1,99.02,16850
9022005001254002,9022005000215002,night,100.19,37481,9011005020600000,1,103.22,15187
9022005001254002,9022005000215002,night,100.19,37481,9011005021200000,1,95.36,5444
9022005001259001,9022005001253002,night,117.83,32315,9011005020300000,1,118.7,16848
9022005001259001,9022005001253002,night,117.83,32315,9011005020600000,1,116.79,15188
9022005001259001,9022005001253002,night,117.83,32315,9011005021200000,1,121.46,279
9022005001268001,9022005001259001,night,121.08,28025,9011005020300000,1,124.24,14804
9022005001268001,9022005001259001,night,121.08,28025,9011005020600000,1,117.54,13221
9022005001315002,9022005000214002,night,139.33,17461,9011005020300000,1,138.05,16852
9022005001315002,9022005000214002,night,139.33,17461,9011005022600000,1,174.85,609
9022005001338002,9022005001339002,night,43.84,16853,9011005020300000,1,43.84,16853
9022005001339002,9022005000219001,night,55.63,16852,9011005020300000,1,55.63,16852
9022005001341002,9022005001338002,night,59.68,16853,9011005020300000,1,59.68,16853
9022005001343002,9022005001341002,night,85.72,16853,9011005020300000,1,85.72,16853
9022005000046003,9022005001259001,pm_rush,201.22,1327,9011005020300000,1,205.66,684
9022005000046003,9022005001259001,pm_rush,201.22,1327,9011005020600000,1,196.49,643
9022005000214002,9022005001343002,pm_rush,56.97,8420,9011005020300000,1,56.96,7209
9022005000214002,9022005001343002,pm_rush,56.97,8420,9011005022600000,1,57.04,1211
9022005000215002,9022005001315002,pm_rush,141.19,7208,9011005020300000,1,141.19,7208
9022005001243001,9022005001268001,pm_rush,129.9,11720,9011005020300000,1,131.6,6391
9022005001243001,9022005001268001,pm_rush,129.9,11720,9011005020600000,1,127.87,5329
9022005001253002,9022005001254002,pm_rush,39.98,17523,9011005020300000,1,41.29,7209
9022005001253002,9022005001254002,pm_rush,39.98,17523,9011005020600000,1,38.98,6087
9022005001253002,9022005001254002,pm_rush,39.98,17523,9011005021200000,1,39.2,4227
9022005001254002,9022005000215002,pm_rush,101.88,17521,9011005020300000,1,100.76,7209
9022005001254002,9022005000215002,pm_rush,101.88,17521,9011005020600000,1,101.65,6083
9022005001254002,9022005000215002,pm_rush,101.88,17521,9011005021200000,1,104.11,4229
9022005001259001,9022005001253002,pm_rush,141.16,13448,9011005020300000,1,139.49,7209
9022005001259001,9022005001253002,pm_rush,141.16,13448,9011005020600000,1,142.89,6084
9022005001259001,9022005001253002,pm_rush,141.16,13448,9011005021200000,1,151.19,155
9022005001268001,9022005001259001,pm_rush,147.7,11963,9011005020300000,1,151.07,6523
9022005001268001,9022005001259001,pm_rush,147.7,11963,9011005020600000,1,143.66,5440
9022005001315002,9022005000214002,pm_rush,143.99,8420,9011005020300000,1,139.99,7209
9022005001315002,9022005000214002,pm_rush,143.99,8420,9011005022600000,1,167.77,1211
9022005001338002,9022005001339002,pm_rush,48.16,7208,9011005020300000,1,48.16,7208
9022005001339002,9022005000219001,pm_rush,55.63,7207,9011005020300000,1,55.63,7207
9022005001341002,9022005001338002,pm_rush,61.41,7208,9011005020300000,1,61.41,7208
9022005001343002,9022005001341002,pm_rush,92.01,7209,9011005020300000,1,92.01,7209
9022005000046003,9022005001259001,weekend,169.91,3250,9011005020300000,1,174.17,1646
9022005000046003,9022005001259001,weekend,169.91,3250,9011005020600000,1,165.53,1604
9022005000214002,9022005001343002,weekend,51.8,15974,9011005020300000,1,51.58,14271
9022005000214002,9022005001343002,weekend,51.8,15974,9011005022600000,1,53.69,1703
9022005000215002,9022005001315002,weekend,125.44,14269,9011005020300000,1,125.44,14269
9022005001243001,9022005001268001,weekend,112.25,23156,9011005020300000,1,117.49,12395
9022005001243001,9022005001268001,weekend,112.25,23156,9011005020600000,1,106.21,10761
9022005001253002,9022005001254002,weekend,34.88,30739,9011005020300000,1,37.86,14269
9022005001253002,9022005001254002,weekend,34.88,30739,9011005020600000,1,32.93,12565
9022005001253002,9022005001254002,weekend,34.88,30739,9011005021200000,1,30.27,3905
9022005001254002,9022005000215002,weekend,103.28,30740,9011005020300000,1,96.75,14269
9022005001254002,9022005000215002,weekend,103.28,30740,9011005020600000,1,105.49,12566
9022005001254002,9022005000215002,weekend,103.28,30740,9011005021200000,1,120.03,3905
9022005001259001,9022005001253002,weekend,115.6,27044,9011005020300000,1,115.9,14270
9022005001259001,9022005001253002,weekend,115.6,27044,9011005020600000,1,115.0,12564
9022005001259001,9022005001253002,weekend,115.6,27044,9011005021200000,1,130.89,210
9022005001268001,9022005001259001,weekend,120.75,23583,9011005020300000,1,124.78,12624
9022005001268001,9022005001259001,weekend,120.75,23583,9011005020600000,1,116.1,10959
9022005001315002,9022005000214002,weekend,142.16,15973,9011005020300000,1,137.19,14270
9022005001315002,9022005000214002,weekend,142.16,15973,9011005022600000,1,183.79,1703
9022005001338002,9022005001339002,weekend,41.91,14271,9011005020300000,1,41.91,14271
9022005001339002,9022005000219001,weekend,59.23,14267,9011005020300000,1,59.23,14267
9022005001341002,9022005001338002,weekend,57.93,14271,9011005020300000,1,57.93,14271
9022005001343002,9022005001341002,weekend,84.37,14271,9011005020300000,1,84.37,14271
9022005000213001,9022005000234002,am_rush,80.11,8967,9011005020400000,0,80.11,8967
9022005000234002,9022005080182002,am_rush,116.78,8966,9011005020400000,0,116.78,8966
9022005000418001,9022005001275001,am_rush,61.88,8965,9011005020400000,0,61.88,8965
9022005001273001,9022005000213001,am_rush,91.89,14863,9011005020400000,0,97.13,8966
9022005001273001,9022005000213001,am_rush,91.89,14863,9011005021200000,0,83.92,5897
9022005001274001,9022005001273001,am_rush,51.65,14862,9011005020400000,0,50.79,8965
9022005001274001,9022005001273001,am_rush,51.65,14862,9011005021200000,0,52.96,5897
9022005001275001,9022005001274001,am_rush,66.84,14861,9011005020400000,0,66.61,8965
9022005001275001,9022005001274001,am_rush,66.84,14861,9011005021200000,0,67.18,5896
9022005080004002,9022005004236002,am_rush,125.89,8966,9011005020400000,0,125.89,8966
9022005080182002,9022005080004002,am_rush,94.01,8965,9011005020400000,0,94.01,8965
9022005000213001,9022005000234002,day,83.69,14356,9011005020400000,0,83.69,14356
9022005000234002,9022005080182002,day,121.54,14357,9011005020400000,0,121.54,14357
9022005000418001,9022005001275001,day,57.42,18011,9011005020400000,0,58.78,14355
9022005000418001,9022005001275001,day,57.42,18011,9011005022600000,0,52.06,3656
9022005001273001,9022005000213001,day,84.63,28158,9011005020400000,0,89.45,14356
9022005001273001,9022005000213001,day,84.63,28158,9011005021200000,0,80.31,10145
9022005001273001,9022005000213001,day,84.63,28158,9011005022600000,0,77.66,3657
9022005001274001,9022005001273001,day,44.91,28161,9011005020400000,0,46.49,14359
9022005001274001,9022005001273001,day,44.91,28161,9011005021200000,0,44.28,10146
9022005001274001,9022005001273001,day,44.91,28161,9011005022600000,0,40.46,3656
9022005001275001,9022005001274001,day,58.33,28156,9011005020400000,0,60.84,14356
9022005001275001,9022005001274001,day,58.33,28156,9011005021200000,0,57.09,10144
9022005001275001,9022005001274001,day,58.33,28156,9011005022600000,0,51.89,3656
9022005080004002,9022005004236002,day,119.81,14366,9011005020400000,0,119.81,14366
9022005080182002,9022005080004002,day,88.93,14362,9011005020400000,0,88.93,14362
9022005000213001,9022005000234002,night,71.58,15883,9011005020400000,0,71.58,15883
9022005000234002,9022005080182002,night,109.75,15888,9011005020400000,0,109.75,15888
9022005000418001,9022005001275001,night,52.97,16472,9011005020400000,0,52.93,15879
9022005000418001,9022005001275001,night,52.97,16472,9011005022600000,0,53.91,593
9022005001273001,9022005000213001,night,80.9,21821,9011005020400000,0,83.1,15883
9022005001273001,9022005000213001,night,80.9,21821,9011005021200000,0,74.09,5345
9022005001273001,9022005000213001,night,80.9,21821,9011005022600000,0,83.31,593
9022005001274001,9022005001273001,night,41.38,21818,9011005020400000,0,41.19,15881
9022005001274001,9022005001273001,night,41.38,21818,9011005021200000,0,42.0,5344
9022005001274001,9022005001273001,night,41.38,21818,9011005022600000,0,40.88,593
9022005001275001,9022005001274001,night,53.24,21817,9011005020400000,0,53.0,15880
9022005001275001,9022005001274001,night,53.24,21817,9011005021200000,0,53.82,5344
9022005001275001,9022005001274001,night,53.24,21817,9011005022600000,0,54.28,593
9022005080004002,9022005004236002,night,118.0,16555,9011005020400000,0,117.71,15939
9022005080004002,9022005004236002,night,118.0,16555,9011005022200000,0,125.57,616
9022005080182002,9022005080004002,night,80.98,16512,9011005020400000,0,81.02,15896
9022005080182002,9022005080004002,night,80.98,16512,9011005022200000,0,79.9,616
9022005000213001,9022005000234002,pm_rush,92.49,6085,9011005020400000,0,92.49,6085
9022005000234002,9022005080182002,pm_rush,133.37,6084,9011005020400000,0,133.37,6084
9022005000418001,9022005001275001,pm_rush,57.79,7291,9011005020400000,0,57.91,6087
9022005000418001,9022005001275001,pm_rush,57.79,7291,9011005022600000,0,57.2,1204
9022005001273001,9022005000213001,pm_rush,83.82,10962,9011005020400000,0,86.69,6085
9022005001273001,9022005000213001,pm_rush,83.82,10962,9011005021200000,0,79.28,3675
9022005001273001,9022005000213001,pm_rush,83.82,10962,9011005022600000,0,83.2,1202
9022005001274001,9022005001273001,pm_rush,44.57,10967,9011005020400000,0,45.4,6087
9022005001274001,9022005001273001,pm_rush,44.57,10967,9011005021200000,0,43.96,3677
9022005001274001,9022005001273001,pm_rush,44.57,10967,9011005022600000,0,42.24,1203
9022005001275001,9022005001274001,pm_rush,61.73,10967,9011005020400000,0,63.73,6087
9022005001275001,9022005001274001,pm_rush,61.73,10967,9011005021200000,0,59.47,3677
9022005001275001,9022005001274001,pm_rush,61.73,10967,9011005022600000,0,58.48,1203
9022005080004002,9022005004236002,pm_rush,121.69,7939,9011005020400000,0,121.69,6086
9022005080004002,9022005004236002,pm_rush,121.69,7939,9011005022200000,0,121.68,1853
9022005080182002,9022005080004002,pm_rush,90.33,7939,9011005020400000,0,92.65,6086
9022005080182002,9022005080004002,pm_rush,90.33,7939,9011005022200000,0,82.73,1853
9022005000213001,9022005000234002,weekend,65.11,12569,9011005020400000,0,65.11,12569
9022005000234002,9022005080182002,weekend,106.28,12576,9011005020400000,0,106.28,12576
9022005000418001,9022005001275001,weekend,54.87,14057,9011005020400000,0,54.95,12563
9022005000418001,9022005001275001,weekend,54.87,14057,9011005022600000,0,54.23,1494
9022005001273001,9022005000213001,weekend,83.75,17974,9011005020400000,0,86.27,12568
9022005001273001,9022005000213001,weekend,83.75,17974,9011005021200000,0,77.11,3911
9022005001273001,9022005000213001,weekend,83.75,17974,9011005022600000,0,79.89,1495
9022005001274001,9022005001273001,weekend,43.05,17972,9011005020400000,0,43.54,12566
9022005001274001,9022005001273001,weekend,43.05,17972,9011005021200000,0,42.52,3911
9022005001274001,9022005001273001,weekend,43.05,17972,9011005022600000,0,40.37,1495
9022005001275001,9022005001274001,weekend,54.46,17970,9011005020400000,0,54.95,12564
9022005001275001,9022005001274001,weekend,54.46,17970,9011005021200000,0,53.89,3911
9022005001275001,9022005001274001,weekend,54.46,17970,9011005022600000,0,51.78,1495
9022005080004002,9022005004236002,weekend,118.07,12600,9011005020400000,0,118.07,12600
9022005080182002,9022005080004002,weekend,85.08,12591,9011005020400000,0,85.08,12591
9022005000213002,9022005001273002,am_rush,64.95,14920,9011005020400000,1,65.49,8428
9022005000213002,9022005001273002,am_rush,64.95,14920,9011005021200000,1,64.49,5905
9022005000213002,9022005001273002,am_rush,64.95,14920,9011005022600000,1,61.88,587
9022005000234001,9022005000213002,am_rush,78.79,8428,9011005020400000,1,78.79,8428
9022005000418002,9022005000223002,am_rush,102.97,9015,9011005020400000,1,101.18,8428
9022005000418002,9022005000223002,am_rush,102.97,9015,9011005022600000,1,128.64,587
9022005001273002,9022005001274002,am_rush,41.33,14920,9011005020400000,1,42.54,8428
9022005001273002,9022005001274002,am_rush,41.33,14920,9011005021200000,1,40.43,5905
9022005001273002,9022005001274002,am_rush,41.33,14920,9011005022600000,1,33.04,587
9022005001274002,9022005001275002,am_rush,53.01,14920,9011005020400000,1,54.8,8428
9022005001274002,9022005001275002,am_rush,53.01,14920,9011005021200000,1,51.01,5905
9022005001274002,9022005001275002,am_rush,53.01,14920,9011005022600000,1,47.35,587
9022005001275002,9022005000418002,am_rush,56.08,9015,9011005020400000,1,56.55,8428
9022005001275002,9022005000418002,am_rush,56.08,9015,9011005022600000,1,49.31,587
9022005004236001,9022005080004001,am_rush,123.89,11446,9011005020400000,1,125.23,8427
9022005004236001,9022005080004001,am_rush,123.89,11446,9011005022200000,1,120.16,3019
9022005080004001,9022005080182001,am_rush,94.23,11456,9011005020400000,1,94.91,8427
9022005080004001,9022005080182001,am_rush,94.23,11456,9011005022200000,1,92.33,3029
9022005080182001,9022005000234001,am_rush,110.78,8427,9011005020400000,1,110.78,8427
9022005000213002,9022005001273002,day,67.16,28981,9011005020400000,1,68.68,14861
9022005000213002,9022005001273002,day,67.16,28981,9011005021200000,1,66.87,10462
9022005000213002,9022005001273002,day,67.16,28981,9011005022600000,1,61.8,3658
9022005000234001,9022005000213002,day,80.62,14861,9011005020400000,1,80.62,14861
9022005000418002,9022005000223002,day,105.5,18525,9011005020400000,1,101.0,14864
9022005000418002,9022005000223002,day,105.5,18525,9011005022600000,1,123.75,3661
9022005001249001,9022005080004001,day,114.53,17,9011005020400000,1,114.53,17
9022005001273002,9022005001274002,day,40.08,28984,9011005020400000,1,41.97,14862
9022005001273002,9022005001274002,day,40.08,28984,9011005021200000,1,39.27,10462
9022005001273002,9022005001274002,day,40.08,28984,9011005022600000,1,34.73,3660
9022005001274002,9022005001275002,day,55.88,28990,9011005020400000,1,58.91,14865
9022005001274002,9022005001275002,day,55.88,28990,9011005021200000,1,54.36,10464
9022005001274002,9022005001275002,day,55.88,28990,9011005022600000,1,47.92,3661
9022005001275002,9022005000418002,day,60.37,18526,9011005020400000,1,62.22,14865
9022005001275002,9022005000418002,day,60.37,18526,9011005022600000,1,52.85,3661
9022005004236001,9022005080004001,day,120.06,14838,9011005020400000,1,120.06,14838
9022005080004001,9022005080182001,day,96.78,14858,9011005020400000,1,96.78,14858
9022005080182001,9022005000234001,day,104.98,14861,9011005020400000,1,104.98,14861
9022005000213002,9022005001273002,night,68.4,20782,9011005020400000,1,69.46,14711
9022005000213002,9022005001273002,night,68.4,20782,9011005021200000,1,66.26,5446
9022005000213002,9022005001273002,night,68.4,20782,9011005022600000,1,62.26,625
9022005000234001,9022005000213002,night,78.25,14710,9011005020400000,1,78.25,14710
9022005000418002,9022005000223002,night,100.23,15338,9011005020400000,1,99.37,14709
9022005000418002,9022005000223002,night,100.23,15338,9011005022600000,1,120.35,629
9022005001273002,9022005001274002,night,39.31,20786,9011005020400000,1,39.66,14711
9022005001273002,9022005001274002,night,39.31,20786,9011005021200000,1,38.93,5446
9022005001273002,9022005001274002,night,39.31,20786,9011005022600000,1,34.51,629
9022005001274002,9022005001275002,night,55.67,20785,9011005020400000,1,56.47,14710
9022005001274002,9022005001275002,night,55.67,20785,9011005021200000,1,54.3,5446
9022005001274002,9022005001275002,night,55.67,20785,9011005022600000,1,48.89,629
9022005001275002,9022005000418002,night,58.45,15339,9011005020400000,1,58.69,14710
9022005001275002,9022005000418002,night,58.45,15339,9011005022600000,1,52.94,629
9022005004236001,9022005080004001,night,121.8,14703,9011005020400000,1,121.8,14703
9022005080004001,9022005080182001,night,91.39,14705,9011005020400000,1,91.39,14705
9022005080182001,9022005000234001,night,86.94,14708,9011005020400000,1,86.94,14708
9022005000213002,9022005001273002,pm_rush,72.83,11543,9011005020400000,1,73.55,6085
9022005000213002,9022005001273002,pm_rush,72.83,11543,9011005021200000,1,74.31,4228
9022005000213002,9022005001273002,pm_rush,72.83,11543,9011005022600000,1,64.17,1230
9022005000234001,9022005000213002,pm_rush,88.7,6084,9011005020400000,1,88.7,6084
9022005000418002,9022005000223002,pm_rush,104.25,7327,9011005020400000,1,97.88,6087
9022005000418002,9022005000223002,pm_rush,104.25,7327,9011005022600000,1,135.52,1240
9022005001273002,9022005001274002,pm_rush,47.65,11551,9011005020400000,1,49.13,6085
9022005001273002,9022005001274002,pm_rush,47.65,11551,9011005021200000,1,48.0,4227
9022005001273002,9022005001274002,pm_rush,47.65,11551,9011005022600000,1,39.23,1239
9022005001274002,9022005001275002,pm_rush,62.96,11555,9011005020400000,1,64.56,6087
9022005001274002,9022005001275002,pm_rush,62.96,11555,9011005021200000,1,62.83,4228
9022005001274002,9022005001275002,pm_rush,62.96,11555,9011005022600000,1,55.57,1240
9022005001275002,9022005000418002,pm_rush,64.81,7327,9011005020400000,1,66.07,6087
9022005001275002,9022005000418002,pm_rush,64.81,7327,9011005022600000,1,58.64,1240
9022005004236001,9022005080004001,pm_rush,125.54,6086,9011005020400000,1,125.54,6086
9022005080004001,9022005080182001,pm_rush,96.12,6086,9011005020400000,1,96.12,6086
9022005080182001,9022005000234001,pm_rush,107.95,6086,9011005020400000,1,107.95,6086
9022005000213002,9022005001273002,weekend,66.98,18059,9011005020400000,1,68.19,12412
9022005000213002,9022005001273002,weekend,66.98,18059,9011005021200000,1,64.81,3907
9022005000213002,9022005001273002,weekend,66.98,18059,9011005022600000,1,63.24,1740
9022005000234001,9022005000213002,weekend,81.52,12412,9011005020400000,1,81.52,12412
9022005000418002,9022005000223002,weekend,103.4,14154,9011005020400000,1,100.7,12412
9022005000418002,9022005000223002,weekend,103.4,14154,9011005022600000,1,122.66,1742
9022005001273002,9022005001274002,weekend,37.55,18061,9011005020400000,1,38.51,12412
9022005001273002,9022005001274002,weekend,37.55,18061,9011005021200000,1,35.58,3907
9022005001273002,9022005001274002,weekend,37.55,18061,9011005022600000,1,35.1,1742
9022005001274002,9022005001275002,weekend,54.96,18061,9011005020400000,1,56.78,12412
9022005001274002,9022005001275002,weekend,54.96,18061,9011005021200000,1,50.94,3907
9022005001274002,9022005001275002,weekend,54.96,18061,9011005022600000,1,51.02,1742
9022005001275002,9022005000418002,weekend,57.31,14154,9011005020400000,1,58.11,12412
9022005001275002,9022005000418002,weekend,57.31,14154,9011005022600000,1,51.64,1742
9022005004236001,9022005080004001,weekend,121.43,12411,9011005020400000,1,121.43,12411
9022005080004001,9022005080182001,weekend,91.17,12412,9011005020400000,1,91.17,12412
9022005080182001,9022005000234001,weekend,85.75,12412,9011005020400000,1,85.75,12412
9022005000046004,9022005000050004,am_rush,462.62,195,9011005020500000,0,462.62,195
9022005000049001,9022005001241001,am_rush,68.52,9718,9011005020500000,0,68.52,9718
9022005000050004,9022005000329001,am_rush,94.33,18,9011005020500000,0,94.33,18
9022005000050004,9022005000444002,am_rush,231.5,9453,9011005020500000,0,231.5,9453
9022005000054002,9022005003559002,am_rush,44.47,14730,9011005020500000,0,45.89,9461
9022005000054002,9022005003559002,am_rush,44.47,14730,9011005021400000,0,41.92,5269
9022005000329001,9022005004171001,am_rush,108.1,10023,9011005020500000,0,108.66,9487
9022005000329001,9022005004171001,am_rush,108.1,10023,9011005022600000,1,98.28,536
9022005000429001,9022005001238001,am_rush,159.81,9496,9011005020500000,0,159.81,9496
9022005000444002,9022005003974002,am_rush,79.65,9451,9011005020500000,0,79.65,9451
9022005000444002,9022005003974003,am_rush,81.0,7,9011005020500000,0,81.0,7
9022005001238001,9022005001239001,am_rush,43.96,9561,9011005020500000,0,43.96,9561
9022005001239001,9022005001240001,am_rush,60.32,9709,9011005020500000,0,60.32,9709
9022005001240001,9022005000049001,am_rush,45.63,9718,9011005020500000,0,45.63,9718
9022005001241001,9022005001236003,am_rush,84.05,9718,9011005020500000,0,84.05,9718
9022005001243002,9022005000050004,am_rush,264.02,9274,9011005020500000,0,264.02,9274
9022005001252002,9022005001447002,am_rush,51.45,24318,9011005020500000,0,53.09,9466
9022005001252002,9022005001447002,am_rush,51.45,24318,9011005021000000,1,47.49,7626
9022005001252002,9022005001447002,am_rush,51.45,24318,9011005021300000,0,53.47,7226
9022005001318002,9022005001332002,am_rush,80.94,9465,9011005020500000,0,80.94,9465
9022005001324002,9022005000054002,am_rush,71.52,9460,9011005020500000,0,71.52,9460
9022005001325002,9022005001324002,am_rush,44.15,9460,9011005020500000,0,44.15,9460
9022005001332002,9022005001392002,am_rush,176.59,17088,9011005020500000,0,178.43,9465
9022005001332002,9022005001392002,am_rush,176.59,17088,9011005021000000,1,174.3,7623
9022005001392002,9022005001252002,am_rush,86.83,17090,9011005020500000,0,86.84,9464
9022005001392002,9022005001252002,am_rush,86.83,17090,9011005021000000,1,86.82,7626
9022005001447002,9022005001221002,am_rush,54.71,24323,9011005020500000,0,55.46,9468
9022005001447002,9022005001221002,am_rush,54.71,24323,9011005021000000,1,53.09,7627
9022005001447002,9022005001221002,am_rush,54.71,24323,9011005021300000,0,55.45,7228
9022005003559002,9022005001318002,am_rush,67.33,14733,9011005020500000,0,69.41,9464
9022005003559002,9022005001318002,am_rush,67.33,14733,9011005021400000,0,63.6,5269
9022005003974002,9022005000329001,am_rush,100.47,9462,9011005020500000,0,100.47,9462
9022005003974003,9022005000329001,am_rush,104.57,7,9011005020500000,0,104.57,7
9022005004171001,9022005000429001,am_rush,80.59,10441,9011005020500000,0,82.13,9486
9022005004171001,9022005000429001,am_rush,80.59,10441,9011005022600000,1,65.24,955
9022005000046004,9022005000050004,day,395.31,395,9011005020500000,0,395.31,395
9022005000049001,9022005001241001,day,80.11,17893,9011005020500000,0,80.11,17893
9022005000050004,9022005000444002,day,227.83,17312,9011005020500000,0,227.83,17312
9022005000054002,9022005003559002,day,41.15,25307,9011005020500000,0,41.56,17288
9022005000054002,9022005003559002,day,41.15,25307,9011005021400000,0,40.26,8019
9022005000329001,9022005004171001,day,123.31,18045,9011005020500000,0,123.43,17342
9022005000329001,9022005004171001,day,123.31,18045,9011005022600000,1,120.31,703
9022005000429001,9022005001238001,day,173.63,17349,9011005020500000,0,173.63,17349
9022005000444002,9022005003974002,day,74.73,17306,9011005020500000,0,74.73,17306
9022005000444002,9022005003974003,day,88.62,13,9011005020500000,0,88.62,13
9022005001238001,9022005001239001,day,52.3,17413,9011005020500000,0,52.3,17413
9022005001239001,9022005001240001,day,68.13,17868,9011005020500000,0,68.13,17868
9022005001240001,9022005000049001,day,52.22,17888,9011005020500000,0,52.22,17888
9022005001241001,9022005001236003,day,85.12,17893,9011005020500000,0,85.12,17893
9022005001243002,9022005000050004,day,244.74,16916,9011005020500000,0,244.74,16916
9022005001252002,9022005001447002,day,49.42,36639,9011005020500000,0,51.5,17301
9022005001252002,9022005001447002,day,49.42,36639,9011005021000000,1,46.28,8302
9022005001252002,9022005001447002,day,49.42,36639,9011005021300000,0,48.53,11036
9022005001318002,9022005001332002,day,76.22,17294,9011005020500000,0,76.22,17294
9022005001324002,9022005000054002,day,82.89,17286,9011005020500000,0,82.89,17286
9022005001325002,9022005001324002,day,44.66,17287,9011005020500000,0,44.66,17287
9022005001332002,9022005001392002,day,170.19,25595,9011005020500000,0,173.44,17296
9022005001332002,9022005001392002,day,170.19,25595,9011005021000000,1,163.43,8299
9022005001392002,9022005001252002,day,83.72,25598,9011005020500000,0,85.02,17298
9022005001392002,9022005001252002,day,83.72,25598,9011005021000000,1,81.01,8300
9022005001447002,9022005001221002,day,55.96,36644,9011005020500000,0,57.18,17305
9022005001447002,9022005001221002,day,55.96,36644,9011005021000000,1,53.9,8303
9022005001447002,9022005001221002,day,55.96,36644,9011005021300000,0,55.6,11036
9022005003559002,9022005001318002,day,68.67,25309,9011005020500000,0,69.41,17289
9022005003559002,9022005001318002,day,68.67,25309,9011005021400000,0,67.09,8020
9022005003974002,9022005000329001,day,108.32,17326,9011005020500000,0,108.32,17326
9022005003974003,9022005000329001,day,103.93,14,9011005020500000,0,103.93,14
9022005004171001,9022005000429001,day,99.29,20926,9011005020500000,0,100.89,17343
9022005004171001,9022005000429001,day,99.29,20926,9011005022600000,1,91.52,3583
9022005000046004,9022005000050004,night,371.22,331,9011005020500000,0,371.22,331
9022005000049001,9022005001241001,night,77.92,16299,9011005020500000,0,77.92,16299
9022005000050004,9022005000329001,night,92.83,6,9011005020500000,0,92.83,6
9022005000050004,9022005000444002,night,204.0,15845,9011005020500000,0,204.0,15845
9022005000054002,9022005003559002,night,36.71,27860,9011005020500000,0,37.96,15832
9022005000054002,9022005003559002,night,36.71,27860,9011005021400000,0,35.1,11405
9022005000054002,9022005003559002,night,36.71,27860,9011005022200000,0,34.41,623
9022005000329001,9022005004171001,night,107.6,16051,9011005020500000,0,107.42,15872
9022005000329001,9022005004171001,night,107.6,16051,9011005022600000,1,123.36,179
9022005000429001,9022005001238001,night,165.98,15878,9011005020500000,0,165.98,15878
9022005000444002,9022005003974002,night,59.61,15832,9011005020500000,0,59.61,15832
9022005000444002,9022005003974003,night,77.56,18,9011005020500000,0,77.56,18
9022005001238001,9022005001239001,night,50.54,15930,9011005020500000,0,50.54,15930
9022005001239001,9022005001240001,night,67.16,16271,9011005020500000,0,67.16,16271
9022005001240001,9022005000049001,night,51.77,16297,9011005020500000,0,51.77,16297
9022005001241001,9022005001236003,night,82.8,16299,9011005020500000,0,82.8,16299
9022005001243002,9022005000050004,night,242.89,15520,9011005020500000,0,242.89,15520
9022005001252002,9022005001447002,night,47.01,38438,9011005020500000,0,48.28,15842
9022005001252002,9022005001447002,night,47.01,38438,9011005021000000,1,44.18,9282
9022005001252002,9022005001447002,night,47.01,38438,9011005021300000,0,47.47,13314
9022005001318002,9022005001332002,night,69.02,15833,9011005020500000,0,69.02,15833
9022005001324002,9022005000054002,night,75.67,15832,9011005020500000,0,75.67,15832
9022005001325002,9022005001324002,night,33.88,15831,9011005020500000,0,33.88,15831
9022005001332002,9022005001392002,night,161.22,25110,9011005020500000,0,165.94,15834
9022005001332002,9022005001392002,night,161.22,25110,9011005021000000,1,153.15,9276
9022005001392002,9022005001252002,night,69.73,25116,9011005020500000,0,71.64,15838
9022005001392002,9022005001252002,night,69.73,25116,9011005021000000,1,66.46,9278
9022005001447002,9022005001221002,night,50.68,38439,9011005020500000,0,52.17,15842
9022005001447002,9022005001221002,night,50.68,38439,9011005021000000,1,48.16,9283
9022005001447002,9022005001221002,night,50.68,38439,9011005021300000,0,50.65,13314
9022005003559002,9022005001318002,night,59.87,27865,9011005020500000,0,61.16,15834
9022005003559002,9022005001318002,night,59.87,27865,9011005021400000,0,58.3,11408
9022005003559002,9022005001318002,night,59.87,27865,9011005022200000,0,55.95,623
9022005003974002,9022005000329001,night,96.01,15845,9011005020500000,0,96.01,15845
9022005003974003,9022005000329001,night,90.05,19,9011005020500000,0,90.05,19
9022005004171001,9022005000429001,night,85.42,16481,9011005020500000,0,84.7,15872
9022005004171001,9022005000429001,night,85.42,16481,9011005022600000,1,104.11,609
9022005000046004,9022005000050004,pm_rush,392.89,132,9011005020500000,0,392.89,132
9022005000049001,9022005001241001,pm_rush,82.25,6489,9011005020500000,0,82.25,6489
9022005000050004,9022005000444002,pm_rush,248.62,6325,9011005020500000,0,248.62,6325
9022005000054002,9022005003559002,pm_rush,39.6,11754,9011005020500000,0,40.24,6323
9022005000054002,9022005003559002,pm_rush,39.6,11754,9011005021400000,0,40.37,3571
9022005000054002,9022005003559002,pm_rush,39.6,11754,9011005022200000,0,35.94,1860
9022005000329001,9022005004171001,pm_rush,125.73,6711,9011005020500000,0,125.44,6356
9022005000329001,9022005004171001,pm_rush,125.73,6711,9011005022600000,1,130.86,355
9022005000429001,9022005001238001,pm_rush,196.68,6356,9011005020500000,0,196.68,6356
9022005000444002,9022005003974002,pm_rush,77.91,6322,9011005020500000,0,77.91,6322
9022005000444002,9022005003974003,pm_rush,86.5,6,9011005020500000,0,86.5,6
9022005001238001,9022005001239001,pm_rush,57.67,6357,9011005020500000,0,57.67,6357
9022005001239001,9022005001240001,pm_rush,73.48,6476,9011005020500000,0,73.48,6476
9022005001240001,9022005000049001,pm_rush,57.35,6487,9011005020500000,0,57.35,6487
9022005001241001,9022005001236003,pm_rush,90.34,6489,9011005020500000,0,90.34,6489
9022005001243002,9022005000050004,pm_rush,263.61,6194,9011005020500000,0,263.61,6194
9022005001252002,9022005001447002,pm_rush,48.3,16183,9011005020500000,0,50.27,6325
9022005001252002,9022005001447002,pm_rush,48.3,16183,9011005021000000,1,45.37,4921
9022005001252002,9022005001447002,pm_rush,48.3,16183,9011005021300000,0,48.71,4937
9022005001318002,9022005001332002,pm_rush,78.49,6323,9011005020500000,0,78.49,6323
9022005001324002,9022005000054002,pm_rush,86.49,6323,9011005020500000,0,86.49,6323
9022005001325002,9022005001324002,pm_rush,41.44,6325,9011005020500000,0,41.44,6325
9022005001332002,9022005001392002,pm_rush,172.94,11241,9011005020500000,0,176.04,6323
9022005001332002,9022005001392002,pm_rush,172.94,11241,9011005021000000,1,168.95,4918
9022005001392002,9022005001252002,pm_rush,107.15,11243,9011005020500000,0,109.12,6324
9022005001392002,9022005001252002,pm_rush,107.15,11243,9011005021000000,1,104.61,4919
9022005001447002,9022005001221002,pm_rush,66.17,16183,9011005020500000,0,68.3,6325
9022005001447002,9022005001221002,pm_rush,66.17,16183,9011005021000000,1,64.64,4921
9022005001447002,9022005001221002,pm_rush,66.17,16183,9011005021300000,0,64.96,4937
9022005003559002,9022005001318002,pm_rush,66.25,11754,9011005020500000,0,69.22,6323
9022005003559002,9022005001318002,pm_rush,66.25,11754,9011005021400000,0,68.18,3571
9022005003559002,9022005001318002,pm_rush,66.25,11754,9011005022200000,0,52.44,1860
9022005003974002,9022005000329001,pm_rush,111.58,6349,9011005020500000,0,111.58,6349
9022005003974003,9022005000329001,pm_rush,105.5,6,9011005020500000,0,105.5,6
9022005004171001,9022005000429001,pm_rush,104.5,7565,9011005020500000,0,104.47,6356
9022005004171001,9022005000429001,pm_rush,104.5,7565,9011005022600000,1,104.67,1209
9022005000046004,9022005000050004,weekend,411.7,226,9011005020500000,0,411.7,226
9022005000049001,9022005001241001,weekend,76.85,12962,9011005020500000,0,76.85,12962
9022005000050004,9022005000329001,weekend,81.88,8,9011005020500000,0,81.88,8
9022005000050004,9022005000444002,weekend,200.35,12572,9011005020500000,0,200.35,12572
9022005000054002,9022005003559002,weekend,38.66,21116,9011005020500000,0,39.67,12576
9022005000054002,9022005003559002,weekend,38.66,21116,9011005021400000,0,37.18,8540
9022005000329001,9022005004171001,weekend,118.05,13077,9011005020500000,0,117.37,12587
9022005000329001,9022005004171001,weekend,118.05,13077,9011005022600000,1,135.39,490
9022005000429001,9022005001238001,weekend,167.82,12602,9011005020500000,0,167.82,12602
9022005000444002,9022005003974002,weekend,58.67,12558,9011005020500000,0,58.67,12558
9022005000444002,9022005003974003,weekend,76.06,16,9011005020500000,0,76.06,16
9022005001238001,9022005001239001,weekend,49.75,12654,9011005020500000,0,49.75,12654
9022005001239001,9022005001240001,weekend,66.48,12944,9011005020500000,0,66.48,12944
9022005001240001,9022005000049001,weekend,49.7,12961,9011005020500000,0,49.7,12961
9022005001241001,9022005001236003,weekend,81.88,12962,9011005020500000,0,81.88,12962
9022005001243002,9022005000050004,weekend,283.44,12354,9011005020500000,0,283.44,12354
9022005001252002,9022005001447002,weekend,48.14,32063,9011005020500000,0,50.03,12581
9022005001252002,9022005001447002,weekend,48.14,32063,9011005021000000,1,45.51,8417
9022005001252002,9022005001447002,weekend,48.14,32063,9011005021300000,0,47.98,11065
9022005001318002,9022005001332002,weekend,72.11,12578,9011005020500000,0,72.11,12578
9022005001324002,9022005000054002,weekend,77.37,12575,9011005020500000,0,77.37,12575
9022005001325002,9022005001324002,weekend,36.76,12575,9011005020500000,0,36.76,12575
9022005001332002,9022005001392002,weekend,164.75,20991,9011005020500000,0,169.74,12578
9022005001332002,9022005001392002,weekend,164.75,20991,9011005021000000,1,157.29,8413
9022005001392002,9022005001252002,weekend,69.08,20994,9011005020500000,0,71.45,12580
9022005001392002,9022005001252002,weekend,69.08,20994,9011005021000000,1,65.54,8414
9022005001447002,9022005001221002,weekend,50.7,32064,9011005020500000,0,52.99,12580
9022005001447002,9022005001221002,weekend,50.7,32064,9011005021000000,1,48.46,8419
9022005001447002,9022005001221002,weekend,50.7,32064,9011005021300000,0,49.79,11065
9022005003559002,9022005001318002,weekend,63.26,21117,9011005020500000,0,64.31,12577
9022005003559002,9022005001318002,weekend,63.26,21117,9011005021400000,0,61.71,8540
9022005003974002,9022005000329001,weekend,100.66,12562,9011005020500000,0,100.66,12562
9022005003974003,9022005000329001,weekend,98.06,16,9011005020500000,0,98.06,16
9022005004171001,9022005000429001,weekend,100.19,14292,9011005020500000,0,99.12,12590
9022005004171001,9022005000429001,weekend,100.19,14292,9011005022600000,1,108.12,1702
9022005000049002,9022005001240002,am_rush,62.59,10003,9011005020500000,1,62.59,10003
9022005000050010,9022005000046003,am_rush,337.12,194,9011005020500000,1,337.12,194
9022005000050010,9022005001243001,am_rush,171.75,9825,9011005020500000,1,171.75,9825
9022005000054001,9022005001324001,am_rush,57.79,10091,9011005020500000,1,57.79,10091
9022005000329002,9022005003974001,am_rush,105.15,10017,9011005020500000,1,105.15,10017
9022005000429002,9022005004171002,am_rush,56.52,10005,9011005020500000,1,56.52,10005
9022005000444001,9022005000050010,am_rush,316.27,10017,9011005020500000,1,316.27,10017
9022005001222001,9022005001252001,am_rush,63.83,22296,9011005020500000,1,64.77,10055
9022005001222001,9022005001252001,am_rush,63.83,22296,9011005021000000,0,62.97,5518
9022005001222001,9022005001252001,am_rush,63.83,22296,9011005021300000,1,63.12,6723
9022005001236002,9022005001241002,am_rush,93.51,10001,9011005020500000,1,93.51,10001
9022005001238002,9022005000429002,am_rush,178.69,10004,9011005020500000,1,178.69,10004
9022005001239002,9022005001238002,am_rush,57.74,10005,9011005020500000,1,57.74,10005
9022005001240002,9022005001239002,am_rush,70.86,10004,9011005020500000,1,70.86,10004
9022005001241002,9022005000049002,am_rush,89.54,10002,9011005020500000,1,89.54,10002
9022005001252001,9022005001392001,am_rush,74.54,15588,9011005020500000,1,75.41,10070
9022005001252001,9022005001392001,am_rush,74.54,15588,9011005021000000,0,72.95,5518
9022005001318001,9022005003559001,am_rush,38.99,14857,9011005020500000,1,38.16,10091
9022005001318001,9022005003559001,am_rush,38.99,14857,9011005021400000,1,40.75,4766
9022005001324001,9022005001325001,am_rush,34.71,10090,9011005020500000,1,34.71,10090
9022005001325001,9022005000419002,am_rush,43.36,10090,9011005020500000,1,43.36,10090
9022005001332001,9022005001318001,am_rush,86.43,10090,9011005020500000,1,86.43,10090
9022005001392001,9022005001332001,am_rush,140.15,15601,9011005020500000,1,141.97,10082
9022005001392001,9022005001332001,am_rush,140.15,15601,9011005021000000,0,136.83,5519
9022005001411001,9022005001236002,am_rush,60.43,9981,9011005020500000,1,60.43,9981
9022005003559001,9022005000054001,am_rush,62.86,17857,9011005020500000,1,61.62,10091
9022005003559001,9022005000054001,am_rush,62.86,17857,9011005021400000,1,66.16,4766
9022005003559001,9022005000054001,am_rush,62.86,17857,9011005022200000,1,61.8,3000
9022005003974001,9022005000444001,am_rush,76.55,10019,9011005020500000,1,76.55,10019
9022005004171002,9022005000329002,am_rush,122.69,10006,9011005020500000,1,122.69,10006
9022005000049002,9022005001240002,day,57.8,18803,9011005020500000,1,57.8,18803
9022005000050010,9022005000046003,day,337.53,395,9011005020500000,1,337.53,395
9022005000050010,9022005001243001,day,173.0,18446,9011005020500000,1,173.0,18446
9022005000054001,9022005001324001,day,62.56,19069,9011005020500000,1,62.56,19069
9022005000329002,9022005003974001,day,113.42,18835,9011005020500000,1,113.42,18835
9022005000429002,9022005004171002,day,76.98,22508,9011005020500000,1,77.76,18807
9022005000429002,9022005004171002,day,76.98,22508,9011005022600000,0,73.01,3701
9022005000444001,9022005000050010,day,310.78,18841,9011005020500000,1,310.78,18841
9022005001222001,9022005001252001,day,67.18,39265,9011005020500000,1,68.66,18891
9022005001222001,9022005001252001,day,67.18,39265,9011005021000000,0,65.64,9265
9022005001222001,9022005001252001,day,67.18,39265,9011005021300000,1,65.93,11109
9022005001236002,9022005001241002,day,85.75,18791,9011005020500000,1,85.75,18791
9022005001238002,9022005000429002,day,208.9,18807,9011005020500000,1,208.9,18807
9022005001239002,9022005001238002,day,53.27,18807,9011005020500000,1,53.27,18807
9022005001240002,9022005001239002,day,66.69,18804,9011005020500000,1,66.69,18804
9022005001241002,9022005000049002,day,81.64,18796,9011005020500000,1,81.64,18796
9022005001252001,9022005001392001,day,83.47,28221,9011005020500000,1,83.53,18955
9022005001252001,9022005001392001,day,83.47,28221,9011005021000000,0,83.36,9266
9022005001318001,9022005003559001,day,44.19,27569,9011005020500000,1,44.91,19069
9022005001318001,9022005003559001,day,44.19,27569,9011005021400000,1,42.57,8500
9022005001324001,9022005001325001,day,36.11,19069,9011005020500000,1,36.11,19069
9022005001325001,9022005000419002,day,46.3,19069,9011005020500000,1,46.3,19069
9022005001332001,9022005001318001,day,96.95,19064,9011005020500000,1,96.95,19064
9022005001392001,9022005001332001,day,145.87,28279,9011005020500000,1,146.91,19012
9022005001392001,9022005001332001,day,145.87,28279,9011005021000000,0,143.75,9267
9022005001411001,9022005001236002,day,62.09,18743,9011005020500000,1,62.09,18743
9022005003559001,9022005000054001,day,71.91,27569,9011005020500000,1,73.17,19069
9022005003559001,9022005000054001,day,71.91,27569,9011005021400000,1,69.09,8500
9022005003974001,9022005000444001,day,81.7,19660,9011005020500000,1,81.65,18838
9022005003974001,9022005000444001,day,81.7,19660,9011005022600000,0,82.8,822
9022005004171002,9022005000329002,day,148.01,20019,9011005020500000,1,147.91,18815
9022005004171002,9022005000329002,day,148.01,20019,9011005022600000,0,149.58,1204
9022005000049002,9022005001240002,night,50.47,15992,9011005020500000,1,50.47,15992
9022005000050010,9022005000046003,night,285.67,308,9011005020500000,1,285.67,308
9022005000050010,9022005001243001,night,155.03,15713,9011005020500000,1,155.03,15713
9022005000054001,9022005001324001,night,53.9,16346,9011005020500000,1,53.9,16346
9022005000329002,9022005003974001,night,96.32,16016,9011005020500000,1,96.32,16016
9022005000429002,9022005004171002,night,72.86,16590,9011005020500000,1,72.82,15992
9022005000429002,9022005004171002,night,72.86,16590,9011005022600000,0,73.89,598
9022005000444001,9022005000050010,night,294.9,16020,9011005020500000,1,294.9,16020
9022005001222001,9022005001252001,night,68.71,38893,9011005020500000,1,70.44,16205
9022005001222001,9022005001252001,night,68.71,38893,9011005021000000,0,66.74,9251
9022005001222001,9022005001252001,night,68.71,38893,9011005021300000,1,67.99,13437
9022005001222001,9022005003559001,night,37.4,5,9011005020500000,1,37.4,5
9022005001236002,9022005001241002,night,80.71,15989,9011005020500000,1,80.71,15989
9022005001238002,9022005000429002,night,198.33,15993,9011005020500000,1,198.33,15993
9022005001239002,9022005001238002,night,49.06,15994,9011005020500000,1,49.06,15994
9022005001240002,9022005001239002,night,60.07,15992,9011005020500000,1,60.07,15992
9022005001241002,9022005000049002,night,74.77,15989,9011005020500000,1,74.77,15989
9022005001252001,9022005001392001,night,76.84,25495,9011005020500000,1,78.34,16244
9022005001252001,9022005001392001,night,76.84,25495,9011005021000000,0,74.2,9251
9022005001318001,9022005003559001,night,41.42,27939,9011005020500000,1,41.6,16341
9022005001318001,9022005003559001,night,41.42,27939,9011005021400000,1,41.17,11598
9022005001324001,9022005001325001,night,32.75,16346,9011005020500000,1,32.75,16346
9022005001325001,9022005000419002,night,52.21,16346,9011005020500000,1,52.21,16346
9022005001332001,9022005001318001,night,86.63,16338,9011005020500000,1,86.63,16338
9022005001392001,9022005001332001,night,134.26,25559,9011005020500000,1,135.83,16306
9022005001392001,9022005001332001,night,134.26,25559,9011005021000000,0,131.5,9253
9022005001411001,9022005001236002,night,57.94,15963,9011005020500000,1,57.94,15963
9022005003559001,9022005000054001,night,68.94,27943,9011005020500000,1,70.23,16346
9022005003559001,9022005000054001,night,68.94,27943,9011005021400000,1,67.12,11597
9022005003974001,9022005000444001,night,65.01,16216,9011005020500000,1,64.97,16020
9022005003974001,9022005000444001,night,65.01,16216,9011005022600000,0,68.03,196
9022005004171002,9022005000329002,night,140.21,16190,9011005020500000,1,140.03,15997
9022005004171002,9022005000329002,night,140.21,16190,9011005022600000,0,155.0,193
9022005000049002,9022005001240002,pm_rush,54.77,6744,9011005020500000,1,54.77,6744
9022005000050010,9022005000046003,pm_rush,340.2,131,9011005020500000,1,340.2,131
9022005000050010,9022005001243001,pm_rush,201.29,6648,9011005020500000,1,201.29,6648
9022005000054001,9022005001324001,pm_rush,66.85,6850,9011005020500000,1,66.85,6850
9022005000329002,9022005003974001,pm_rush,122.48,6787,9011005020500000,1,122.48,6787
9022005000429002,9022005004171002,pm_rush,82.12,7953,9011005020500000,1,83.29,6742
9022005000429002,9022005004171002,pm_rush,82.12,7953,9011005022600000,0,75.62,1211
9022005000444001,9022005000050010,pm_rush,342.45,6780,9011005020500000,1,342.45,6780
9022005001222001,9022005001252001,pm_rush,74.52,16719,9011005020500000,1,76.53,6804
9022005001222001,9022005001252001,pm_rush,74.52,16719,9011005021000000,0,73.7,4953
9022005001222001,9022005001252001,pm_rush,74.52,16719,9011005021300000,1,72.57,4962
9022005001236002,9022005001241002,pm_rush,85.45,6744,9011005020500000,1,85.45,6744
9022005001238002,9022005000429002,pm_rush,226.4,6743,9011005020500000,1,226.4,6743
9022005001239002,9022005001238002,pm_rush,55.13,6743,9011005020500000,1,55.13,6743
9022005001240002,9022005001239002,pm_rush,63.73,6744,9011005020500000,1,63.73,6744
9022005001241002,9022005000049002,pm_rush,80.2,6744,9011005020500000,1,80.2,6744
9022005001252001,9022005001392001,pm_rush,110.33,11762,9011005020500000,1,111.06,6809
9022005001252001,9022005001392001,pm_rush,110.33,11762,9011005021000000,0,109.33,4953
9022005001318001,9022005003559001,pm_rush,48.66,10555,9011005020500000,1,49.83,6847
9022005001318001,9022005003559001,pm_rush,48.66,10555,9011005021400000,1,46.51,3708
9022005001324001,9022005001325001,pm_rush,40.76,6850,9011005020500000,1,40.76,6850
9022005001325001,9022005000419002,pm_rush,50.22,6849,9011005020500000,1,50.22,6849
9022005001332001,9022005001318001,pm_rush,105.08,6842,9011005020500000,1,105.08,6842
9022005001392001,9022005001332001,pm_rush,161.84,11772,9011005020500000,1,162.56,6819
9022005001392001,9022005001332001,pm_rush,161.84,11772,9011005021000000,0,160.86,4953
9022005001411001,9022005001236002,pm_rush,70.5,6728,9011005020500000,1,70.5,6728
9022005003559001,9022005000054001,pm_rush,81.46,10558,9011005020500000,1,84.35,6850
9022005003559001,9022005000054001,pm_rush,81.46,10558,9011005021400000,1,76.12,3708
9022005003974001,9022005000444001,pm_rush,88.25,7188,9011005020500000,1,88.33,6788
9022005003974001,9022005000444001,pm_rush,88.25,7188,9011005022600000,0,86.92,400
9022005004171002,9022005000329002,pm_rush,157.21,7139,9011005020500000,1,157.04,6746
9022005004171002,9022005000329002,pm_rush,157.21,7139,9011005022600000,0,160.1,393
9022005000049002,9022005001240002,weekend,53.73,14259,9011005020500000,1,53.73,14259
9022005000050010,9022005000046003,weekend,301.84,236,9011005020500000,1,301.84,236
9022005000050010,9022005001243001,weekend,151.26,14051,9011005020500000,1,151.26,14051
9022005000054001,9022005001324001,weekend,53.56,14502,9011005020500000,1,53.56,14502
9022005000329002,9022005003974001,weekend,96.95,14264,9011005020500000,1,96.95,14264
9022005000429002,9022005004171002,weekend,75.79,15761,9011005020500000,1,75.33,14260
9022005000429002,9022005004171002,weekend,75.79,15761,9011005022600000,0,80.19,1501
9022005000444001,9022005000050010,weekend,279.53,14278,9011005020500000,1,279.53,14278
9022005001222001,9022005001252001,weekend,67.9,33862,9011005020500000,1,69.92,14426
9022005001222001,9022005001252001,weekend,67.9,33862,9011005021000000,0,66.63,8358
9022005001222001,9022005001252001,weekend,67.9,33862,9011005021300000,1,66.24,11078
9022005001236002,9022005001241002,weekend,83.39,14236,9011005020500000,1,83.39,14236
9022005001238002,9022005000429002,weekend,213.75,14259,9011005020500000,1,213.75,14259
9022005001239002,9022005001238002,weekend,49.09,14259,9011005020500000,1,49.09,14259
9022005001240002,9022005001239002,weekend,63.24,14259,9011005020500000,1,63.24,14259
9022005001241002,9022005000049002,weekend,77.91,14238,9011005020500000,1,77.91,14238
9022005001252001,9022005001392001,weekend,75.74,22814,9011005020500000,1,77.77,14458
9022005001252001,9022005001392001,weekend,75.74,22814,9011005021000000,0,72.22,8356
9022005001318001,9022005003559001,weekend,41.59,23713,9011005020500000,1,41.95,14502
9022005001318001,9022005003559001,weekend,41.59,23713,9011005021400000,1,41.03,9211
9022005001324001,9022005001325001,weekend,31.12,14502,9011005020500000,1,31.12,14502
9022005001325001,9022005000419002,weekend,48.94,14499,9011005020500000,1,48.94,14499
9022005001332001,9022005001318001,weekend,88.15,14502,9011005020500000,1,88.15,14502
9022005001392001,9022005001332001,weekend,135.22,22845,9011005020500000,1,136.74,14489
9022005001392001,9022005001332001,weekend,135.22,22845,9011005021000000,0,132.59,8356
9022005001411001,9022005001236002,weekend,58.51,14236,9011005020500000,1,58.51,14236
9022005003559001,9022005000054001,weekend,67.51,23714,9011005020500000,1,67.17,14502
9022005003559001,9022005000054001,weekend,67.51,23714,9011005021400000,1,68.04,9212
9022005003974001,9022005000444001,weekend,59.48,14764,9011005020500000,1,59.41,14273
9022005003974001,9022005000444001,weekend,59.48,14764,9011005022600000,0,61.65,491
9022005004171002,9022005000329002,weekend,146.14,14743,9011005020500000,1,145.6,14263
9022005004171002,9022005000329002,weekend,146.14,14743,9011005022600000,0,162.31,480
9022005000046006,9022005001243002,am_rush,100.13,47771,9011005020600000,0,89.89,818
9022005000046006,9022005001243002,am_rush,100.13,47771,9011005021000000,1,104.41,7488
9022005000046006,9022005001243002,am_rush,100.13,47771,9011005021100000,0,98.99,7178
9022005000046006,9022005001243002,am_rush,100.13,47771,9011005021300000,0,100.61,7098
9022005000046006,9022005001243002,am_rush,100.13,47771,9011005021400000,0,100.52,5181
9022005000046006,9022005001243002,am_rush,100.13,47771,9011005021500000,0,100.63,5352
9022005000046006,9022005001243002,am_rush,100.13,47771,9011005021600000,1,100.08,4595
9022005000046006,9022005001243002,am_rush,100.13,47771,9011005021700000,0,98.88,4743
9022005000046006,9022005001243002,am_rush,100.13,47771,9011005021800000,0,96.83,5318
9022005000221002,9022005001446002,am_rush,57.98,8971,9011005020600000,0,57.98,8971
9022005000222001,9022005001551001,am_rush,80.62,1022,9011005020600000,0,80.62,1022
9022005000222001,9022005004138001,am_rush,112.6,7950,9011005020600000,0,112.6,7950
9022005001243002,9022005000050029,am_rush,187.98,8814,9011005020600000,0,187.98,8814
9022005001259002,9022005000046006,am_rush,173.08,818,9011005020600000,0,173.08,818
9022005001268002,9022005000050029,am_rush,407.4,163,9011005020600000,0,407.4,163
9022005001444002,9022005000221002,am_rush,33.96,8969,9011005020600000,0,33.96,8969
9022005001446002,9022005001450002,am_rush,64.86,8972,9011005020600000,0,64.86,8972
9022005001450002,9022005001452001,am_rush,83.77,8972,9011005020600000,0,83.77,8972
9022005001452001,9022005001453001,am_rush,68.77,8971,9011005020600000,0,68.77,8971
9022005001453001,9022005000222001,am_rush,117.97,8972,9011005020600000,0,117.97,8972
9022005001551001,9022005004138001,am_rush,36.48,1022,9011005020600000,0,36.48,1022
9022005004138001,9022005000215001,am_rush,346.27,8972,9011005020600000,0,346.27,8972
9022005000046006,9022005001243002,day,106.09,70440,9011005020600000,0,98.67,1575
9022005000046006,9022005001243002,day,106.09,70440,9011005021000000,1,105.76,8162
9022005000046006,9022005001243002,day,106.09,70440,9011005021100000,0,105.21,10861
9022005000046006,9022005001243002,day,106.09,70440,9011005021300000,0,108.95,10836
9022005000046006,9022005001243002,day,106.09,70440,9011005021400000,0,106.91,7886
9022005000046006,9022005001243002,day,106.09,70440,9011005021500000,0,105.49,7634
9022005000046006,9022005001243002,day,106.09,70440,9011005021600000,1,108.47,7811
9022005000046006,9022005001243002,day,106.09,70440,9011005021700000,0,106.01,8038
9022005000046006,9022005001243002,day,106.09,70440,9011005021800000,0,102.58,7637
9022005000221002,9022005001446002,day,52.05,14375,9011005020600000,0,52.05,14375
9022005000222001,9022005001551001,day,74.23,1690,9011005020600000,0,74.23,1690
9022005000222001,9022005004138001,day,111.27,12691,9011005020600000,0,111.27,12691
9022005001243002,9022005000050029,day,181.73,14142,9011005020600000,0,181.73,14142
9022005001259002,9022005000046006,day,195.74,1574,9011005020600000,0,195.74,1574
9022005001268002,9022005000050029,day,365.62,262,9011005020600000,0,365.62,262
9022005001444002,9022005000221002,day,38.56,14374,9011005020600000,0,38.56,14374
9022005001446002,9022005001450002,day,58.46,14377,9011005020600000,0,58.46,14377
9022005001450002,9022005001452001,day,77.4,14378,9011005020600000,0,77.4,14378
9022005001452001,9022005001453001,day,62.22,14379,9011005020600000,0,62.22,14379
9022005001453001,9022005000222001,day,99.28,14379,9011005020600000,0,99.28,14379
9022005001551001,9022005004138001,day,39.06,1690,9011005020600000,0,39.06,1690
9022005004138001,9022005000215001,day,335.44,14387,9011005020600000,0,335.44,14387
9022005000046006,9022005001243002,night,87.84,93343,9011005020600000,0,85.11,1715
9022005000046006,9022005001243002,night,87.84,93343,9011005021000000,1,91.75,9127
9022005000046006,9022005001243002,night,87.84,93343,9011005021100000,0,87.11,13634
9022005000046006,9022005001243002,night,87.84,93343,9011005021300000,0,91.99,13079
9022005000046006,9022005001243002,night,87.84,93343,9011005021400000,0,87.56,11205
9022005000046006,9022005001243002,night,87.84,93343,9011005021500000,0,87.23,11090
9022005000046006,9022005001243002,night,87.84,93343,9011005021600000,1,88.87,10746
9022005000046006,9022005001243002,night,87.84,93343,9011005021700000,0,83.62,11115
9022005000046006,9022005001243002,night,87.84,93343,9011005021800000,0,85.33,11632
9022005000221002,9022005001446002,night,45.44,15524,9011005020600000,0,45.44,15524
9022005000222001,9022005001551001,night,70.44,1762,9011005020600000,0,70.44,1762
9022005000222001,9022005004138001,night,105.02,13770,9011005020600000,0,105.02,13770
9022005001243002,9022005000050029,night,188.29,15276,9011005020600000,0,188.29,15276
9022005001259002,9022005000046006,night,171.81,1715,9011005020600000,0,171.81,1715
9022005001268002,9022005000050029,night,385.22,275,9011005020600000,0,385.22,275
9022005001444002,9022005000221002,night,28.67,15524,9011005020600000,0,28.67,15524
9022005001446002,9022005001450002,night,51.72,15526,9011005020600000,0,51.72,15526
9022005001450002,9022005001452001,night,72.52,15530,9011005020600000,0,72.52,15530
9022005001452001,9022005001453001,night,53.63,15530,9011005020600000,0,53.63,15530
9022005001453001,9022005000222001,night,100.38,15531,9011005020600000,0,100.38,15531
9022005001551001,9022005004138001,night,34.98,1762,9011005020600000,0,34.98,1762
9022005004138001,9022005000215001,night,336.03,15535,9011005020600000,0,336.03,15535
9022005000046006,9022005001243002,pm_rush,111.77,32750,9011005020600000,0,102.67,556
9022005000046006,9022005001243002,pm_rush,111.77,32750,9011005021000000,1,113.85,4833
9022005000046006,9022005001243002,pm_rush,111.77,32750,9011005021100000,0,109.01,4769
9022005000046006,9022005001243002,pm_rush,111.77,32750,9011005021300000,0,114.48,4850
9022005000046006,9022005001243002,pm_rush,111.77,32750,9011005021400000,0,113.19,3505
9022005000046006,9022005001243002,pm_rush,111.77,32750,9011005021500000,0,110.69,3618
9022005000046006,9022005001243002,pm_rush,111.77,32750,9011005021600000,1,113.5,3444
9022005000046006,9022005001243002,pm_rush,111.77,32750,9011005021700000,0,111.97,3552
9022005000046006,9022005001243002,pm_rush,111.77,32750,9011005021800000,0,108.25,3623
9022005000221002,9022005001446002,pm_rush,50.5,6449,9011005020600000,0,50.5,6449
9022005000222001,9022005001551001,pm_rush,79.35,781,9011005020600000,0,79.35,781
9022005000222001,9022005004138001,pm_rush,120.1,5669,9011005020600000,0,120.1,5669
9022005001243002,9022005000050029,pm_rush,191.88,6333,9011005020600000,0,191.88,6333
9022005001259002,9022005000046006,pm_rush,215.19,556,9011005020600000,0,215.19,556
9022005001268002,9022005000050029,pm_rush,369.92,121,9011005020600000,0,369.92,121
9022005001444002,9022005000221002,pm_rush,41.9,6449,9011005020600000,0,41.9,6449
9022005001446002,9022005001450002,pm_rush,58.18,6449,9011005020600000,0,58.18,6449
9022005001450002,9022005001452001,pm_rush,79.94,6450,9011005020600000,0,79.94,6450
9022005001452001,9022005001453001,pm_rush,65.67,6450,9011005020600000,0,65.67,6450
9022005001453001,9022005000222001,pm_rush,94.3,6450,9011005020600000,0,94.3,6450
9022005001551001,9022005004138001,pm_rush,49.17,781,9011005020600000,0,49.17,781
9022005004138001,9022005000215001,pm_rush,343.83,6450,9011005020600000,0,343.83,6450
9022005000046006,9022005001243002,weekend,87.48,73669,9011005020600000,0,83.28,1393
9022005000046006,9022005001243002,weekend,87.48,73669,9011005021000000,1,88.77,8316
9022005000046006,9022005001243002,weekend,87.48,73669,9011005021100000,0,88.26,10014
9022005000046006,9022005001243002,weekend,87.48,73669,9011005021300000,0,89.85,10898
9022005000046006,9022005001243002,weekend,87.48,73669,9011005021400000,0,87.67,8428
9022005000046006,9022005001243002,weekend,87.48,73669,9011005021500000,0,87.71,8432
9022005000046006,9022005001243002,weekend,87.48,73669,9011005021600000,1,86.8,8943
9022005000046006,9022005001243002,weekend,87.48,73669,9011005021700000,0,85.16,8819
9022005000046006,9022005001243002,weekend,87.48,73669,9011005021800000,0,85.67,8426
9022005000221002,9022005001446002,weekend,47.75,12543,9011005020600000,0,47.75,12543
9022005000222001,9022005001551001,weekend,71.57,1425,9011005020600000,0,71.57,1425
9022005000222001,9022005004138001,weekend,105.94,11120,9011005020600000,0,105.94,11120
9022005001243002,9022005000050029,weekend,182.38,12351,9011005020600000,0,182.38,12351
9022005001259002,9022005000046006,weekend,171.41,1393,9011005020600000,0,171.41,1393
9022005001268002,9022005000050029,weekend,361.59,197,9011005020600000,0,361.59,197
9022005001444002,9022005000221002,weekend,29.52,12542,9011005020600000,0,29.52,12542
9022005001446002,9022005001450002,weekend,54.07,12543,9011005020600000,0,54.07,12543
9022005001450002,9022005001452001,weekend,73.13,12545,9011005020600000,0,73.13,12545
9022005001452001,9022005001453001,weekend,54.96,12545,9011005020600000,0,54.96,12545
9022005001453001,9022005000222001,weekend,102.68,12545,9011005020600000,0,102.68,12545
9022005001551001,9022005004138001,weekend,36.77,1425,9011005020600000,0,36.77,1425
9022005004138001,9022005000215001,weekend,339.06,12546,9011005020600000,0,339.06,12546
9022005000215002,9022005004138002,am_rush,350.67,7361,9011005020600000,1,350.67,7361
9022005000221001,9022005001444001,am_rush,27.13,7366,9011005020600000,1,27.13,7366
9022005000222002,9022005001453002,am_rush,100.3,7366,9011005020600000,1,100.3,7366
9022005001444001,9022005001443001,am_rush,33.85,7366,9011005020600000,1,33.85,7366
9022005001446001,9022005000221001,am_rush,46.27,7366,9011005020600000,1,46.27,7366
9022005001450001,9022005001446001,am_rush,46.44,7366,9011005020600000,1,46.44,7366
9022005001452002,9022005001450001,am_rush,48.34,7366,9011005020600000,1,48.34,7366
9022005001453002,9022005001452002,am_rush,70.29,7366,9011005020600000,1,70.29,7366
9022005001551002,9022005000222002,am_rush,79.07,820,9011005020600000,1,79.07,820
9022005004138002,9022005000222002,am_rush,111.81,6543,9011005020600000,1,111.81,6543
9022005004138002,9022005001551002,am_rush,53.88,818,9011005020600000,1,53.88,818
9022005000215002,9022005004138002,day,342.17,14753,9011005020600000,1,342.17,14753
9022005000221001,9022005001444001,day,29.31,14769,9011005020600000,1,29.31,14769
9022005000222002,9022005001453002,day,96.51,14768,9011005020600000,1,96.51,14768
9022005001444001,9022005001443001,day,36.1,14768,9011005020600000,1,36.1,14768
9022005001446001,9022005000221001,day,42.95,14769,9011005020600000,1,42.95,14769
9022005001450001,9022005001446001,day,54.05,14769,9011005020600000,1,54.05,14769
9022005001452002,9022005001450001,day,51.79,14769,9011005020600000,1,51.79,14769
9022005001453002,9022005001452002,day,69.72,14769,9011005020600000,1,69.72,14769
9022005001551002,9022005000222002,day,79.82,1764,9011005020600000,1,79.82,1764
9022005004138002,9022005000222002,day,114.35,12993,9011005020600000,1,114.35,12993
9022005004138002,9022005001551002,day,43.38,1763,9011005020600000,1,43.38,1763
9022005000215002,9022005004138002,night,342.6,15187,9011005020600000,1,342.6,15187
9022005000221001,9022005001444001,night,30.11,15187,9011005020600000,1,30.11,15187
9022005000222002,9022005001453002,night,94.56,15189,9011005020600000,1,94.56,15189
9022005001444001,9022005001443001,night,52.11,15187,9011005020600000,1,52.11,15187
9022005001446001,9022005000221001,night,39.3,15187,9011005020600000,1,39.3,15187
9022005001450001,9022005001446001,night,53.98,15188,9011005020600000,1,53.98,15188
9022005001452002,9022005001450001,night,50.65,15189,9011005020600000,1,50.65,15189
9022005001453002,9022005001452002,night,67.62,15189,9011005020600000,1,67.62,15189
9022005001551002,9022005000222002,night,76.89,1758,9011005020600000,1,76.89,1758
9022005004138002,9022005000222002,night,110.73,13430,9011005020600000,1,110.73,13430
9022005004138002,9022005001551002,night,42.44,1758,9011005020600000,1,42.44,1758
9022005000215002,9022005004138002,pm_rush,355.4,6083,9011005020600000,1,355.4,6083
9022005000221001,9022005001444001,pm_rush,35.36,6085,9011005020600000,1,35.36,6085
9022005000222002,9022005001453002,pm_rush,108.02,6084,9011005020600000,1,108.02,6084
9022005001444001,9022005001443001,pm_rush,36.17,6083,9011005020600000,1,36.17,6083
9022005001446001,9022005000221001,pm_rush,43.18,6085,9011005020600000,1,43.18,6085
9022005001450001,9022005001446001,pm_rush,63.49,6085,9011005020600000,1,63.49,6085
9022005001452002,9022005001450001,pm_rush,61.35,6085,9011005020600000,1,61.35,6085
9022005001453002,9022005001452002,pm_rush,77.91,6084,9011005020600000,1,77.91,6084
9022005001551002,9022005000222002,pm_rush,87.63,708,9011005020600000,1,87.63,708
9022005004138002,9022005000222002,pm_rush,122.11,5376,9011005020600000,1,122.11,5376
9022005004138002,9022005001551002,pm_rush,57.17,708,9011005020600000,1,57.17,708
9022005000215002,9022005004138002,weekend,344.31,12566,9011005020600000,1,344.31,12566
9022005000221001,9022005001444001,weekend,28.68,12576,9011005020600000,1,28.68,12576
9022005000222002,9022005001453002,weekend,91.87,12576,9011005020600000,1,91.87,12576
9022005001444001,9022005001443001,weekend,52.11,12573,9011005020600000,1,52.11,12573
9022005001446001,9022005000221001,weekend,37.76,12576,9011005020600000,1,37.76,12576
9022005001450001,9022005001446001,weekend,51.49,12576,9011005020600000,1,51.49,12576
9022005001452002,9022005001450001,weekend,48.72,12576,9011005020600000,1,48.72,12576
9022005001453002,9022005001452002,weekend,66.03,12576,9011005020600000,1,66.03,12576
9022005001551002,9022005000222002,weekend,76.56,1428,9011005020600000,1,76.56,1428
9022005004138002,9022005000222002,weekend,108.19,11138,9011005020600000,1,108.19,11138
9022005004138002,9022005001551002,weekend,39.6,1428,9011005020600000,1,39.6,1428
9022005000050007,9022005000046003,am_rush,293.44,98,9011005021000000,0,293.44,98
9022005000050007,9022005001243001,am_rush,152.54,5417,9011005021000000,0,152.54,5417
9022005000155002,9022005002014002,am_rush,62.26,6500,9011005021000000,0,62.26,6500
9022005000320001,9022005080005001,am_rush,52.67,5520,9011005021000000,0,52.67,5520
9022005000423001,9022005000050007,am_rush,310.68,6505,9011005021000000,0,310.68,6505
9022005000439001,9022005002946001,am_rush,50.8,5519,9011005021000000,0,50.8,5519
9022005000440002,9022005001458002,am_rush,57.65,6501,9011005021000000,0,57.65,6501
9022005000448001,9022005000439001,am_rush,150.0,5518,9011005021000000,0,150.0,5518
9022005001332001,9022005000448001,am_rush,117.16,5519,9011005021000000,0,117.16,5519
9022005001458002,9022005000423001,am_rush,38.44,6505,9011005021000000,0,38.44,6505
9022005002014002,9022005002015002,am_rush,102.79,6500,9011005021000000,0,102.79,6500
9022005002015002,9022005000440002,am_rush,66.53,6501,9011005021000000,0,66.53,6501
9022005002024002,9022005002025002,am_rush,80.57,6493,9011005021000000,0,80.57,6493
9022005002025002,9022005002026002,am_rush,66.35,6493,9011005021000000,0,66.35,6493
9022005002026002,9022005003595002,am_rush,92.25,6494,9011005021000000,0,92.25,6494
9022005002028002,9022005002030002,am_rush,121.36,6496,9011005021000000,0,121.36,6496
9022005002030002,9022005000155002,am_rush,56.01,6499,9011005021000000,0,56.01,6499
9022005002946001,9022005002949001,am_rush,161.26,5519,9011005021000000,0,161.26,5519
9022005002949001,9022005000320001,am_rush,125.52,5519,9011005021000000,0,125.52,5519
9022005002953001,9022005002954001,am_rush,104.39,5519,9011005021000000,0,104.39,5519
9022005003595002,9022005002028002,am_rush,96.09,6494,9011005021000000,0,96.09,6494
9022005080005001,9022005002953001,am_rush,65.51,5520,9011005021000000,0,65.51,5520
9022005000050007,9022005000046003,day,318.65,143,9011005021000000,0,318.65,143
9022005000050007,9022005001243001,day,152.59,8568,9011005021000000,0,152.59,8568
9022005000155002,9022005002014002,day,61.59,8707,9011005021000000,0,61.59,8707
9022005000320001,9022005080005001,day,62.19,9277,9011005021000000,0,62.19,9277
9022005000423001,9022005000050007,day,305.17,8712,9011005021000000,0,305.17,8712
9022005000439001,9022005002946001,day,57.37,9274,9011005021000000,0,57.37,9274
9022005000440002,9022005001458002,day,60.58,8708,9011005021000000,0,60.58,8708
9022005000448001,9022005000439001,day,155.54,9272,9011005021000000,0,155.54,9272
9022005001332001,9022005000448001,day,131.3,9270,9011005021000000,0,131.3,9270
9022005001458002,9022005000423001,day,49.94,8709,9011005021000000,0,49.94,8709
9022005002014002,9022005002015002,day,118.49,8707,9011005021000000,0,118.49,8707
9022005002015002,9022005000440002,day,61.72,8707,9011005021000000,0,61.72,8707
9022005002024002,9022005002025002,day,71.1,8698,9011005021000000,0,71.1,8698
9022005002025002,9022005002026002,day,54.67,8699,9011005021000000,0,54.67,8699
9022005002026002,9022005003595002,day,84.04,8703,9011005021000000,0,84.04,8703
9022005002028002,9022005002030002,day,117.6,8704,9011005021000000,0,117.6,8704
9022005002030002,9022005000155002,day,53.45,8706,9011005021000000,0,53.45,8706
9022005002946001,9022005002949001,day,169.04,9277,9011005021000000,0,169.04,9277
9022005002949001,9022005000320001,day,128.23,9277,9011005021000000,0,128.23,9277
9022005002953001,9022005002954001,day,94.23,9277,9011005021000000,0,94.23,9277
9022005003595002,9022005002028002,day,86.23,8704,9011005021000000,0,86.23,8704
9022005080005001,9022005002953001,day,66.67,9277,9011005021000000,0,66.67,9277
9022005000050007,9022005000046003,night,267.78,165,9011005021000000,0,267.78,165
9022005000050007,9022005001243001,night,134.77,8963,9011005021000000,0,134.77,8963
9022005000155002,9022005002014002,night,62.78,9098,9011005021000000,0,62.78,9098
9022005000320001,9022005080005001,night,59.99,9259,9011005021000000,0,59.99,9259
9022005000423001,9022005000050007,night,275.36,9123,9011005021000000,0,275.36,9123
9022005000439001,9022005002946001,night,53.15,9255,9011005021000000,0,53.15,9255
9022005000440002,9022005001458002,night,54.55,9105,9011005021000000,0,54.55,9105
9022005000448001,9022005000439001,night,151.72,9253,9011005021000000,0,151.72,9253
9022005001332001,9022005000448001,night,115.41,9253,9011005021000000,0,115.41,9253
9022005001458002,9022005000423001,night,31.39,9112,9011005021000000,0,31.39,9112
9022005002014002,9022005002015002,night,106.67,9099,9011005021000000,0,106.67,9099
9022005002015002,9022005000440002,night,54.3,9100,9011005021000000,0,54.3,9100
9022005002024002,9022005002025002,night,72.4,9090,9011005021000000,0,72.4,9090
9022005002025002,9022005002026002,night,49.73,9090,9011005021000000,0,49.73,9090
9022005002026002,9022005003595002,night,75.92,9092,9011005021000000,0,75.92,9092
9022005002028002,9022005002030002,night,118.27,9096,9011005021000000,0,118.27,9096
9022005002030002,9022005000155002,night,54.63,9098,9011005021000000,0,54.63,9098
9022005002946001,9022005002949001,night,171.5,9257,9011005021000000,0,171.5,9257
9022005002949001,9022005000320001,night,129.46,9259,9011005021000000,0,129.46,9259
9022005002953001,9022005002954001,night,96.53,9260,9011005021000000,0,96.53,9260
9022005003595002,9022005002028002,night,82.25,9093,9011005021000000,0,82.25,9093
9022005080005001,9022005002953001,night,64.85,9259,9011005021000000,0,64.85,9259
9022005000050007,9022005000046003,pm_rush,317.94,88,9011005021000000,0,317.94,88
9022005000050007,9022005001243001,pm_rush,171.97,4861,9011005021000000,0,171.97,4861
9022005000155002,9022005002014002,pm_rush,64.55,4952,9011005021000000,0,64.55,4952
9022005000320001,9022005080005001,pm_rush,67.49,4955,9011005021000000,0,67.49,4955
9022005000423001,9022005000050007,pm_rush,359.11,4950,9011005021000000,0,359.11,4950
9022005000439001,9022005002946001,pm_rush,64.24,4955,9011005021000000,0,64.24,4955
9022005000440002,9022005001458002,pm_rush,62.33,4952,9011005021000000,0,62.33,4952
9022005000448001,9022005000439001,pm_rush,172.57,4953,9011005021000000,0,172.57,4953
9022005001332001,9022005000448001,pm_rush,148.37,4954,9011005021000000,0,148.37,4954
9022005001458002,9022005000423001,pm_rush,48.57,4952,9011005021000000,0,48.57,4952
9022005002014002,9022005002015002,pm_rush,110.88,4952,9011005021000000,0,110.88,4952
9022005002015002,9022005000440002,pm_rush,71.95,4952,9011005021000000,0,71.95,4952
9022005002024002,9022005002025002,pm_rush,68.4,4949,9011005021000000,0,68.4,4949
9022005002025002,9022005002026002,pm_rush,52.35,4950,9011005021000000,0,52.35,4950
9022005002026002,9022005003595002,pm_rush,79.95,4952,9011005021000000,0,79.95,4952
9022005002028002,9022005002030002,pm_rush,117.75,4951,9011005021000000,0,117.75,4951
9022005002030002,9022005000155002,pm_rush,53.19,4951,9011005021000000,0,53.19,4951
9022005002946001,9022005002949001,pm_rush,180.59,4956,9011005021000000,0,180.59,4956
9022005002949001,9022005000320001,pm_rush,130.49,4955,9011005021000000,0,130.49,4955
9022005002953001,9022005002954001,pm_rush,90.36,4955,9011005021000000,0,90.36,4955
9022005003595002,9022005002028002,pm_rush,87.11,4950,9011005021000000,0,87.11,4950
9022005080005001,9022005002953001,pm_rush,71.03,4955,9011005021000000,0,71.03,4955
9022005000050007,9022005000046003,weekend,266.52,126,9011005021000000,0,266.52,126
9022005000050007,9022005001243001,weekend,131.66,8157,9011005021000000,0,131.66,8157
9022005000155002,9022005002014002,weekend,60.91,8212,9011005021000000,0,60.91,8212
9022005000320001,9022005080005001,weekend,57.34,8357,9011005021000000,0,57.34,8357
9022005000423001,9022005000050007,weekend,275.17,8262,9011005021000000,0,275.17,8262
9022005000439001,9022005002946001,weekend,51.1,8356,9011005021000000,0,51.1,8356
9022005000440002,9022005001458002,weekend,50.86,8227,9011005021000000,0,50.86,8227
9022005000448001,9022005000439001,weekend,149.14,8356,9011005021000000,0,149.14,8356
9022005001332001,9022005000448001,weekend,117.02,8356,9011005021000000,0,117.02,8356
9022005001458002,9022005000423001,weekend,29.41,8241,9011005021000000,0,29.41,8241
9022005002014002,9022005002015002,weekend,106.18,8214,9011005021000000,0,106.18,8214
9022005002015002,9022005000440002,weekend,50.45,8216,9011005021000000,0,50.45,8216
9022005002024002,9022005002025002,weekend,71.04,8210,9011005021000000,0,71.04,8210
9022005002025002,9022005002026002,weekend,50.46,8210,9011005021000000,0,50.46,8210
9022005002026002,9022005003595002,weekend,74.12,8210,9011005021000000,0,74.12,8210
9022005002028002,9022005002030002,weekend,115.7,8210,9011005021000000,0,115.7,8210
9022005002030002,9022005000155002,weekend,53.27,8211,9011005021000000,0,53.27,8211
9022005002946001,9022005002949001,weekend,163.78,8357,9011005021000000,0,163.78,8357
9022005002949001,9022005000320001,weekend,118.9,8357,9011005021000000,0,118.9,8357
9022005002953001,9022005002954001,weekend,90.14,8357,9011005021000000,0,90.14,8357
9022005003595002,9022005002028002,weekend,81.57,8210,9011005021000000,0,81.57,8210
9022005080005001,9022005002953001,weekend,63.08,8357,9011005021000000,0,63.08,8357
9022005000042002,9022005000046006,am_rush,95.38,40510,9011005021000000,1,97.72,7629
9022005000042002,9022005000046006,am_rush,95.38,40510,9011005021300000,0,95.76,7227
9022005000042002,9022005000046006,am_rush,95.38,40510,9011005021400000,0,97.68,5279
9022005000042002,9022005000046006,am_rush,95.38,40510,9011005021500000,0,95.79,5449
9022005000042002,9022005000046006,am_rush,95.38,40510,9011005021600000,1,93.76,4681
9022005000042002,9022005000046006,am_rush,95.38,40510,9011005021700000,0,94.6,4829
9022005000042002,9022005000046006,am_rush,95.38,40510,9011005021800000,0,91.03,5416
9022005000046006,9022005000050028,am_rush,445.08,142,9011005021000000,1,445.08,142
9022005000050028,9022005001458001,am_rush,275.78,5565,9011005021000000,1,275.78,5565
9022005000155001,9022005002030001,am_rush,51.25,5572,9011005021000000,1,51.25,5572
9022005000320002,9022005002949002,am_rush,130.43,7611,9011005021000000,1,130.43,7611
9022005000439002,9022005000448002,am_rush,150.88,7616,9011005021000000,1,150.88,7616
9022005000440001,9022005002015001,am_rush,83.86,5570,9011005021000000,1,83.86,5570
9022005000448002,9022005001332002,am_rush,113.76,7618,9011005021000000,1,113.76,7618
9022005001243002,9022005000050028,am_rush,269.28,7489,9011005021000000,1,269.28,7489
9022005001458001,9022005000440001,am_rush,50.73,5568,9011005021000000,1,50.73,5568
9022005002014001,9022005000155001,am_rush,67.2,5570,9011005021000000,1,67.2,5570
9022005002015001,9022005002014001,am_rush,104.19,5570,9011005021000000,1,104.19,5570
9022005002024001,9022005000153001,am_rush,116.49,5574,9011005021000000,1,116.49,5574
9022005002025001,9022005002024001,am_rush,51.77,5574,9011005021000000,1,51.77,5574
9022005002026001,9022005002025001,am_rush,49.09,5574,9011005021000000,1,49.09,5574
9022005002028001,9022005003595001,am_rush,88.69,5574,9011005021000000,1,88.69,5574
9022005002030001,9022005002028001,am_rush,124.2,5573,9011005021000000,1,124.2,5573
9022005002946002,9022005000439002,am_rush,72.66,7612,9011005021000000,1,72.66,7612
9022005002949002,9022005002946002,am_rush,173.4,7611,9011005021000000,1,173.4,7611
9022005002953002,9022005080005002,am_rush,84.85,7608,9011005021000000,1,84.85,7608
9022005003595001,9022005002026001,am_rush,58.74,5574,9011005021000000,1,58.74,5574
9022005080005002,9022005000320002,am_rush,89.67,7611,9011005021000000,1,89.67,7611
9022005000042002,9022005000046006,day,102.8,59034,9011005021000000,1,101.31,8302
9022005000042002,9022005000046006,day,102.8,59034,9011005021300000,0,105.34,11038
9022005000042002,9022005000046006,day,102.8,59034,9011005021400000,0,108.6,8026
9022005000042002,9022005000046006,day,102.8,59034,9011005021500000,0,100.08,7767
9022005000042002,9022005000046006,day,102.8,59034,9011005021600000,1,102.14,7950
9022005000042002,9022005000046006,day,102.8,59034,9011005021700000,0,100.89,8181
9022005000042002,9022005000046006,day,102.8,59034,9011005021800000,0,100.18,7770
9022005000046006,9022005000050028,day,388.64,142,9011005021000000,1,388.64,142
9022005000050028,9022005001458001,day,279.55,8307,9011005021000000,1,279.55,8307
9022005000155001,9022005002030001,day,53.28,8858,9011005021000000,1,53.28,8858
9022005000320002,9022005002949002,day,120.93,8291,9011005021000000,1,120.93,8291
9022005000439002,9022005000448002,day,140.37,8295,9011005021000000,1,140.37,8295
9022005000440001,9022005002015001,day,103.24,8853,9011005021000000,1,103.24,8853
9022005000448002,9022005001332002,day,106.82,8297,9011005021000000,1,106.82,8297
9022005001243002,9022005000050028,day,260.15,8162,9011005021000000,1,260.15,8162
9022005001458001,9022005000440001,day,43.77,8848,9011005021000000,1,43.77,8848
9022005002014001,9022005000155001,day,65.64,8854,9011005021000000,1,65.64,8854
9022005002015001,9022005002014001,day,104.18,8853,9011005021000000,1,104.18,8853
9022005002024001,9022005000153001,day,107.76,8866,9011005021000000,1,107.76,8866
9022005002025001,9022005002024001,day,56.05,8865,9011005021000000,1,56.05,8865
9022005002026001,9022005002025001,day,60.52,8865,9011005021000000,1,60.52,8865
9022005002028001,9022005003595001,day,93.47,8865,9011005021000000,1,93.47,8865
9022005002030001,9022005002028001,day,130.26,8862,9011005021000000,1,130.26,8862
9022005002946002,9022005000439002,day,66.19,8292,9011005021000000,1,66.19,8292
9022005002949002,9022005002946002,day,162.45,8291,9011005021000000,1,162.45,8291
9022005002953002,9022005080005002,day,76.95,8288,9011005021000000,1,76.95,8288
9022005003595001,9022005002026001,day,67.41,8865,9011005021000000,1,67.41,8865
9022005080005002,9022005000320002,day,78.81,8288,9011005021000000,1,78.81,8288
9022005000042002,9022005000046006,night,84.85,79413,9011005021000000,1,87.98,9290
9022005000042002,9022005000046006,night,84.85,79413,9011005021300000,0,91.31,13317
9022005000042002,9022005000046006,night,84.85,79413,9011005021400000,0,87.23,11414
9022005000042002,9022005000046006,night,84.85,79413,9011005021500000,0,81.72,11299
9022005000042002,9022005000046006,night,84.85,79413,9011005021600000,1,85.75,10941
9022005000042002,9022005000046006,night,84.85,79413,9011005021700000,0,79.67,11311
9022005000042002,9022005000046006,night,84.85,79413,9011005021800000,0,79.92,11841
9022005000046006,9022005000050028,night,342.67,166,9011005021000000,1,342.67,166
9022005000050028,9022005001458001,night,248.36,9332,9011005021000000,1,248.36,9332
9022005000155001,9022005002030001,night,51.28,9462,9011005021000000,1,51.28,9462
9022005000320002,9022005002949002,night,113.04,9270,9011005021000000,1,113.04,9270
9022005000439002,9022005000448002,night,130.12,9277,9011005021000000,1,130.12,9277
9022005000440001,9022005002015001,night,79.69,9455,9011005021000000,1,79.69,9455
9022005000448002,9022005001332002,night,95.2,9276,9011005021000000,1,95.2,9276
9022005001243002,9022005000050028,night,285.07,9139,9011005021000000,1,285.07,9139
9022005001458001,9022005000440001,night,38.66,9452,9011005021000000,1,38.66,9452
9022005002014001,9022005000155001,night,65.64,9457,9011005021000000,1,65.64,9457
9022005002015001,9022005002014001,night,101.91,9455,9011005021000000,1,101.91,9455
9022005002024001,9022005000153001,night,108.67,9471,9011005021000000,1,108.67,9471
9022005002025001,9022005002024001,night,56.97,9471,9011005021000000,1,56.97,9471
9022005002026001,9022005002025001,night,57.8,9471,9011005021000000,1,57.8,9471
9022005002028001,9022005003595001,night,90.38,9470,9011005021000000,1,90.38,9470
9022005002030001,9022005002028001,night,126.21,9467,9011005021000000,1,126.21,9467
9022005002946002,9022005000439002,night,54.7,9275,9011005021000000,1,54.7,9275
9022005002949002,9022005002946002,night,156.62,9271,9011005021000000,1,156.62,9271
9022005002953002,9022005080005002,night,69.56,9270,9011005021000000,1,69.56,9270
9022005003595001,9022005002026001,night,65.37,9470,9011005021000000,1,65.37,9470
9022005080005002,9022005000320002,night,74.81,9270,9011005021000000,1,74.81,9270
9022005000042002,9022005000046006,pm_rush,111.44,27928,9011005021000000,1,112.59,4921
9022005000042002,9022005000046006,pm_rush,111.44,27928,9011005021300000,0,115.09,4938
9022005000042002,9022005000046006,pm_rush,111.44,27928,9011005021400000,0,116.67,3571
9022005000042002,9022005000046006,pm_rush,111.44,27928,9011005021500000,0,106.76,3684
9022005000042002,9022005000046006,pm_rush,111.44,27928,9011005021600000,1,110.5,3508
9022005000042002,9022005000046006,pm_rush,111.44,27928,9011005021700000,0,109.12,3617
9022005000042002,9022005000046006,pm_rush,111.44,27928,9011005021800000,0,107.8,3689
9022005000046006,9022005000050028,pm_rush,389.17,88,9011005021000000,1,389.17,88
9022005000050028,9022005001458001,pm_rush,301.08,4919,9011005021000000,1,301.08,4919
9022005000155001,9022005002030001,pm_rush,53.53,4925,9011005021000000,1,53.53,4925
9022005000320002,9022005002949002,pm_rush,116.34,4919,9011005021000000,1,116.34,4919
9022005000439002,9022005000448002,pm_rush,143.62,4919,9011005021000000,1,143.62,4919
9022005000440001,9022005002015001,pm_rush,92.8,4924,9011005021000000,1,92.8,4924
9022005000448002,9022005001332002,pm_rush,111.98,4919,9011005021000000,1,111.98,4919
9022005001243002,9022005000050028,pm_rush,286.61,4832,9011005021000000,1,286.61,4832
9022005001458001,9022005000440001,pm_rush,44.33,4920,9011005021000000,1,44.33,4920
9022005002014001,9022005000155001,pm_rush,64.5,4925,9011005021000000,1,64.5,4925
9022005002015001,9022005002014001,pm_rush,98.15,4925,9011005021000000,1,98.15,4925
9022005002024001,9022005000153001,pm_rush,104.66,4928,9011005021000000,1,104.66,4928
9022005002025001,9022005002024001,pm_rush,54.88,4928,9011005021000000,1,54.88,4928
9022005002026001,9022005002025001,pm_rush,63.43,4928,9011005021000000,1,63.43,4928
9022005002028001,9022005003595001,pm_rush,98.48,4928,9011005021000000,1,98.48,4928
9022005002030001,9022005002028001,pm_rush,136.41,4926,9011005021000000,1,136.41,4926
9022005002946002,9022005000439002,pm_rush,64.81,4919,9011005021000000,1,64.81,4919
9022005002949002,9022005002946002,pm_rush,159.59,4919,9011005021000000,1,159.59,4919
9022005002953002,9022005080005002,pm_rush,72.57,4917,9011005021000000,1,72.57,4917
9022005003595001,9022005002026001,pm_rush,71.62,4928,9011005021000000,1,71.62,4928
9022005080005002,9022005000320002,pm_rush,71.91,4917,9011005021000000,1,71.91,4917
9022005000042002,9022005000046006,weekend,86.78,63206,9011005021000000,1,87.35,8428
9022005000042002,9022005000046006,weekend,86.78,63206,9011005021300000,0,90.64,11066
9022005000042002,9022005000046006,weekend,86.78,63206,9011005021400000,0,90.61,8551
9022005000042002,9022005000046006,weekend,86.78,63206,9011005021500000,0,84.57,8568
9022005000042002,9022005000046006,weekend,86.78,63206,9011005021600000,1,86.52,9077
9022005000042002,9022005000046006,weekend,86.78,63206,9011005021700000,0,84.63,8958
9022005000042002,9022005000046006,weekend,86.78,63206,9011005021800000,0,82.11,8558
9022005000046006,9022005000050028,weekend,310.4,131,9011005021000000,1,310.4,131
9022005000050028,9022005001458001,weekend,243.8,8553,9011005021000000,1,243.8,8553
9022005000155001,9022005002030001,weekend,50.85,8592,9011005021000000,1,50.85,8592
9022005000320002,9022005002949002,weekend,116.86,8411,9011005021000000,1,116.86,8411
9022005000439002,9022005000448002,weekend,133.05,8412,9011005021000000,1,133.05,8412
9022005000440001,9022005002015001,weekend,69.9,8587,9011005021000000,1,69.9,8587
9022005000448002,9022005001332002,weekend,99.45,8413,9011005021000000,1,99.45,8413
9022005001243002,9022005000050028,weekend,211.29,8369,9011005021000000,1,211.29,8369
9022005001458001,9022005000440001,weekend,37.79,8587,9011005021000000,1,37.79,8587
9022005002014001,9022005000155001,weekend,64.39,8586,9011005021000000,1,64.39,8586
9022005002015001,9022005002014001,weekend,101.93,8587,9011005021000000,1,101.93,8587
9022005002024001,9022005000153001,weekend,107.25,8603,9011005021000000,1,107.25,8603
9022005002025001,9022005002024001,weekend,56.87,8603,9011005021000000,1,56.87,8603
9022005002026001,9022005002025001,weekend,55.19,8603,9011005021000000,1,55.19,8603
9022005002028001,9022005003595001,weekend,86.08,8600,9011005021000000,1,86.08,8600
9022005002030001,9022005002028001,weekend,123.6,8598,9011005021000000,1,123.6,8598
9022005002946002,9022005000439002,weekend,57.71,8412,9011005021000000,1,57.71,8412
9022005002949002,9022005002946002,weekend,158.67,8411,9011005021000000,1,158.67,8411
9022005002953002,9022005080005002,weekend,71.89,8408,9011005021000000,1,71.89,8408
9022005003595001,9022005002026001,weekend,61.01,8603,9011005021000000,1,61.01,8603
9022005080005002,9022005000320002,weekend,77.59,8410,9011005021000000,1,77.59,8410
9022005000046006,9022005000050008,am_rush,330.46,129,9011005021100000,0,330.46,129
9022005000216001,9022005001262002,am_rush,57.61,14521,9011005021100000,0,54.35,7297
9022005000216001,9022005001262002,am_rush,57.61,14521,9011005021300000,0,60.9,7224
9022005000230002,9022005001321002,am_rush,67.13,7299,9011005021100000,0,67.13,7299
9022005001243002,9022005000050008,am_rush,149.7,7177,9011005021100000,0,149.7,7177
9022005001261002,9022005001323001,am_rush,120.98,7297,9011005021100000,0,120.98,7297
9022005001262002,9022005001261002,am_rush,46.34,14521,9011005021100000,0,43.87,7297
9022005001262002,9022005001261002,am_rush,46.34,14521,9011005021300000,0,48.83,7224
9022005001319002,9022005000046006,am_rush,147.15,7307,9011005021100000,0,147.15,7307
9022005001320002,9022005001319002,am_rush,67.79,7306,9011005021100000,0,67.79,7306
9022005001321002,9022005001320002,am_rush,65.48,7303,9011005021100000,0,65.48,7303
9022005001323001,9022005000230002,am_rush,78.5,7298,9011005021100000,0,78.5,7298
9022005003854002,9022005000216001,am_rush,78.52,7297,9011005021100000,0,78.52,7297
9022005000046006,9022005000050008,day,311.5,208,9011005021100000,0,311.5,208
9022005000216001,9022005001262002,day,53.02,22077,9011005021100000,0,51.99,11043
9022005000216001,9022005001262002,day,53.02,22077,9011005021300000,0,54.06,11034
9022005000230002,9022005001321002,day,72.13,11052,9011005021100000,0,72.13,11052
9022005001243002,9022005000050008,day,151.12,10861,9011005021100000,0,151.12,10861
9022005001261002,9022005001323001,day,109.15,11047,9011005021100000,0,109.15,11047
9022005001262002,9022005001261002,day,41.19,22081,9011005021100000,0,40.2,11046
9022005001262002,9022005001261002,day,41.19,22081,9011005021300000,0,42.19,11035
9022005001319002,9022005000046006,day,154.37,11069,9011005021100000,0,154.37,11069
9022005001320002,9022005001319002,day,64.39,11069,9011005021100000,0,64.39,11069
9022005001321002,9022005001320002,day,66.74,11062,9011005021100000,0,66.74,11062
9022005001323001,9022005000230002,day,72.03,11048,9011005021100000,0,72.03,11048
9022005003854002,9022005000216001,day,83.02,11042,9011005021100000,0,83.02,11042
9022005000046006,9022005000050008,night,297.88,253,9011005021100000,0,297.88,253
9022005000216001,9022005001262002,night,47.1,27181,9011005021100000,0,46.92,13869
9022005000216001,9022005001262002,night,47.1,27181,9011005021300000,0,47.29,13312
9022005000230002,9022005001321002,night,56.06,13884,9011005021100000,0,56.06,13884
9022005001243002,9022005000050008,night,157.28,13633,9011005021100000,0,157.28,13633
9022005001261002,9022005001323001,night,100.76,13874,9011005021100000,0,100.76,13874
9022005001262002,9022005001261002,night,36.65,27186,9011005021100000,0,36.64,13871
9022005001262002,9022005001261002,night,36.65,27186,9011005021300000,0,36.66,13315
9022005001319002,9022005000046006,night,131.12,13888,9011005021100000,0,131.12,13888
9022005001320002,9022005001319002,night,58.87,13889,9011005021100000,0,58.87,13889
9022005001321002,9022005001320002,night,54.74,13888,9011005021100000,0,54.74,13888
9022005001323001,9022005000230002,night,64.02,13875,9011005021100000,0,64.02,13875
9022005003854002,9022005000216001,night,71.9,13869,9011005021100000,0,71.9,13869
9022005000046006,9022005000050008,pm_rush,302.15,88,9011005021100000,0,302.15,88
9022005000216001,9022005001262002,pm_rush,51.47,9792,9011005021100000,0,50.95,4857
9022005000216001,9022005001262002,pm_rush,51.47,9792,9011005021300000,0,51.98,4935
9022005000230002,9022005001321002,pm_rush,74.68,4856,9011005021100000,0,74.68,4856
9022005001243002,9022005000050008,pm_rush,152.33,4768,9011005021100000,0,152.33,4768
9022005001261002,9022005001323001,pm_rush,140.87,4856,9011005021100000,0,140.87,4856
9022005001262002,9022005001261002,pm_rush,39.77,9793,9011005021100000,0,38.93,4857
9022005001262002,9022005001261002,pm_rush,39.77,9793,9011005021300000,0,40.6,4936
9022005001319002,9022005000046006,pm_rush,182.14,4857,9011005021100000,0,182.14,4857
9022005001320002,9022005001319002,pm_rush,74.95,4856,9011005021100000,0,74.95,4856
9022005001321002,9022005001320002,pm_rush,70.82,4856,9011005021100000,0,70.82,4856
9022005001323001,9022005000230002,pm_rush,73.45,4856,9011005021100000,0,73.45,4856
9022005003854002,9022005000216001,pm_rush,82.32,4857,9011005021100000,0,82.32,4857
9022005000046006,9022005000050008,weekend,286.48,160,9011005021100000,0,286.48,160
9022005000216001,9022005001262002,weekend,48.79,21211,9011005021100000,0,48.93,10147
9022005000216001,9022005001262002,weekend,48.79,21211,9011005021300000,0,48.67,11064
9022005000230002,9022005001321002,weekend,58.41,10162,9011005021100000,0,58.41,10162
9022005001243002,9022005000050008,weekend,149.15,10014,9011005021100000,0,149.15,10014
9022005001261002,9022005001323001,weekend,97.22,10151,9011005021100000,0,97.22,10151
9022005001262002,9022005001261002,weekend,38.5,21214,9011005021100000,0,38.56,10149
9022005001262002,9022005001261002,weekend,38.5,21214,9011005021300000,0,38.45,11065
9022005001319002,9022005000046006,weekend,133.06,10174,9011005021100000,0,133.06,10174
9022005001320002,9022005001319002,weekend,59.06,10174,9011005021100000,0,59.06,10174
9022005001321002,9022005001320002,weekend,55.86,10171,9011005021100000,0,55.86,10171
9022005001323001,9022005000230002,weekend,64.97,10153,9011005021100000,0,64.97,10153
9022005003854002,9022005000216001,weekend,75.59,10147,9011005021100000,0,75.59,10147
9022005000046003,9022005001319001,am_rush,158.83,6768,9011005021100000,1,158.83,6768
9022005000216002,9022005003854001,am_rush,60.31,6771,9011005021100000,1,60.31,6771
9022005000230001,9022005001323003,am_rush,80.32,6770,9011005021100000,1,80.32,6770
9022005001261001,9022005001262001,am_rush,29.4,13495,9011005021100000,1,30.31,6771
9022005001261001,9022005001262001,am_rush,29.4,13495,9011005021300000,1,28.49,6724
9022005001262001,9022005000216002,am_rush,60.18,13495,9011005021100000,1,60.43,6771
9022005001262001,9022005000216002,am_rush,60.18,13495,9011005021300000,1,59.93,6724
9022005001319001,9022005001320001,am_rush,41.21,6768,9011005021100000,1,41.21,6768
9022005001320001,9022005001321001,am_rush,47.67,6770,9011005021100000,1,47.67,6770
9022005001321001,9022005000230001,am_rush,47.97,6770,9011005021100000,1,47.97,6770
9022005001323003,9022005001261001,am_rush,97.88,6771,9011005021100000,1,97.88,6771
9022005003854001,9022005000231001,am_rush,93.08,6771,9011005021100000,1,93.08,6771
9022005000046003,9022005001319001,day,162.56,10548,9011005021100000,1,162.56,10548
9022005000216002,9022005003854001,day,67.41,10552,9011005021100000,1,67.41,10552
9022005000230001,9022005001323003,day,77.29,10554,9011005021100000,1,77.29,10554
9022005001261001,9022005001262001,day,34.26,21663,9011005021100000,1,33.79,10552
9022005001261001,9022005001262001,day,34.26,21663,9011005021300000,1,34.71,11111
9022005001262001,9022005000216002,day,64.02,21663,9011005021100000,1,62.39,10552
9022005001262001,9022005000216002,day,64.02,21663,9011005021300000,1,65.56,11111
9022005001319001,9022005001320001,day,39.41,10549,9011005021100000,1,39.41,10549
9022005001320001,9022005001321001,day,51.99,10554,9011005021100000,1,51.99,10554
9022005001321001,9022005000230001,day,52.16,10554,9011005021100000,1,52.16,10554
9022005001323003,9022005001261001,day,97.88,10552,9011005021100000,1,97.88,10552
9022005003854001,9022005000231001,day,85.96,10552,9011005021100000,1,85.96,10552
9022005000046003,9022005001319001,night,147.63,13925,9011005021100000,1,147.63,13925
9022005000216002,9022005003854001,night,66.5,13927,9011005021100000,1,66.5,13927
9022005000230001,9022005001323003,night,73.17,13929,9011005021100000,1,73.17,13929
9022005001261001,9022005001262001,night,34.57,27365,9011005021100000,1,34.48,13929
9022005001261001,9022005001262001,night,34.57,27365,9011005021300000,1,34.66,13436
9022005001262001,9022005000216002,night,59.18,27368,9011005021100000,1,59.04,13927
9022005001262001,9022005000216002,night,59.18,27368,9011005021300000,1,59.33,13441
9022005001319001,9022005001320001,night,37.33,13926,9011005021100000,1,37.33,13926
9022005001320001,9022005001321001,night,45.07,13929,9011005021100000,1,45.07,13929
9022005001321001,9022005000230001,night,48.31,13930,9011005021100000,1,48.31,13930
9022005001323003,9022005001261001,night,96.33,13929,9011005021100000,1,96.33,13929
9022005003854001,9022005000231001,night,89.92,13926,9011005021100000,1,89.92,13926
9022005000046003,9022005001319001,pm_rush,187.0,4877,9011005021100000,1,187.0,4877
9022005000216002,9022005003854001,pm_rush,75.72,4880,9011005021100000,1,75.72,4880
9022005000230001,9022005001323003,pm_rush,84.16,4881,9011005021100000,1,84.16,4881
9022005001261001,9022005001262001,pm_rush,38.67,9843,9011005021100000,1,37.79,4880
9022005001261001,9022005001262001,pm_rush,38.67,9843,9011005021300000,1,39.53,4963
9022005001262001,9022005000216002,pm_rush,67.43,9844,9011005021100000,1,66.35,4880
9022005001262001,9022005000216002,pm_rush,67.43,9844,9011005021300000,1,68.49,4964
9022005001319001,9022005001320001,pm_rush,44.66,4877,9011005021100000,1,44.66,4877
9022005001320001,9022005001321001,pm_rush,54.76,4878,9011005021100000,1,54.76,4878
9022005001321001,9022005000230001,pm_rush,57.63,4879,9011005021100000,1,57.63,4879
9022005001323003,9022005001261001,pm_rush,124.57,4881,9011005021100000,1,124.57,4881
9022005003854001,9022005000231001,pm_rush,80.59,4880,9011005021100000,1,80.59,4880
9022005000046003,9022005001319001,weekend,144.92,10042,9011005021100000,1,144.92,10042
9022005000216002,9022005003854001,weekend,64.97,10043,9011005021100000,1,64.97,10043
9022005000230001,9022005001323003,weekend,71.74,10042,9011005021100000,1,71.74,10042
9022005001261001,9022005001262001,weekend,33.47,21120,9011005021100000,1,33.8,10042
9022005001261001,9022005001262001,weekend,33.47,21120,9011005021300000,1,33.17,11078
9022005001262001,9022005000216002,weekend,60.64,21121,9011005021100000,1,59.6,10043
9022005001262001,9022005000216002,weekend,60.64,21121,9011005021300000,1,61.58,11078
9022005001319001,9022005001320001,weekend,35.98,10042,9011005021100000,1,35.98,10042
9022005001320001,9022005001321001,weekend,44.59,10042,9011005021100000,1,44.59,10042
9022005001321001,9022005000230001,weekend,46.82,10042,9011005021100000,1,46.82,10042
9022005001323003,9022005001261001,weekend,94.35,10042,9011005021100000,1,94.35,10042
9022005003854001,9022005000231001,weekend,93.91,10043,9011005021100000,1,93.91,10043
9022005000213001,9022005003870001,am_rush,60.93,5895,9011005021200000,0,60.93,5895
9022005001223001,9022005000050013,am_rush,138.42,5676,9011005021200000,0,138.42,5676
9022005001243002,9022005000050013,am_rush,94.22,230,9011005021200000,0,94.22,230
9022005001253001,9022005003848001,am_rush,151.21,5677,9011005021200000,0,151.21,5677
9022005001256002,9022005000215001,am_rush,175.08,5899,9011005021200000,0,175.08,5899
9022005001257002,9022005001256002,am_rush,36.34,5899,9011005021200000,0,36.34,5899
9022005001259002,9022005001243002,am_rush,273.52,230,9011005021200000,0,273.52,230
9022005003847001,9022005001257002,am_rush,70.88,5899,9011005021200000,0,70.88,5899
9022005003848001,9022005000417001,am_rush,113.89,5677,9011005021200000,0,113.89,5677
9022005003870001,9022005004232001,am_rush,156.05,5895,9011005021200000,0,156.05,5895
9022005004232001,9022005003847001,am_rush,50.83,6482,9011005021200000,0,50.24,5896
9022005004232001,9022005003847001,am_rush,50.83,6482,9011005022600000,1,56.8,586
9022005000213001,9022005003870001,day,49.89,10146,9011005021200000,0,49.89,10146
9022005001223001,9022005000050013,day,130.67,9731,9011005021200000,0,130.67,9731
9022005001243002,9022005000050013,day,93.57,435,9011005021200000,0,93.57,435
9022005001253001,9022005003848001,day,150.65,9728,9011005021200000,0,150.65,9728
9022005001256002,9022005000215001,day,171.75,10155,9011005021200000,0,171.75,10155
9022005001257002,9022005001256002,day,56.01,11787,9011005021200000,0,54.1,10152
9022005001257002,9022005001256002,day,56.01,11787,9011005022000000,0,67.85,1635
9022005001259002,9022005001243002,day,308.96,435,9011005021200000,0,308.96,435
9022005003847001,9022005001257002,day,82.13,11787,9011005021200000,0,80.79,10152
9022005003847001,9022005001257002,day,82.13,11787,9011005022000000,0,90.46,1635
9022005003848001,9022005000417001,day,110.7,9731,9011005021200000,0,110.7,9731
9022005003870001,9022005004232001,day,146.54,10146,9011005021200000,0,146.54,10146
9022005004232001,9022005003847001,day,61.17,15378,9011005021200000,0,62.21,10149
9022005004232001,9022005003847001,day,61.17,15378,9011005022000000,0,68.59,1635
9022005004232001,9022005003847001,day,61.17,15378,9011005022600000,1,54.84,3594
9022005000213001,9022005003870001,night,45.13,5345,9011005021200000,0,45.13,5345
9022005001223001,9022005000050013,night,135.14,5073,9011005021200000,0,135.14,5073
9022005001243002,9022005000050013,night,104.99,280,9011005021200000,0,104.99,280
9022005001253001,9022005003848001,night,130.96,5072,9011005021200000,0,130.96,5072
9022005001256002,9022005000215001,night,172.19,5347,9011005021200000,0,172.19,5347
9022005001257002,9022005001256002,night,54.98,6516,9011005021200000,0,52.46,5347
9022005001257002,9022005001256002,night,54.98,6516,9011005022000000,0,66.53,1169
9022005001259002,9022005001243002,night,274.56,280,9011005021200000,0,274.56,280
9022005003847001,9022005001257002,night,80.83,6516,9011005021200000,0,78.03,5347
9022005003847001,9022005001257002,night,80.83,6516,9011005022000000,0,93.62,1169
9022005003848001,9022005000417001,night,102.45,5073,9011005021200000,0,102.45,5073
9022005003870001,9022005004232001,night,147.9,5346,9011005021200000,0,147.9,5346
9022005004232001,9022005003847001,night,58.22,7741,9011005021200000,0,57.16,5347
9022005004232001,9022005003847001,night,58.22,7741,9011005022000000,0,66.5,1169
9022005004232001,9022005003847001,night,58.22,7741,9011005022200000,0,68.06,616
9022005004232001,9022005003847001,night,58.22,7741,9011005022600000,1,41.73,609
9022005000213001,9022005003870001,pm_rush,49.68,3675,9011005021200000,0,49.68,3675
9022005001223001,9022005000050013,pm_rush,145.65,3534,9011005021200000,0,145.65,3534
9022005001243002,9022005000050013,pm_rush,95.25,150,9011005021200000,0,95.25,150
9022005001253001,9022005003848001,pm_rush,177.01,3532,9011005021200000,0,177.01,3532
9022005001256002,9022005000215001,pm_rush,182.47,3678,9011005021200000,0,182.47,3678
9022005001257002,9022005001256002,pm_rush,65.97,7277,9011005021200000,0,63.43,3678
9022005001257002,9022005001256002,pm_rush,65.97,7277,9011005022000000,0,68.57,3599
9022005001259002,9022005001243002,pm_rush,350.83,150,9011005021200000,0,350.83,150
9022005003847001,9022005001257002,pm_rush,97.75,7276,9011005021200000,0,97.92,3677
9022005003847001,9022005001257002,pm_rush,97.75,7276,9011005022000000,0,97.58,3599
9022005003848001,9022005000417001,pm_rush,125.43,3533,9011005021200000,0,125.43,3533
9022005003870001,9022005004232001,pm_rush,167.13,3675,9011005021200000,0,167.13,3675
9022005004232001,9022005003847001,pm_rush,68.23,10341,9011005021200000,0,71.59,3677
9022005004232001,9022005003847001,pm_rush,68.23,10341,9011005022000000,0,68.56,3599
9022005004232001,9022005003847001,pm_rush,68.23,10341,9011005022200000,0,69.92,1853
9022005004232001,9022005003847001,pm_rush,68.23,10341,9011005022600000,1,54.5,1212
9022005000213001,9022005003870001,weekend,48.04,3910,9011005021200000,0,48.04,3910
9022005001223001,9022005000050013,weekend,132.89,3696,9011005021200000,0,132.89,3696
9022005001243002,9022005000050013,weekend,89.62,210,9011005021200000,0,89.62,210
9022005001253001,9022005003848001,weekend,134.08,3698,9011005021200000,0,134.08,3698
9022005001256002,9022005000215001,weekend,172.2,3910,9011005021200000,0,172.2,3910
9022005001257002,9022005001256002,weekend,37.17,3910,9011005021200000,0,37.17,3910
9022005001259002,9022005001243002,weekend,284.37,210,9011005021200000,0,284.37,210
9022005003847001,9022005001257002,weekend,63.13,3910,9011005021200000,0,63.13,3910
9022005003848001,9022005000417001,weekend,96.32,3696,9011005021200000,0,96.32,3696
9022005003870001,9022005004232001,weekend,131.51,3910,9011005021200000,0,131.51,3910
9022005004232001,9022005003847001,weekend,41.59,5616,9011005021200000,0,42.78,3910
9022005004232001,9022005003847001,weekend,41.59,5616,9011005022600000,1,38.86,1706
9022005000215002,9022005001256001,am_rush,197.52,5899,9011005021200000,1,197.52,5899
9022005000417002,9022005003848002,am_rush,123.2,5666,9011005021200000,1,123.2,5666
9022005001223002,9022005000417002,am_rush,107.2,5666,9011005021200000,1,107.2,5666
9022005001243001,9022005001259001,am_rush,255.51,230,9011005021200000,1,255.51,230
9022005001256001,9022005001257001,am_rush,56.81,9880,9011005021200000,1,56.95,5900
9022005001256001,9022005001257001,am_rush,56.81,9880,9011005022000000,1,56.6,3980
9022005001257001,9022005003847002,am_rush,91.24,9887,9011005021200000,1,88.83,5904
9022005001257001,9022005003847002,am_rush,91.24,9887,9011005022000000,1,94.81,3983
9022005001275002,9022005000418003,am_rush,57.94,5904,9011005021200000,1,57.94,5904
9022005003847002,9022005004232002,am_rush,86.26,5903,9011005021200000,1,86.26,5903
9022005003848002,9022005001253002,am_rush,113.18,5667,9011005021200000,1,113.18,5667
9022005003870002,9022005000213002,am_rush,43.76,5905,9011005021200000,1,43.76,5905
9022005004232002,9022005003870002,am_rush,118.98,5904,9011005021200000,1,118.98,5904
9022005000215002,9022005001256001,day,195.44,10455,9011005021200000,1,195.44,10455
9022005000417002,9022005003848002,day,119.65,10017,9011005021200000,1,119.65,10017
9022005001223002,9022005000417002,day,105.77,10018,9011005021200000,1,105.77,10018
9022005001243001,9022005001259001,day,285.6,435,9011005021200000,1,285.6,435
9022005001256001,9022005001257001,day,54.08,11535,9011005021200000,1,53.73,10456
9022005001256001,9022005001257001,day,54.08,11535,9011005022000000,1,57.52,1079
9022005001257001,9022005003847002,day,79.51,11539,9011005021200000,1,79.64,10460
9022005001257001,9022005003847002,day,79.51,11539,9011005022000000,1,78.26,1079
9022005001275002,9022005000418003,day,60.02,10464,9011005021200000,1,60.02,10464
9022005003847002,9022005004232002,day,82.05,10461,9011005021200000,1,82.05,10461
9022005003848002,9022005001253002,day,107.43,10018,9011005021200000,1,107.43,10018
9022005003870002,9022005000213002,day,44.54,10462,9011005021200000,1,44.54,10462
9022005004232002,9022005003870002,day,114.4,10463,9011005021200000,1,114.4,10463
9022005000215002,9022005001256001,night,184.95,5443,9011005021200000,1,184.95,5443
9022005000417002,9022005001254002,night,31.5,6,9011005021200000,1,31.5,6
9022005000417002,9022005003848002,night,104.56,5156,9011005021200000,1,104.56,5156
9022005001223002,9022005000417002,night,93.72,5162,9011005021200000,1,93.72,5162
9022005001243001,9022005001259001,night,263.4,278,9011005021200000,1,263.4,278
9022005001256001,9022005001257001,night,40.37,5443,9011005021200000,1,40.37,5443
9022005001257001,9022005003847002,night,61.37,5446,9011005021200000,1,61.37,5446
9022005001275002,9022005000418003,night,62.21,5446,9011005021200000,1,62.21,5446
9022005003847002,9022005004232002,night,75.87,5446,9011005021200000,1,75.87,5446
9022005003848002,9022005001253002,night,97.04,5156,9011005021200000,1,97.04,5156
9022005003870002,9022005000213002,night,44.28,5446,9011005021200000,1,44.28,5446
9022005004232002,9022005003870002,night,113.09,5446,9011005021200000,1,113.09,5446
9022005000215002,9022005001256001,pm_rush,197.52,4228,9011005021200000,1,197.52,4228
9022005000417002,9022005003848002,pm_rush,152.69,4074,9011005021200000,1,152.69,4074
9022005001223002,9022005000417002,pm_rush,110.03,4076,9011005021200000,1,110.03,4076
9022005001243001,9022005001259001,pm_rush,309.58,155,9011005021200000,1,309.58,155
9022005001256001,9022005001257001,pm_rush,45.69,4228,9011005021200000,1,45.69,4228
9022005001257001,9022005003847002,pm_rush,79.13,4229,9011005021200000,1,79.13,4229
9022005001275002,9022005000418003,pm_rush,62.64,4228,9011005021200000,1,62.64,4228
9022005003847002,9022005004232002,pm_rush,80.78,4230,9011005021200000,1,80.78,4230
9022005003848002,9022005001253002,pm_rush,121.78,4073,9011005021200000,1,121.78,4073
9022005003870002,9022005000213002,pm_rush,52.21,4229,9011005021200000,1,52.21,4229
9022005004232002,9022005003870002,pm_rush,130.4,4230,9011005021200000,1,130.4,4230
9022005000215002,9022005001256001,weekend,181.76,3905,9011005021200000,1,181.76,3905
9022005000417002,9022005003848002,weekend,97.43,3695,9011005021200000,1,97.43,3695
9022005001223002,9022005000417002,weekend,89.56,3695,9011005021200000,1,89.56,3695
9022005001243001,9022005001259001,weekend,262.25,210,9011005021200000,1,262.25,210
9022005001256001,9022005001257001,weekend,37.63,3907,9011005021200000,1,37.63,3907
9022005001257001,9022005003847002,weekend,57.88,3907,9011005021200000,1,57.88,3907
9022005001275002,9022005000418003,weekend,70.92,3907,9011005021200000,1,70.92,3907
9022005003847002,9022005004232002,weekend,77.62,3907,9011005021200000,1,77.62,3907
9022005003848002,9022005001253002,weekend,94.21,3695,9011005021200000,1,94.21,3695
9022005003870002,9022005000213002,weekend,42.43,3907,9011005021200000,1,42.43,3907
9022005004232002,9022005003870002,weekend,112.12,3907,9011005021200000,1,112.12,3907
9022005000046006,9022005000050011,am_rush,479.06,129,9011005021300000,0,479.06,129
9022005000050011,9022005000423002,am_rush,292.47,7228,9011005021300000,0,292.47,7228
9022005000095002,9022005001604002,am_rush,47.79,818,9011005021300000,0,47.79,818
9022005000096002,9022005004078002,am_rush,40.97,7245,9011005021300000,0,40.97,7245
9022005000351002,9022005001610002,am_rush,113.33,7238,9011005021300000,0,113.33,7238
9022005000423002,9022005000351002,am_rush,84.03,7231,9011005021300000,0,84.03,7231
9022005001243002,9022005000050011,am_rush,278.97,7098,9011005021300000,0,278.97,7098
9022005001261002,9022005001252002,am_rush,87.56,7225,9011005021300000,0,87.56,7225
9022005001322002,9022005001327002,am_rush,26.73,7245,9011005021300000,0,26.73,7245
9022005001346002,9022005000216001,am_rush,107.16,7223,9011005021300000,0,107.16,7223
9022005001348002,9022005001346002,am_rush,69.63,7223,9011005021300000,0,69.63,7223
9022005001460002,9022005000095002,am_rush,85.82,817,9011005021300000,0,85.82,817
9022005001460004,9022005001604002,am_rush,29.48,6414,9011005021300000,0,29.48,6414
9022005001604002,9022005000096002,am_rush,76.5,7244,9011005021300000,0,76.5,7244
9022005001605002,9022005001460002,am_rush,66.47,817,9011005021300000,0,66.47,817
9022005001605002,9022005001460004,am_rush,69.44,6414,9011005021300000,0,69.44,6414
9022005001605002,9022005080007002,am_rush,149.17,12,9011005021300000,0,149.17,12
9022005001607002,9022005001605002,am_rush,119.23,7244,9011005021300000,0,119.23,7244
9022005001609002,9022005001607002,am_rush,45.16,7243,9011005021300000,0,45.16,7243
9022005001610002,9022005001609002,am_rush,43.48,7240,9011005021300000,0,43.48,7240
9022005004078002,9022005001322002,am_rush,70.27,7245,9011005021300000,0,70.27,7245
9022005080007002,9022005001604002,am_rush,35.5,12,9011005021300000,0,35.5,12
9022005000046006,9022005000050011,day,383.17,206,9011005021300000,0,383.17,206
9022005000050011,9022005000423002,day,281.32,11045,9011005021300000,0,281.32,11045
9022005000095002,9022005001604002,day,50.28,1340,9011005021300000,0,50.28,1340
9022005000096002,9022005004078002,day,48.58,11074,9011005021300000,0,48.58,11074
9022005000351002,9022005001610002,day,110.57,11059,9011005021300000,0,110.57,11059
9022005000423002,9022005000351002,day,86.92,11049,9011005021300000,0,86.92,11049
9022005001243002,9022005000050011,day,227.19,10836,9011005021300000,0,227.19,10836
9022005001261002,9022005001252002,day,80.67,11034,9011005021300000,0,80.67,11034
9022005001322002,9022005001327002,day,25.55,11074,9011005021300000,0,25.55,11074
9022005001346002,9022005000216001,day,106.21,11033,9011005021300000,0,106.21,11033
9022005001348002,9022005001346002,day,60.3,11032,9011005021300000,0,60.3,11032
9022005001460002,9022005000095002,day,87.99,1340,9011005021300000,0,87.99,1340
9022005001460004,9022005001604002,day,33.67,9715,9011005021300000,0,33.67,9715
9022005001604002,9022005000096002,day,81.75,11074,9011005021300000,0,81.75,11074
9022005001605002,9022005001460002,day,66.89,1340,9011005021300000,0,66.89,1340
9022005001605002,9022005001460004,day,72.13,9715,9011005021300000,0,72.13,9715
9022005001605002,9022005080007002,day,144.95,19,9011005021300000,0,144.95,19
9022005001607002,9022005001605002,day,108.56,11074,9011005021300000,0,108.56,11074
9022005001609002,9022005001607002,day,38.46,11073,9011005021300000,0,38.46,11073
9022005001610002,9022005001609002,day,39.89,11062,9011005021300000,0,39.89,11062
9022005004078002,9022005001322002,day,72.75,11074,9011005021300000,0,72.75,11074
9022005080007002,9022005001604002,day,52.89,19,9011005021300000,0,52.89,19
9022005000046006,9022005000050011,night,438.6,240,9011005021300000,0,438.6,240
9022005000050011,9022005000423002,night,247.25,13379,9011005021300000,0,247.25,13379
9022005000095002,9022005001604002,night,48.0,1573,9011005021300000,0,48.0,1573
9022005000096002,9022005004078002,night,47.12,13487,9011005021300000,0,47.12,13487
9022005000351002,9022005001610002,night,99.01,13479,9011005021300000,0,99.01,13479
9022005000423002,9022005000351002,night,77.58,13475,9011005021300000,0,77.58,13475
9022005001243002,9022005000050011,night,273.7,13084,9011005021300000,0,273.7,13084
9022005001261002,9022005001252002,night,75.89,13313,9011005021300000,0,75.89,13313
9022005001322002,9022005001327002,night,26.88,13487,9011005021300000,0,26.88,13487
9022005001346002,9022005000216001,night,92.58,13312,9011005021300000,0,92.58,13312
9022005001348002,9022005001346002,night,55.28,13310,9011005021300000,0,55.28,13310
9022005001460002,9022005000095002,night,82.73,1573,9011005021300000,0,82.73,1573
9022005001460004,9022005001604002,night,31.54,11893,9011005021300000,0,31.54,11893
9022005001604002,9022005000096002,night,80.85,13487,9011005021300000,0,80.85,13487
9022005001605002,9022005001460002,night,55.52,1573,9011005021300000,0,55.52,1573
9022005001605002,9022005001460004,night,64.04,11893,9011005021300000,0,64.04,11893
9022005001605002,9022005080007002,night,111.95,21,9011005021300000,0,111.95,21
9022005001607002,9022005001605002,night,106.26,13487,9011005021300000,0,106.26,13487
9022005001609002,9022005001607002,night,34.18,13484,9011005021300000,0,34.18,13484
9022005001610002,9022005001609002,night,31.7,13479,9011005021300000,0,31.7,13479
9022005004078002,9022005001322002,night,70.82,13487,9011005021300000,0,70.82,13487
9022005080007002,9022005001604002,night,75.1,21,9011005021300000,0,75.1,21
9022005000046006,9022005000050011,pm_rush,435.91,88,9011005021300000,0,435.91,88
9022005000050011,9022005000423002,pm_rush,319.67,4938,9011005021300000,0,319.67,4938
9022005000095002,9022005001604002,pm_rush,57.51,568,9011005021300000,0,57.51,568
9022005000096002,9022005004078002,pm_rush,55.57,4950,9011005021300000,0,55.57,4950
9022005000351002,9022005001610002,pm_rush,164.09,4942,9011005021300000,0,164.09,4942
9022005000423002,9022005000351002,pm_rush,89.37,4939,9011005021300000,0,89.37,4939
9022005001243002,9022005000050011,pm_rush,260.22,4849,9011005021300000,0,260.22,4849
9022005001261002,9022005001252002,pm_rush,96.63,4937,9011005021300000,0,96.63,4937
9022005001322002,9022005001327002,pm_rush,30.51,4950,9011005021300000,0,30.51,4950
9022005001346002,9022005000216001,pm_rush,107.37,4935,9011005021300000,0,107.37,4935
9022005001348002,9022005001346002,pm_rush,55.21,4935,9011005021300000,0,55.21,4935
9022005001460002,9022005000095002,pm_rush,94.98,568,9011005021300000,0,94.98,568
9022005001460004,9022005001604002,pm_rush,38.75,4374,9011005021300000,0,38.75,4374
9022005001604002,9022005000096002,pm_rush,88.07,4950,9011005021300000,0,88.07,4950
9022005001605002,9022005001460002,pm_rush,88.73,568,9011005021300000,0,88.73,568
9022005001605002,9022005001460004,pm_rush,91.57,4374,9011005021300000,0,91.57,4374
9022005001605002,9022005080007002,pm_rush,144.0,8,9011005021300000,0,144.0,8
9022005001607002,9022005001605002,pm_rush,113.35,4949,9011005021300000,0,113.35,4949
9022005001609002,9022005001607002,pm_rush,36.69,4948,9011005021300000,0,36.69,4948
9022005001610002,9022005001609002,pm_rush,38.71,4943,9011005021300000,0,38.71,4943
9022005004078002,9022005001322002,pm_rush,81.13,4950,9011005021300000,0,81.13,4950
9022005080007002,9022005001604002,pm_rush,76.25,8,9011005021300000,0,76.25,8
9022005000046006,9022005000050011,weekend,410.1,174,9011005021300000,0,410.1,174
9022005000050011,9022005000423002,weekend,238.2,11215,9011005021300000,0,238.2,11215
9022005000095002,9022005001604002,weekend,45.56,1286,9011005021300000,0,45.56,1286
9022005000096002,9022005004078002,weekend,46.06,11315,9011005021300000,0,46.06,11315
9022005000351002,9022005001610002,weekend,99.98,11300,9011005021300000,0,99.98,11300
9022005000423002,9022005000351002,weekend,76.36,11292,9011005021300000,0,76.36,11292
9022005001243002,9022005000050011,weekend,275.28,10918,9011005021300000,0,275.28,10918
9022005001261002,9022005001252002,weekend,75.03,11065,9011005021300000,0,75.03,11065
9022005001322002,9022005001327002,weekend,24.57,11315,9011005021300000,0,24.57,11315
9022005001346002,9022005000216001,weekend,94.59,11064,9011005021300000,0,94.59,11064
9022005001348002,9022005001346002,weekend,58.94,11064,9011005021300000,0,58.94,11064
9022005001460002,9022005000095002,weekend,82.21,1286,9011005021300000,0,82.21,1286
9022005001460004,9022005001604002,weekend,29.52,10024,9011005021300000,0,29.52,10024
9022005001604002,9022005000096002,weekend,79.8,11315,9011005021300000,0,79.8,11315
9022005001605002,9022005001460002,weekend,53.12,1286,9011005021300000,0,53.12,1286
9022005001605002,9022005001460004,weekend,62.37,10024,9011005021300000,0,62.37,10024
9022005001605002,9022005080007002,weekend,89.8,5,9011005021300000,0,89.8,5
9022005001607002,9022005001605002,weekend,100.63,11315,9011005021300000,0,100.63,11315
9022005001609002,9022005001607002,weekend,31.91,11315,9011005021300000,0,31.91,11315
9022005001610002,9022005001609002,weekend,30.04,11306,9011005021300000,0,30.04,11306
9022005004078002,9022005001322002,weekend,68.93,11315,9011005021300000,0,68.93,11315
9022005080007002,9022005001604002,weekend,91.8,5,9011005021300000,0,91.8,5
9022005000050008,9022005000046003,am_rush,338.51,119,9011005021300000,1,338.51,119
9022005000050008,9022005001243001,am_rush,165.65,6600,9011005021300000,1,165.65,6600
9022005000095001,9022005001460001,am_rush,108.98,748,9011005021300000,1,108.98,748
9022005000096001,9022005001604001,am_rush,91.27,6714,9011005021300000,1,91.27,6714
9022005000216002,9022005001346001,am_rush,97.71,6724,9011005021300000,1,97.71,6724
9022005000351001,9022005000423001,am_rush,101.99,6717,9011005021300000,1,101.99,6717
9022005000423001,9022005000050008,am_rush,243.23,6717,9011005021300000,1,243.23,6717
9022005001252001,9022005001261001,am_rush,63.41,6723,9011005021300000,1,63.41,6723
9022005001322001,9022005004078001,am_rush,83.5,6711,9011005021300000,1,83.5,6711
9022005001346001,9022005001348001,am_rush,43.17,6724,9011005021300000,1,43.17,6724
9022005001348001,9022005000217003,am_rush,88.79,6724,9011005021300000,1,88.79,6724
9022005001460001,9022005001605001,am_rush,64.72,748,9011005021300000,1,64.72,748
9022005001460003,9022005001605001,am_rush,65.55,5956,9011005021300000,1,65.55,5956
9022005001604001,9022005000095001,am_rush,58.46,748,9011005021300000,1,58.46,748
9022005001604001,9022005001460003,am_rush,47.72,5957,9011005021300000,1,47.72,5957
9022005001604001,9022005080007001,am_rush,39.0,11,9011005021300000,1,39.0,11
9022005001605001,9022005001607001,am_rush,90.37,6359,9011005021300000,1,90.37,6359
9022005001605001,9022005001609001,am_rush,134.22,356,9011005021300000,1,134.22,356
9022005001607001,9022005001609001,am_rush,35.47,6360,9011005021300000,1,35.47,6360
9022005001609001,9022005001610001,am_rush,39.0,6717,9011005021300000,1,39.0,6717
9022005001610001,9022005000351001,am_rush,121.0,6717,9011005021300000,1,121.0,6717
9022005004078001,9022005000096001,am_rush,59.71,6711,9011005021300000,1,59.71,6711
9022005080007001,9022005001605001,am_rush,192.82,11,9011005021300000,1,192.82,11
9022005000050008,9022005000046003,day,330.03,205,9011005021300000,1,330.03,205
9022005000050008,9022005001243001,day,161.04,10882,9011005021300000,1,161.04,10882
9022005000095001,9022005001460001,day,94.8,1334,9011005021300000,1,94.8,1334
9022005000096001,9022005001604001,day,84.3,11067,9011005021300000,1,84.3,11067
9022005000216002,9022005001346001,day,97.34,11112,9011005021300000,1,97.34,11112
9022005000351001,9022005000423001,day,114.44,11078,9011005021300000,1,114.44,11078
9022005000423001,9022005000050008,day,256.61,11082,9011005021300000,1,256.61,11082
9022005001252001,9022005001261001,day,68.89,11110,9011005021300000,1,68.89,11110
9022005001322001,9022005004078001,day,71.73,11067,9011005021300000,1,71.73,11067
9022005001346001,9022005001348001,day,48.71,11112,9011005021300000,1,48.71,11112
9022005001348001,9022005000217003,day,88.44,11112,9011005021300000,1,88.44,11112
9022005001460001,9022005001605001,day,63.92,1334,9011005021300000,1,63.92,1334
9022005001460003,9022005001605001,day,67.07,9719,9011005021300000,1,67.07,9719
9022005001604001,9022005000095001,day,50.88,1333,9011005021300000,1,50.88,1333
9022005001604001,9022005001460003,day,42.5,9716,9011005021300000,1,42.5,9716
9022005001604001,9022005080007001,day,24.79,19,9011005021300000,1,24.79,19
9022005001605001,9022005001607001,day,91.17,10451,9011005021300000,1,91.17,10451
9022005001605001,9022005001609001,day,144.91,620,9011005021300000,1,144.91,620
9022005001607001,9022005001609001,day,47.32,10452,9011005021300000,1,47.32,10452
9022005001609001,9022005001610001,day,45.45,11075,9011005021300000,1,45.45,11075
9022005001610001,9022005000351001,day,123.93,11075,9011005021300000,1,123.93,11075
9022005004078001,9022005000096001,day,52.64,11067,9011005021300000,1,52.64,11067
9022005080007001,9022005001605001,day,178.32,19,9011005021300000,1,178.32,19
9022005000050008,9022005000046003,night,279.41,243,9011005021300000,1,279.41,243
9022005000050008,9022005001243001,night,142.39,13192,9011005021300000,1,142.39,13192
9022005000095001,9022005001460001,night,84.45,1559,9011005021300000,1,84.45,1559
9022005000096001,9022005001604001,night,79.58,13422,9011005021300000,1,79.58,13422
9022005000216002,9022005001346001,night,98.21,13441,9011005021300000,1,98.21,13441
9022005000351001,9022005000423001,night,89.86,13431,9011005021300000,1,89.86,13431
9022005000423001,9022005000050008,night,242.09,13433,9011005021300000,1,242.09,13433
9022005001222001,9022005001262001,night,30.2,5,9011005021300000,1,30.2,5
9022005001252001,9022005001261001,night,68.0,13436,9011005021300000,1,68.0,13436
9022005001322001,9022005004078001,night,68.33,13418,9011005021300000,1,68.33,13418
9022005001346001,9022005001348001,night,47.33,13441,9011005021300000,1,47.33,13441
9022005001348001,9022005000217003,night,94.44,13442,9011005021300000,1,94.44,13442
9022005001460001,9022005001605001,night,62.01,1559,9011005021300000,1,62.01,1559
9022005001460003,9022005001605001,night,64.35,11843,9011005021300000,1,64.35,11843
9022005001604001,9022005000095001,night,45.71,1559,9011005021300000,1,45.71,1559
9022005001604001,9022005001460003,night,34.28,11842,9011005021300000,1,34.28,11842
9022005001604001,9022005080007001,night,30.05,22,9011005021300000,1,30.05,22
9022005001605001,9022005001607001,night,91.72,12679,9011005021300000,1,91.72,12679
9022005001605001,9022005001609001,night,137.81,746,9011005021300000,1,137.81,746
9022005001607001,9022005001609001,night,39.45,12681,9011005021300000,1,39.45,12681
9022005001609001,9022005001610001,night,42.09,13429,9011005021300000,1,42.09,13429
9022005001610001,9022005000351001,night,103.34,13430,9011005021300000,1,103.34,13430
9022005004078001,9022005000096001,night,48.72,13418,9011005021300000,1,48.72,13418
9022005080007001,9022005001605001,night,170.45,22,9011005021300000,1,170.45,22
9022005000050008,9022005000046003,pm_rush,316.66,88,9011005021300000,1,316.66,88
9022005000050008,9022005001243001,pm_rush,181.58,4869,9011005021300000,1,181.58,4869
9022005000095001,9022005001460001,pm_rush,92.69,568,9011005021300000,1,92.69,568
9022005000096001,9022005001604001,pm_rush,84.39,4955,9011005021300000,1,84.39,4955
9022005000216002,9022005001346001,pm_rush,103.13,4964,9011005021300000,1,103.13,4964
9022005000351001,9022005000423001,pm_rush,111.79,4956,9011005021300000,1,111.79,4956
9022005000423001,9022005000050008,pm_rush,295.38,4956,9011005021300000,1,295.38,4956
9022005001252001,9022005001261001,pm_rush,92.31,4963,9011005021300000,1,92.31,4963
9022005001322001,9022005004078001,pm_rush,72.71,4954,9011005021300000,1,72.71,4954
9022005001346001,9022005001348001,pm_rush,51.79,4964,9011005021300000,1,51.79,4964
9022005001348001,9022005000217003,pm_rush,89.56,4964,9011005021300000,1,89.56,4964
9022005001460001,9022005001605001,pm_rush,77.07,568,9011005021300000,1,77.07,568
9022005001460003,9022005001605001,pm_rush,81.41,4379,9011005021300000,1,81.41,4379
9022005001604001,9022005000095001,pm_rush,53.47,568,9011005021300000,1,53.47,568
9022005001604001,9022005001460003,pm_rush,39.88,4379,9011005021300000,1,39.88,4379
9022005001604001,9022005080007001,pm_rush,19.75,8,9011005021300000,1,19.75,8
9022005001605001,9022005001607001,pm_rush,103.6,4690,9011005021300000,1,103.6,4690
9022005001605001,9022005001609001,pm_rush,157.92,265,9011005021300000,1,157.92,265
9022005001607001,9022005001609001,pm_rush,58.75,4691,9011005021300000,1,58.75,4691
9022005001609001,9022005001610001,pm_rush,54.48,4956,9011005021300000,1,54.48,4956
9022005001610001,9022005000351001,pm_rush,166.72,4956,9011005021300000,1,166.72,4956
9022005004078001,9022005000096001,pm_rush,52.25,4954,9011005021300000,1,52.25,4954
9022005080007001,9022005001605001,pm_rush,210.12,8,9011005021300000,1,210.12,8
9022005000050008,9022005000046003,weekend,265.78,172,9011005021300000,1,265.78,172
9022005000050008,9022005001243001,weekend,135.34,10899,9011005021300000,1,135.34,10899
9022005000095001,9022005001460001,weekend,88.13,1245,9011005021300000,1,88.13,1245
9022005000096001,9022005001604001,weekend,78.92,11069,9011005021300000,1,78.92,11069
9022005000216002,9022005001346001,weekend,99.85,11078,9011005021300000,1,99.85,11078
9022005000351001,9022005000423001,weekend,88.26,11071,9011005021300000,1,88.26,11071
9022005000423001,9022005000050008,weekend,263.48,11071,9011005021300000,1,263.48,11071
9022005001252001,9022005001261001,weekend,65.49,11078,9011005021300000,1,65.49,11078
9022005001322001,9022005004078001,weekend,69.12,11067,9011005021300000,1,69.12,11067
9022005001346001,9022005001348001,weekend,48.07,11078,9011005021300000,1,48.07,11078
9022005001348001,9022005000217003,weekend,109.23,11078,9011005021300000,1,109.23,11078
9022005001460001,9022005001605001,weekend,57.82,1245,9011005021300000,1,57.82,1245
9022005001460003,9022005001605001,weekend,59.41,9820,9011005021300000,1,59.41,9820
9022005001604001,9022005000095001,weekend,46.59,1245,9011005021300000,1,46.59,1245
9022005001604001,9022005001460003,weekend,34.33,9820,9011005021300000,1,34.33,9820
9022005001605001,9022005001607001,weekend,86.92,10417,9011005021300000,1,86.92,10417
9022005001605001,9022005001609001,weekend,128.3,652,9011005021300000,1,128.3,652
9022005001607001,9022005001609001,weekend,33.64,10417,9011005021300000,1,33.64,10417
9022005001609001,9022005001610001,weekend,41.4,11070,9011005021300000,1,41.4,11070
9022005001610001,9022005000351001,weekend,103.38,11071,9011005021300000,1,103.38,11071
9022005004078001,9022005000096001,weekend,49.92,11067,9011005021300000,1,49.92,11067
9022005000046006,9022005000050012,am_rush,363.91,196,9011005021400000,0,409.04,98
9022005000046006,9022005000050012,am_rush,363.91,196,9011005021800000,0,318.78,98
9022005000050012,9022005001405002,am_rush,218.41,4874,9011005021400000,0,218.41,4874
9022005000226002,9022005001394002,am_rush,56.02,9819,9011005021400000,0,57.22,5268
9022005000226002,9022005001394002,am_rush,56.02,9819,9011005021600000,0,54.64,4551
9022005000437002,9022005001398002,am_rush,101.17,5268,9011005021400000,0,101.17,5268
9022005001243002,9022005000050012,am_rush,166.76,10501,9011005021400000,0,215.94,5183
9022005001243002,9022005000050012,am_rush,166.76,10501,9011005021800000,0,118.82,5318
9022005001309002,9022005000215002,am_rush,145.03,116,9011005021400000,0,145.03,116
9022005001309002,9022005000215004,am_rush,163.57,4808,9011005021400000,0,163.57,4808
9022005001318002,9022005001330002,am_rush,85.48,5269,9011005021400000,0,85.48,5269
9022005001329002,9022005000045002,am_rush,61.92,5270,9011005021400000,0,61.92,5270
9022005001330002,9022005001329002,am_rush,37.68,5269,9011005021400000,0,37.68,5269
9022005001394002,9022005000437002,am_rush,50.85,9820,9011005021400000,0,53.42,5268
9022005001394002,9022005000437002,am_rush,50.85,9820,9011005021600000,0,47.87,4552
9022005001398002,9022005001400002,am_rush,89.52,5260,9011005021400000,0,89.52,5260
9022005001398002,9022005003850002,am_rush,81.5,8,9011005021400000,0,81.5,8
9022005001400002,9022005001401002,am_rush,63.61,5260,9011005021400000,0,63.61,5260
9022005001401002,9022005003850002,am_rush,53.11,5260,9011005021400000,0,53.11,5260
9022005001405002,9022005003849002,am_rush,76.51,4881,9011005021400000,0,76.51,4881
9022005003748002,9022005003908002,am_rush,48.67,4924,9011005021400000,0,48.67,4924
9022005003849002,9022005003748002,am_rush,112.91,4924,9011005021400000,0,112.91,4924
9022005003850002,9022005000054002,am_rush,106.59,5268,9011005021400000,0,106.59,5268
9022005003908002,9022005001309002,am_rush,99.6,4924,9011005021400000,0,99.6,4924
9022005000046006,9022005000050012,day,367.16,274,9011005021400000,0,437.89,142
9022005000046006,9022005000050012,day,367.16,274,9011005021800000,0,291.08,132
9022005000050012,9022005001405002,day,218.7,8030,9011005021400000,0,218.7,8030
9022005000226002,9022005001394002,day,48.66,15298,9011005021400000,0,51.84,8012
9022005000226002,9022005001394002,day,48.66,15298,9011005021600000,0,45.16,7286
9022005000437002,9022005001398002,day,94.49,8015,9011005021400000,0,94.49,8015
9022005001243002,9022005000050012,day,183.21,15524,9011005021400000,0,247.63,7887
9022005001243002,9022005000050012,day,183.21,15524,9011005021800000,0,116.69,7637
9022005001309002,9022005000215004,day,176.29,8105,9011005021400000,0,176.29,8105
9022005001318002,9022005001330002,day,84.63,8020,9011005021400000,0,84.63,8020
9022005001329002,9022005000045002,day,54.29,8021,9011005021400000,0,54.29,8021
9022005001330002,9022005001329002,day,32.28,8021,9011005021400000,0,32.28,8021
9022005001394002,9022005000437002,day,42.99,15299,9011005021400000,0,47.23,8014
9022005001394002,9022005000437002,day,42.99,15299,9011005021600000,0,38.32,7285
9022005001398002,9022005001400002,day,81.43,8013,9011005021400000,0,81.43,8013
9022005001400002,9022005001401002,day,56.44,8014,9011005021400000,0,56.44,8014
9022005001401002,9022005003850002,day,52.0,8015,9011005021400000,0,52.0,8015
9022005001405002,9022005003849002,day,74.47,8043,9011005021400000,0,74.47,8043
9022005003748002,9022005003908002,day,53.56,8105,9011005021400000,0,53.56,8105
9022005003849002,9022005003748002,day,114.48,8105,9011005021400000,0,114.48,8105
9022005003850002,9022005000054002,day,114.54,8017,9011005021400000,0,114.54,8017
9022005003908002,9022005001309002,day,96.78,8105,9011005021400000,0,96.78,8105
9022005000046006,9022005000050012,night,313.47,419,9011005021400000,0,365.55,210
9022005000046006,9022005000050012,night,313.47,419,9011005021800000,0,261.15,209
9022005000050012,9022005001405002,night,199.87,11428,9011005021400000,0,199.87,11428
9022005000226002,9022005001394002,night,44.85,23154,9011005021400000,0,45.67,11402
9022005000226002,9022005001394002,night,44.85,23154,9011005021600000,0,43.97,11132
9022005000226002,9022005001394002,night,44.85,23154,9011005022200000,0,45.75,620
9022005000437002,9022005001398002,night,90.13,12025,9011005021400000,0,90.24,11402
9022005000437002,9022005001398002,night,90.13,12025,9011005022200000,0,88.21,623
9022005001243002,9022005000050012,night,177.15,22848,9011005021400000,0,242.9,11215
9022005001243002,9022005000050012,night,177.15,22848,9011005021800000,0,113.76,11633
9022005001309002,9022005000215004,night,178.96,11561,9011005021400000,0,178.96,11561
9022005001318002,9022005001330002,night,75.86,11408,9011005021400000,0,75.86,11408
9022005001329002,9022005000045002,night,49.68,11409,9011005021400000,0,49.68,11409
9022005001330002,9022005001329002,night,26.76,11408,9011005021400000,0,26.76,11408
9022005001394002,9022005000437002,night,36.59,23159,9011005021400000,0,38.15,11402
9022005001394002,9022005000437002,night,36.59,23159,9011005021600000,0,34.92,11134
9022005001394002,9022005000437002,night,36.59,23159,9011005022200000,0,37.94,623
9022005001398002,9022005001400002,night,75.42,12025,9011005021400000,0,75.57,11402
9022005001398002,9022005001400002,night,75.42,12025,9011005022200000,0,72.62,623
9022005001400002,9022005001401002,night,48.03,12026,9011005021400000,0,48.19,11403
9022005001400002,9022005001401002,night,48.03,12026,9011005022200000,0,45.07,623
9022005001401002,9022005003850002,night,42.7,12027,9011005021400000,0,42.83,11404
9022005001401002,9022005003850002,night,42.7,12027,9011005022200000,0,40.37,623
9022005001405002,9022005003849002,night,70.99,11496,9011005021400000,0,70.99,11496
9022005001405002,9022005003908002,night,59.0,7,9011005021400000,0,59.0,7
9022005003748002,9022005003908002,night,49.96,11551,9011005021400000,0,49.96,11551
9022005003849002,9022005003748002,night,104.39,11551,9011005021400000,0,104.39,11551
9022005003850002,9022005000054002,night,101.37,12028,9011005021400000,0,101.17,11405
9022005003850002,9022005000054002,night,101.37,12028,9011005022200000,0,104.97,623
9022005003908002,9022005001309002,night,87.29,11560,9011005021400000,0,87.29,11560
9022005000046006,9022005000050012,pm_rush,338.68,132,9011005021400000,0,384.65,66
9022005000046006,9022005000050012,pm_rush,338.68,132,9011005021800000,0,292.7,66
9022005000050012,9022005001405002,pm_rush,244.23,3571,9011005021400000,0,244.23,3571
9022005000226002,9022005001394002,pm_rush,50.17,8852,9011005021400000,0,52.75,3569
9022005000226002,9022005001394002,pm_rush,50.17,8852,9011005021600000,0,46.74,3426
9022005000226002,9022005001394002,pm_rush,50.17,8852,9011005022200000,0,51.55,1857
9022005000437002,9022005001398002,pm_rush,98.62,5430,9011005021400000,0,100.32,3569
9022005000437002,9022005001398002,pm_rush,98.62,5430,9011005022200000,0,95.35,1861
9022005001243002,9022005000050012,pm_rush,177.06,7128,9011005021400000,0,230.61,3505
9022005001243002,9022005000050012,pm_rush,177.06,7128,9011005021800000,0,125.25,3623
9022005001309002,9022005000215004,pm_rush,158.59,3598,9011005021400000,0,158.59,3598
9022005001318002,9022005001330002,pm_rush,93.76,3570,9011005021400000,0,93.76,3570
9022005001329002,9022005000045002,pm_rush,57.64,3570,9011005021400000,0,57.64,3570
9022005001330002,9022005001329002,pm_rush,33.64,3570,9011005021400000,0,33.64,3570
9022005001394002,9022005000437002,pm_rush,43.06,8855,9011005021400000,0,46.65,3569
9022005001394002,9022005000437002,pm_rush,43.06,8855,9011005021600000,0,39.11,3426
9022005001394002,9022005000437002,pm_rush,43.06,8855,9011005022200000,0,43.46,1860
9022005001398002,9022005001400002,pm_rush,80.92,5430,9011005021400000,0,83.03,3569
9022005001398002,9022005001400002,pm_rush,80.92,5430,9011005022200000,0,76.86,1861
9022005001400002,9022005001401002,pm_rush,53.36,5431,9011005021400000,0,56.87,3570
9022005001400002,9022005001401002,pm_rush,53.36,5431,9011005022200000,0,46.63,1861
9022005001401002,9022005003850002,pm_rush,48.3,5431,9011005021400000,0,51.92,3570
9022005001401002,9022005003850002,pm_rush,48.3,5431,9011005022200000,0,41.35,1861
9022005001405002,9022005003849002,pm_rush,80.23,3573,9011005021400000,0,80.23,3573
9022005003748002,9022005003908002,pm_rush,55.93,3596,9011005021400000,0,55.93,3596
9022005003849002,9022005003748002,pm_rush,119.26,3595,9011005021400000,0,119.26,3595
9022005003850002,9022005000054002,pm_rush,118.6,5430,9011005021400000,0,122.79,3570
9022005003850002,9022005000054002,pm_rush,118.6,5430,9011005022200000,0,110.55,1860
9022005003908002,9022005001309002,pm_rush,98.81,3598,9011005021400000,0,98.81,3598
9022005000046006,9022005000050012,weekend,329.83,269,9011005021400000,0,390.68,136
9022005000046006,9022005000050012,weekend,329.83,269,9011005021800000,0,267.6,133
9022005000050012,9022005001309002,weekend,140.61,67,9011005021400000,0,140.61,67
9022005000050012,9022005001405002,weekend,201.31,8550,9011005021400000,0,201.31,8550
9022005000226002,9022005001394002,weekend,45.36,17252,9011005021400000,0,46.79,8536
9022005000226002,9022005001394002,weekend,45.36,17252,9011005021600000,0,43.96,8716
9022005000437002,9022005001398002,weekend,90.89,8537,9011005021400000,0,90.89,8537
9022005001243002,9022005000050012,weekend,186.82,16889,9011005021400000,0,261.87,8463
9022005001243002,9022005000050012,weekend,186.82,16889,9011005021800000,0,111.44,8426
9022005001309002,9022005000215004,weekend,181.64,8695,9011005021400000,0,181.64,8695
9022005001318002,9022005001330002,weekend,77.51,8540,9011005021400000,0,77.51,8540
9022005001329002,9022005000045002,weekend,51.54,8542,9011005021400000,0,51.54,8542
9022005001330002,9022005001329002,weekend,28.47,8542,9011005021400000,0,28.47,8542
9022005001394002,9022005000437002,weekend,38.25,17253,9011005021400000,0,40.53,8537
9022005001394002,9022005000437002,weekend,38.25,17253,9011005021600000,0,36.01,8716
9022005001398002,9022005001400002,weekend,76.38,8537,9011005021400000,0,76.38,8537
9022005001400002,9022005001401002,weekend,49.87,8539,9011005021400000,0,49.87,8539
9022005001401002,9022005003850002,weekend,43.92,8540,9011005021400000,0,43.92,8540
9022005001405002,9022005003849002,weekend,71.84,8598,9011005021400000,0,71.84,8598
9022005003748002,9022005003908002,weekend,49.86,8628,9011005021400000,0,49.86,8628
9022005003849002,9022005003748002,weekend,104.56,8628,9011005021400000,0,104.56,8628
9022005003850002,9022005000054002,weekend,104.38,8540,9011005021400000,0,104.38,8540
9022005003908002,9022005001309002,weekend,86.22,8628,9011005021400000,0,86.22,8628
9022005000050001,9022005000046003,am_rush,293.2,86,9011005021400000,1,293.2,86
9022005000050001,9022005001243001,am_rush,146.09,4672,9011005021400000,1,146.09,4672
9022005000054001,9022005003850001,am_rush,84.21,7767,9011005021400000,1,85.88,4766
9022005000054001,9022005003850001,am_rush,84.21,7767,9011005022200000,1,81.55,3001
9022005000226001,9022005000416002,am_rush,94.11,7772,9011005021400000,1,78.06,4766
9022005000226001,9022005000416002,am_rush,94.11,7772,9011005022200000,1,119.56,3006
9022005000437001,9022005001394001,am_rush,49.35,12505,9011005021400000,1,49.3,4766
9022005000437001,9022005001394001,am_rush,49.35,12505,9011005021600000,1,44.75,4733
9022005000437001,9022005001394001,am_rush,49.35,12505,9011005022200000,1,56.68,3006
9022005001224001,9022005001329001,am_rush,28.5,4764,9011005021400000,1,28.5,4764
9022005001231001,9022005001224001,am_rush,80.48,4764,9011005021400000,1,80.48,4764
9022005001309001,9022005003908001,am_rush,98.44,4758,9011005021400000,1,98.44,4758
9022005001329001,9022005001330001,am_rush,29.62,4765,9011005021400000,1,29.62,4765
9022005001330001,9022005001318001,am_rush,69.35,4766,9011005021400000,1,69.35,4766
9022005001394001,9022005000226001,am_rush,49.47,12505,9011005021400000,1,46.8,4766
9022005001394001,9022005000226001,am_rush,49.47,12505,9011005021600000,1,46.93,4733
9022005001394001,9022005000226001,am_rush,49.47,12505,9011005022200000,1,57.71,3006
9022005001398001,9022005000437001,am_rush,84.91,7771,9011005021400000,1,86.1,4766
9022005001398001,9022005000437001,am_rush,84.91,7771,9011005022200000,1,83.03,3005
9022005001400001,9022005001398001,am_rush,68.04,7771,9011005021400000,1,65.82,4766
9022005001400001,9022005001398001,am_rush,68.04,7771,9011005022200000,1,71.56,3005
9022005001401001,9022005001400001,am_rush,51.43,7770,9011005021400000,1,51.71,4766
9022005001401001,9022005001400001,am_rush,51.43,7770,9011005022200000,1,50.98,3004
9022005001405001,9022005000050001,am_rush,303.52,4758,9011005021400000,1,303.52,4758
9022005003748001,9022005003849001,am_rush,115.81,4759,9011005021400000,1,115.81,4759
9022005003849001,9022005001405001,am_rush,84.29,4759,9011005021400000,1,84.29,4759
9022005003850001,9022005001401001,am_rush,55.87,7769,9011005021400000,1,57.26,4766
9022005003850001,9022005001401001,am_rush,55.87,7769,9011005022200000,1,53.67,3003
9022005003908001,9022005003748001,am_rush,62.15,4758,9011005021400000,1,62.15,4758
9022005000050001,9022005000046003,day,328.03,143,9011005021400000,1,328.03,143
9022005000050001,9022005001243001,day,154.71,8340,9011005021400000,1,154.71,8340
9022005000054001,9022005003850001,day,91.03,8500,9011005021400000,1,91.03,8500
9022005000226001,9022005000416002,day,72.32,8501,9011005021400000,1,72.32,8501
9022005000437001,9022005001394001,day,51.43,16508,9011005021400000,1,54.67,8501
9022005000437001,9022005001394001,day,51.43,16508,9011005021600000,1,47.99,8007
9022005001224001,9022005001329001,day,31.35,8499,9011005021400000,1,31.35,8499
9022005001231001,9022005001224001,day,78.81,8499,9011005021400000,1,78.81,8499
9022005001309001,9022005003908001,day,94.58,8479,9011005021400000,1,94.58,8479
9022005001329001,9022005001330001,day,32.15,8500,9011005021400000,1,32.15,8500
9022005001330001,9022005001318001,day,76.12,8500,9011005021400000,1,76.12,8500
9022005001394001,9022005000226001,day,48.7,16508,9011005021400000,1,49.65,8501
9022005001394001,9022005000226001,day,48.7,16508,9011005021600000,1,47.69,8007
9022005001398001,9022005000437001,day,92.17,8501,9011005021400000,1,92.17,8501
9022005001400001,9022005001398001,day,71.01,8501,9011005021400000,1,71.01,8501
9022005001401001,9022005001400001,day,56.74,8501,9011005021400000,1,56.74,8501
9022005001405001,9022005000050001,day,325.48,8484,9011005021400000,1,325.48,8484
9022005003748001,9022005003849001,day,115.56,8483,9011005021400000,1,115.56,8483
9022005003849001,9022005001405001,day,84.04,8484,9011005021400000,1,84.04,8484
9022005003850001,9022005001401001,day,60.17,8501,9011005021400000,1,60.17,8501
9022005003908001,9022005003748001,day,62.98,8480,9011005021400000,1,62.98,8480
9022005000050001,9022005000046003,night,261.2,199,9011005021400000,1,261.2,199
9022005000050001,9022005001243001,night,133.52,11323,9011005021400000,1,133.52,11323
9022005000054001,9022005003850001,night,76.06,11597,9011005021400000,1,76.06,11597
9022005000226001,9022005000416002,night,74.17,11597,9011005021400000,1,74.17,11597
9022005000437001,9022005001394001,night,48.0,22733,9011005021400000,1,51.41,11597
9022005000437001,9022005001394001,night,48.0,22733,9011005021600000,1,44.45,11136
9022005001224001,9022005001329001,night,30.48,11596,9011005021400000,1,30.48,11596
9022005001231001,9022005001224001,night,74.92,11584,9011005021400000,1,74.92,11584
9022005001309001,9022005003908001,night,89.88,11521,9011005021400000,1,89.88,11521
9022005001329001,9022005001330001,night,29.56,11597,9011005021400000,1,29.56,11597
9022005001330001,9022005001318001,night,68.9,11597,9011005021400000,1,68.9,11597
9022005001394001,9022005000226001,night,47.74,22734,9011005021400000,1,48.94,11597
9022005001394001,9022005000226001,night,47.74,22734,9011005021600000,1,46.5,11137
9022005001398001,9022005000437001,night,86.8,11597,9011005021400000,1,86.8,11597
9022005001400001,9022005001398001,night,69.36,11597,9011005021400000,1,69.36,11597
9022005001401001,9022005001400001,night,53.66,11597,9011005021400000,1,53.66,11597
9022005001405001,9022005000050001,night,296.65,11520,9011005021400000,1,296.65,11520
9022005003748001,9022005003849001,night,103.43,11519,9011005021400000,1,103.43,11519
9022005003849001,9022005001405001,night,72.35,11520,9011005021400000,1,72.35,11520
9022005003850001,9022005001401001,night,57.74,11597,9011005021400000,1,57.74,11597
9022005003908001,9022005003748001,night,53.15,11520,9011005021400000,1,53.15,11520
9022005000050001,9022005000046003,pm_rush,313.98,66,9011005021400000,1,313.98,66
9022005000050001,9022005001243001,pm_rush,171.44,3638,9011005021400000,1,171.44,3638
9022005000054001,9022005003850001,pm_rush,106.09,3708,9011005021400000,1,106.09,3708
9022005000226001,9022005000416002,pm_rush,78.89,3709,9011005021400000,1,78.89,3709
9022005000437001,9022005001394001,pm_rush,57.26,7252,9011005021400000,1,60.46,3709
9022005000437001,9022005001394001,pm_rush,57.26,7252,9011005021600000,1,53.91,3543
9022005001224001,9022005001329001,pm_rush,39.36,3709,9011005021400000,1,39.36,3709
9022005001231001,9022005001224001,pm_rush,83.17,3709,9011005021400000,1,83.17,3709
9022005001309001,9022005003908001,pm_rush,97.77,3702,9011005021400000,1,97.77,3702
9022005001329001,9022005001330001,pm_rush,39.67,3709,9011005021400000,1,39.67,3709
9022005001330001,9022005001318001,pm_rush,84.93,3708,9011005021400000,1,84.93,3708
9022005001394001,9022005000226001,pm_rush,55.18,7252,9011005021400000,1,57.72,3709
9022005001394001,9022005000226001,pm_rush,55.18,7252,9011005021600000,1,52.53,3543
9022005001398001,9022005000437001,pm_rush,106.08,3709,9011005021400000,1,106.08,3709
9022005001400001,9022005001398001,pm_rush,78.33,3709,9011005021400000,1,78.33,3709
9022005001401001,9022005001400001,pm_rush,63.75,3708,9011005021400000,1,63.75,3708
9022005001405001,9022005000050001,pm_rush,340.55,3703,9011005021400000,1,340.55,3703
9022005003748001,9022005003849001,pm_rush,119.05,3702,9011005021400000,1,119.05,3702
9022005003849001,9022005001405001,pm_rush,85.5,3702,9011005021400000,1,85.5,3702
9022005003850001,9022005001401001,pm_rush,67.3,3708,9011005021400000,1,67.3,3708
9022005003908001,9022005003748001,pm_rush,65.96,3702,9011005021400000,1,65.96,3702
9022005000050001,9022005000046003,weekend,255.97,140,9011005021400000,1,255.97,140
9022005000050001,9022005001243001,weekend,128.81,8954,9011005021400000,1,128.81,8954
9022005000054001,9022005003850001,weekend,77.34,9212,9011005021400000,1,77.34,9212
9022005000226001,9022005000416002,weekend,77.93,9212,9011005021400000,1,77.93,9212
9022005000437001,9022005001394001,weekend,47.3,18470,9011005021400000,1,50.76,9212
9022005000437001,9022005001394001,weekend,47.3,18470,9011005021600000,1,43.85,9258
9022005001224001,9022005001329001,weekend,28.95,9211,9011005021400000,1,28.95,9211
9022005001231001,9022005001224001,weekend,74.86,9206,9011005021400000,1,74.86,9206
9022005001309001,9022005003908001,weekend,89.49,9163,9011005021400000,1,89.49,9163
9022005001329001,9022005001330001,weekend,28.48,9211,9011005021400000,1,28.48,9211
9022005001330001,9022005001318001,weekend,70.15,9211,9011005021400000,1,70.15,9211
9022005001394001,9022005000226001,weekend,46.1,18470,9011005021400000,1,46.98,9212
9022005001394001,9022005000226001,weekend,46.1,18470,9011005021600000,1,45.23,9258
9022005001398001,9022005000437001,weekend,86.94,9212,9011005021400000,1,86.94,9212
9022005001400001,9022005001398001,weekend,67.8,9212,9011005021400000,1,67.8,9212
9022005001401001,9022005001400001,weekend,50.28,9212,9011005021400000,1,50.28,9212
9022005001405001,9022005000050001,weekend,304.24,9094,9011005021400000,1,304.24,9094
9022005003748001,9022005003849001,weekend,105.6,9094,9011005021400000,1,105.6,9094
9022005003849001,9022005001405001,weekend,73.66,9094,9011005021400000,1,73.66,9094
9022005003850001,9022005001401001,weekend,54.59,9212,9011005021400000,1,54.59,9212
9022005003908001,9022005001243001,weekend,137.89,70,9011005021400000,1,137.89,70
9022005003908001,9022005003748001,weekend,54.8,9094,9011005021400000,1,54.8,9094
9022005000046006,9022005000050001,am_rush,329.12,98,9011005021500000,0,329.12,98
9022005000507002,9022005004088002,am_rush,114.15,5439,9011005021500000,0,114.15,5439
9022005001243002,9022005000050001,am_rush,138.29,5352,9011005021500000,0,138.29,5352
9022005001598002,9022005003838001,am_rush,68.56,13238,9011005021500000,0,78.89,5441
9022005001598002,9022005003838001,am_rush,68.56,13238,9011005021700000,0,58.95,4791
9022005001598002,9022005003838001,am_rush,68.56,13238,9011005022200000,1,65.16,3006
9022005003838001,9022005001233002,am_rush,80.58,8448,9011005021500000,0,80.95,5442
9022005003838001,9022005001233002,am_rush,80.58,8448,9011005022200000,1,79.9,3006
9022005004087002,9022005001598002,am_rush,88.12,5440,9011005021500000,0,88.12,5440
9022005004088002,9022005004087002,am_rush,50.48,5439,9011005021500000,0,50.48,5439
9022005000046006,9022005000050001,day,317.38,132,9011005021500000,0,317.38,132
9022005000507002,9022005004088002,day,105.95,7745,9011005021500000,0,105.95,7745
9022005001243002,9022005000050001,day,141.47,7634,9011005021500000,0,141.47,7634
9022005001598002,9022005003838001,day,63.98,15864,9011005021500000,0,73.13,7750
9022005001598002,9022005003838001,day,63.98,15864,9011005021700000,0,55.25,8114
9022005003838001,9022005001233002,day,73.67,7751,9011005021500000,0,73.67,7751
9022005004087002,9022005001598002,day,78.15,7747,9011005021500000,0,78.15,7747
9022005004088002,9022005004087002,day,43.49,7745,9011005021500000,0,43.49,7745
9022005000046006,9022005000050001,night,292.88,210,9011005021500000,0,292.88,210
9022005000507002,9022005004088002,night,103.35,11216,9011005021500000,0,103.35,11216
9022005001243002,9022005000050001,night,148.09,11090,9011005021500000,0,148.09,11090
9022005001598002,9022005003838001,night,59.0,22511,9011005021500000,0,67.14,11284
9022005001598002,9022005003838001,night,59.0,22511,9011005021700000,0,50.82,11227
9022005003838001,9022005001233002,night,71.52,11285,9011005021500000,0,71.52,11285
9022005004087002,9022005001598002,night,70.95,11269,9011005021500000,0,70.95,11269
9022005004088002,9022005004087002,night,37.91,11220,9011005021500000,0,37.91,11220
9022005000046006,9022005000050001,pm_rush,318.83,66,9011005021500000,0,318.83,66
9022005000507002,9022005004088002,pm_rush,106.15,3682,9011005021500000,0,106.15,3682
9022005001243002,9022005000050001,pm_rush,148.06,3618,9011005021500000,0,148.06,3618
9022005001598002,9022005003838001,pm_rush,63.53,7277,9011005021500000,0,70.36,3682
9022005001598002,9022005003838001,pm_rush,63.53,7277,9011005021700000,0,56.54,3595
9022005003838001,9022005001233002,pm_rush,73.82,3682,9011005021500000,0,73.82,3682
9022005004087002,9022005001598002,pm_rush,76.82,3682,9011005021500000,0,76.82,3682
9022005004088002,9022005004087002,pm_rush,40.68,3682,9011005021500000,0,40.68,3682
9022005000046006,9022005000050001,weekend,298.15,136,9011005021500000,0,298.15,136
9022005000507002,9022005004088002,weekend,102.92,8502,9011005021500000,0,102.92,8502
9022005001243002,9022005000050001,weekend,145.26,8432,9011005021500000,0,145.26,8432
9022005001598002,9022005003838001,weekend,60.36,17439,9011005021500000,0,69.46,8550
9022005001598002,9022005003838001,weekend,60.36,17439,9011005021700000,0,51.6,8889
9022005003838001,9022005001233002,weekend,72.59,8550,9011005021500000,0,72.59,8550
9022005004087002,9022005001598002,weekend,71.66,8535,9011005021500000,0,71.66,8535
9022005004088002,9022005004087002,weekend,39.51,8503,9011005021500000,0,39.51,8503
9022005000507001,9022005000508001,am_rush,60.44,5454,9011005021500000,1,60.44,5454
9022005001233001,9022005003838002,am_rush,82.53,5455,9011005021500000,1,82.53,5455
9022005001598001,9022005004087001,am_rush,60.06,5454,9011005021500000,1,60.06,5454
9022005003838002,9022005001598001,am_rush,59.45,10288,9011005021500000,1,61.62,5455
9022005003838002,9022005001598001,am_rush,59.45,10288,9011005021700000,1,57.0,4833
9022005004087001,9022005004088001,am_rush,35.75,5454,9011005021500000,1,35.75,5454
9022005004088001,9022005000507001,am_rush,106.65,5454,9011005021500000,1,106.65,5454
9022005000507001,9022005000508001,day,62.16,8340,9011005021500000,1,62.16,8340
9022005001233001,9022005003838002,day,86.59,8343,9011005021500000,1,86.59,8343
9022005001598001,9022005004087001,day,62.92,8343,9011005021500000,1,62.92,8343
9022005003838002,9022005001598001,day,61.71,16557,9011005021500000,1,67.11,8343
9022005003838002,9022005001598001,day,61.71,16557,9011005021700000,1,56.23,8214
9022005004087001,9022005004088001,day,39.78,8341,9011005021500000,1,39.78,8341
9022005004088001,9022005000507001,day,107.46,8340,9011005021500000,1,107.46,8340
9022005000507001,9022005000508001,night,56.43,9933,9011005021500000,1,56.43,9933
9022005001233001,9022005003838002,night,86.56,10553,9011005021500000,1,86.86,9936
9022005001233001,9022005003838002,night,86.56,10553,9011005022200000,0,81.76,617
9022005001598001,9022005004087001,night,61.31,9935,9011005021500000,1,61.31,9935
9022005003838002,9022005001598001,night,60.29,21268,9011005021500000,1,65.21,9935
9022005003838002,9022005001598001,night,60.29,21268,9011005021700000,1,55.57,10716
9022005003838002,9022005001598001,night,60.29,21268,9011005022200000,0,62.9,617
9022005004087001,9022005004088001,night,38.38,9933,9011005021500000,1,38.38,9933
9022005004088001,9022005000507001,night,104.31,9933,9011005021500000,1,104.31,9933
9022005000507001,9022005000508001,pm_rush,60.06,3698,9011005021500000,1,60.06,3698
9022005001233001,9022005003838002,pm_rush,95.67,5553,9011005021500000,1,100.84,3698
9022005001233001,9022005003838002,pm_rush,95.67,5553,9011005022200000,0,85.35,1855
9022005001598001,9022005004087001,pm_rush,70.62,3698,9011005021500000,1,70.62,3698
9022005003838002,9022005001598001,pm_rush,71.22,8643,9011005021500000,1,78.01,3698
9022005003838002,9022005001598001,pm_rush,71.22,8643,9011005021700000,1,65.6,3090
9022005003838002,9022005001598001,pm_rush,71.22,8643,9011005022200000,0,67.06,1855
9022005004087001,9022005004088001,pm_rush,44.27,3698,9011005021500000,1,44.27,3698
9022005004088001,9022005000507001,pm_rush,115.24,3698,9011005021500000,1,115.24,3698
9022005000507001,9022005000508001,weekend,64.11,8584,9011005021500000,1,64.11,8584
9022005001233001,9022005003838002,weekend,81.09,8584,9011005021500000,1,81.09,8584
9022005001598001,9022005004087001,weekend,58.34,8584,9011005021500000,1,58.34,8584
9022005003838002,9022005001598001,weekend,57.45,17496,9011005021500000,1,61.22,8584
9022005003838002,9022005001598001,weekend,57.45,17496,9011005021700000,1,53.82,8912
9022005004087001,9022005004088001,weekend,35.48,8584,9011005021500000,1,35.48,8584
9022005004088001,9022005000507001,weekend,102.18,8584,9011005021500000,1,102.18,8584
9022005000050019,9022005000046003,am_rush,380.23,87,9011005021600000,0,380.23,87
9022005000050019,9022005001243001,am_rush,204.42,4469,9011005021600000,0,204.42,4469
9022005000412001,9022005001430002,am_rush,519.71,137,9011005021600000,0,519.71,137
9022005000412001,9022005001431001,am_rush,94.83,9575,9011005021600000,0,90.78,4872
9022005000412001,9022005001431001,am_rush,94.83,9575,9011005021700000,1,99.03,4703
9022005000421001,9022005001424001,am_rush,70.12,4559,9011005021600000,0,70.12,4559
9022005000422001,9022005001435001,am_rush,58.74,4552,9011005021600000,0,58.74,4552
9022005000437002,9022005001396001,am_rush,87.61,4552,9011005021600000,0,87.61,4552
9022005001249001,9022005004186001,am_rush,93.36,9829,9011005021600000,0,92.86,5007
9022005001249001,9022005004186001,am_rush,93.36,9829,9011005021700000,1,93.88,4822
9022005001323001,9022005001426001,am_rush,96.47,4558,9011005021600000,0,96.47,4558
9022005001396001,9022005001433001,am_rush,77.21,4551,9011005021600000,0,77.21,4551
9022005001418001,9022005001323001,am_rush,70.58,4556,9011005021600000,0,70.58,4556
9022005001419001,9022005001418001,am_rush,94.81,4553,9011005021600000,0,94.81,4553
9022005001421002,9022005001419001,am_rush,85.81,4553,9011005021600000,0,85.81,4553
9022005001422001,9022005000050019,am_rush,397.88,4557,9011005021600000,0,397.88,4557
9022005001424001,9022005001422001,am_rush,69.52,4560,9011005021600000,0,69.52,4560
9022005001426001,9022005000421001,am_rush,46.59,4559,9011005021600000,0,46.59,4559
9022005001431001,9022005001430001,am_rush,71.0,9577,9011005021600000,0,60.21,4873
9022005001431001,9022005001430001,am_rush,71.0,9577,9011005021700000,1,82.17,4704
9022005001433001,9022005000422001,am_rush,62.39,4552,9011005021600000,0,62.39,4552
9022005001435001,9022005001445001,am_rush,54.94,4552,9011005021600000,0,54.94,4552
9022005001437001,9022005001421002,am_rush,127.02,4008,9011005021600000,0,127.02,4008
9022005001437002,9022005001421002,am_rush,130.54,545,9011005021600000,0,130.54,545
9022005001445001,9022005001437001,am_rush,65.71,4009,9011005021600000,0,65.71,4009
9022005001445001,9022005001437002,am_rush,53.95,545,9011005021600000,0,53.95,545
9022005004186001,9022005000412001,am_rush,110.33,9831,9011005021600000,0,107.76,5009
9022005004186001,9022005000412001,am_rush,110.33,9831,9011005021700000,1,112.99,4822
9022005000050019,9022005000046003,day,357.78,132,9011005021600000,0,357.78,132
9022005000050019,9022005001243001,day,187.29,7165,9011005021600000,0,187.29,7165
9022005000412001,9022005001430002,day,508.13,180,9011005021600000,0,508.13,180
9022005000412001,9022005001431001,day,102.39,15225,9011005021600000,0,101.57,7235
9022005000412001,9022005001431001,day,102.39,15225,9011005021700000,1,103.14,7990
9022005000421001,9022005001424001,day,65.27,7298,9011005021600000,0,65.27,7298
9022005000422001,9022005001435001,day,49.96,7286,9011005021600000,0,49.96,7286
9022005000437002,9022005001396001,day,82.36,7285,9011005021600000,0,82.36,7285
9022005001249001,9022005004186001,day,100.23,15595,9011005021600000,0,98.87,7412
9022005001249001,9022005004186001,day,100.23,15595,9011005021700000,1,101.47,8183
9022005001323001,9022005001426001,day,102.93,7294,9011005021600000,0,102.93,7294
9022005001396001,9022005001433001,day,72.61,7285,9011005021600000,0,72.61,7285
9022005001418001,9022005001323001,day,59.02,7294,9011005021600000,0,59.02,7294
9022005001419001,9022005001418001,day,90.53,7908,9011005021600000,0,89.6,7293
9022005001419001,9022005001418001,day,90.53,7908,9011005022100000,0,101.5,615
9022005001421002,9022005001419001,day,83.72,7291,9011005021600000,0,83.72,7291
9022005001422001,9022005000050019,day,343.33,7297,9011005021600000,0,343.33,7297
9022005001424001,9022005001422001,day,63.22,7919,9011005021600000,0,63.75,7298
9022005001424001,9022005001422001,day,63.22,7919,9011005022100000,0,56.96,621
9022005001426001,9022005000421001,day,51.68,7295,9011005021600000,0,51.68,7295
9022005001431001,9022005001430001,day,76.75,15227,9011005021600000,0,57.89,7235
9022005001431001,9022005001430001,day,76.75,15227,9011005021700000,1,93.83,7992
9022005001433001,9022005000422001,day,55.06,7286,9011005021600000,0,55.06,7286
9022005001435001,9022005001445001,day,53.37,7291,9011005021600000,0,53.37,7291
9022005001437001,9022005001421002,day,118.32,6448,9011005021600000,0,118.32,6448
9022005001437002,9022005001421002,day,128.88,843,9011005021600000,0,128.88,843
9022005001445001,9022005001437001,day,65.2,6448,9011005021600000,0,65.2,6448
9022005001445001,9022005001437002,day,52.86,843,9011005021600000,0,52.86,843
9022005004186001,9022005000412001,day,113.17,15598,9011005021600000,0,111.59,7415
9022005004186001,9022005000412001,day,113.17,15598,9011005021700000,1,114.6,8183
9022005000050019,9022005000046003,night,298.2,210,9011005021600000,0,298.2,210
9022005000050019,9022005001243001,night,171.03,10951,9011005021600000,0,171.03,10951
9022005000412001,9022005001430002,night,509.97,284,9011005021600000,0,509.97,284
9022005000412001,9022005001431001,night,98.47,22078,9011005021600000,0,95.46,11060
9022005000412001,9022005001431001,night,98.47,22078,9011005021700000,1,101.65,10417
9022005000412001,9022005001431001,night,98.47,22078,9011005022200000,0,98.59,601
9022005000421001,9022005001424001,night,58.66,11159,9011005021600000,0,58.66,11159
9022005000422001,9022005001435001,night,43.49,11154,9011005021600000,0,43.49,11154
9022005000437002,9022005001396001,night,76.09,11135,9011005021600000,0,76.09,11135
9022005001249001,9022005004186001,night,90.64,22015,9011005021600000,0,88.64,11342
9022005001249001,9022005004186001,night,90.64,22015,9011005021700000,1,92.77,10673
9022005001323001,9022005001426001,night,92.2,11156,9011005021600000,0,92.2,11156
9022005001396001,9022005001433001,night,71.79,11137,9011005021600000,0,71.79,11137
9022005001418001,9022005001323001,night,53.09,11155,9011005021600000,0,53.09,11155
9022005001419001,9022005001418001,night,85.81,12389,9011005021600000,0,84.7,11156
9022005001419001,9022005001418001,night,85.81,12389,9011005022100000,0,95.85,1233
9022005001421002,9022005001419001,night,105.35,11154,9011005021600000,0,105.35,11154
9022005001422001,9022005000050019,night,377.3,11159,9011005021600000,0,377.3,11159
9022005001424001,9022005001422001,night,58.34,12396,9011005021600000,0,58.47,11160
9022005001424001,9022005001422001,night,58.34,12396,9011005022100000,0,57.18,1236
9022005001426001,9022005000421001,night,38.83,11158,9011005021600000,0,38.83,11158
9022005001431001,9022005001430001,night,73.16,22078,9011005021600000,0,57.68,11060
9022005001431001,9022005001430001,night,73.16,22078,9011005021700000,1,88.76,10417
9022005001431001,9022005001430001,night,73.16,22078,9011005022200000,0,87.53,601
9022005001433001,9022005000422001,night,49.21,11144,9011005021600000,0,49.21,11144
9022005001435001,9022005001445001,night,52.0,11154,9011005021600000,0,52.0,11154
9022005001437001,9022005001421002,night,115.36,9808,9011005021600000,0,115.36,9808
9022005001437002,9022005001421002,night,123.16,1346,9011005021600000,0,123.16,1346
9022005001445001,9022005001437001,night,57.86,9808,9011005021600000,0,57.86,9808
9022005001445001,9022005001437002,night,51.91,1346,9011005021600000,0,51.91,1346
9022005004186001,9022005000412001,night,111.26,22016,9011005021600000,0,108.5,11343
9022005004186001,9022005000412001,night,111.26,22016,9011005021700000,1,114.2,10673
9022005000050019,9022005000046003,pm_rush,352.61,66,9011005021600000,0,352.61,66
9022005000050019,9022005001243001,pm_rush,228.55,3359,9011005021600000,0,228.55,3359
9022005000412001,9022005001430002,pm_rush,523.03,89,9011005021600000,0,523.03,89
9022005000412001,9022005001431001,pm_rush,108.56,8211,9011005021600000,0,107.72,3390
9022005000412001,9022005001431001,pm_rush,108.56,8211,9011005021700000,1,112.7,3013
9022005000412001,9022005001431001,pm_rush,108.56,8211,9011005022200000,0,103.23,1808
9022005000421001,9022005001424001,pm_rush,65.76,3427,9011005021600000,0,65.76,3427
9022005000422001,9022005001435001,pm_rush,47.34,3424,9011005021600000,0,47.34,3424
9022005000437002,9022005001396001,pm_rush,88.63,3425,9011005021600000,0,88.63,3425
9022005001249001,9022005004186001,pm_rush,103.96,6567,9011005021600000,0,102.34,3479
9022005001249001,9022005004186001,pm_rush,103.96,6567,9011005021700000,1,105.78,3088
9022005001323001,9022005001426001,pm_rush,109.03,3426,9011005021600000,0,109.03,3426
9022005001396001,9022005001433001,pm_rush,72.73,3424,9011005021600000,0,72.73,3424
9022005001418001,9022005001323001,pm_rush,77.15,3425,9011005021600000,0,77.15,3425
9022005001419001,9022005001418001,pm_rush,126.43,6941,9011005021600000,0,126.15,3423
9022005001419001,9022005001418001,pm_rush,126.43,6941,9011005022100000,0,126.7,3518
9022005001421002,9022005001419001,pm_rush,107.12,3423,9011005021600000,0,107.12,3423
9022005001422001,9022005000050019,pm_rush,375.15,3425,9011005021600000,0,375.15,3425
9022005001424001,9022005001422001,pm_rush,64.9,6970,9011005021600000,0,67.84,3426
9022005001424001,9022005001422001,pm_rush,64.9,6970,9011005022100000,0,62.05,3544
9022005001426001,9022005000421001,pm_rush,51.51,3427,9011005021600000,0,51.51,3427
9022005001431001,9022005001430001,pm_rush,80.97,8210,9011005021600000,0,61.04,3390
9022005001431001,9022005001430001,pm_rush,80.97,8210,9011005021700000,1,95.22,3012
9022005001431001,9022005001430001,pm_rush,80.97,8210,9011005022200000,0,94.6,1808
9022005001433001,9022005000422001,pm_rush,54.05,3424,9011005021600000,0,54.05,3424
9022005001435001,9022005001445001,pm_rush,64.42,3423,9011005021600000,0,64.42,3423
9022005001437001,9022005001421002,pm_rush,132.32,2998,9011005021600000,0,132.32,2998
9022005001437002,9022005001421002,pm_rush,144.21,425,9011005021600000,0,144.21,425
9022005001445001,9022005001437001,pm_rush,71.59,2998,9011005021600000,0,71.59,2998
9022005001445001,9022005001437002,pm_rush,55.68,425,9011005021600000,0,55.68,425
9022005004186001,9022005000412001,pm_rush,120.35,6567,9011005021600000,0,118.68,3479
9022005004186001,9022005000412001,pm_rush,120.35,6567,9011005021700000,1,122.23,3088
9022005000050019,9022005000046003,weekend,304.73,142,9011005021600000,0,304.73,142
9022005000050019,9022005001243001,weekend,164.62,8584,9011005021600000,0,164.62,8584
9022005000412001,9022005001430002,weekend,507.41,213,9011005021600000,0,507.41,213
9022005000412001,9022005001431001,weekend,97.4,17299,9011005021600000,0,95.86,8623
9022005000412001,9022005001431001,weekend,97.4,17299,9011005021700000,1,98.94,8676
9022005000421001,9022005001424001,weekend,58.08,8727,9011005021600000,0,58.08,8727
9022005000422001,9022005001435001,weekend,44.61,8723,9011005021600000,0,44.61,8723
9022005000437002,9022005001396001,weekend,76.49,8718,9011005021600000,0,76.49,8718
9022005001249001,9022005004186001,weekend,90.45,17717,9011005021600000,0,89.55,8837
9022005001249001,9022005004186001,weekend,90.45,17717,9011005021700000,1,91.34,8880
9022005001323001,9022005001426001,weekend,88.57,8727,9011005021600000,0,88.57,8727
9022005001396001,9022005001433001,weekend,70.7,8716,9011005021600000,0,70.7,8716
9022005001418001,9022005001323001,weekend,47.8,8724,9011005021600000,0,47.8,8724
9022005001419001,9022005001418001,weekend,77.32,8724,9011005021600000,0,77.32,8724
9022005001421002,9022005001419001,weekend,104.17,8724,9011005021600000,0,104.17,8724
9022005001422001,9022005000050019,weekend,360.88,8726,9011005021600000,0,360.88,8726
9022005001424001,9022005001422001,weekend,57.75,8727,9011005021600000,0,57.75,8727
9022005001426001,9022005000421001,weekend,36.7,8727,9011005021600000,0,36.7,8727
9022005001431001,9022005001430001,weekend,79.1,17299,9011005021600000,0,57.36,8623
9022005001431001,9022005001430001,weekend,79.1,17299,9011005021700000,1,100.71,8676
9022005001433001,9022005000422001,weekend,50.43,8719,9011005021600000,0,50.43,8719
9022005001435001,9022005001445001,weekend,49.22,8723,9011005021600000,0,49.22,8723
9022005001437001,9022005001421002,weekend,112.05,7701,9011005021600000,0,112.05,7701
9022005001437002,9022005001421002,weekend,119.61,1023,9011005021600000,0,119.61,1023
9022005001445001,9022005001437001,weekend,56.04,7700,9011005021600000,0,56.04,7700
9022005001445001,9022005001437002,weekend,50.14,1023,9011005021600000,0,50.14,1023
9022005004186001,9022005000412001,weekend,110.81,17717,9011005021600000,0,108.69,8836
9022005004186001,9022005000412001,weekend,110.81,17717,9011005021700000,1,112.92,8881
9022005000046006,9022005000050018,am_rush,384.99,87,9011005021600000,1,384.99,87
9022005000050018,9022005001422002,am_rush,293.61,4683,9011005021600000,1,293.61,4683
9022005000226001,9022005000416001,am_rush,80.5,4733,9011005021600000,1,80.5,4733
9022005000412002,9022005004186002,am_rush,119.39,9477,9011005021600000,1,119.17,4677
9022005000412002,9022005004186002,am_rush,119.39,9477,9011005021700000,0,119.6,4800
9022005000421002,9022005001426002,am_rush,58.02,4689,9011005021600000,1,58.02,4689
9022005000422002,9022005001433002,am_rush,47.63,4731,9011005021600000,1,47.63,4731
9022005001243002,9022005000050018,am_rush,220.49,4595,9011005021600000,1,220.49,4595
9022005001323002,9022005001418002,am_rush,101.84,4688,9011005021600000,1,101.84,4688
9022005001396002,9022005000437001,am_rush,82.38,4732,9011005021600000,1,82.38,4732
9022005001418002,9022005001419002,am_rush,94.0,9975,9011005021600000,1,93.85,4687
9022005001418002,9022005001419002,am_rush,94.0,9975,9011005022100000,1,94.13,5288
9022005001419002,9022005001421001,am_rush,65.71,9976,9011005021600000,1,70.63,4688
9022005001419002,9022005001421001,am_rush,65.71,9976,9011005022100000,1,61.34,5288
9022005001421001,9022005001437001,am_rush,94.56,3996,9011005021600000,1,94.56,3996
9022005001421001,9022005001437002,am_rush,98.27,694,9011005021600000,1,98.27,694
9022005001422002,9022005001424002,am_rush,52.64,9945,9011005021600000,1,50.93,4685
9022005001422002,9022005001424002,am_rush,52.64,9945,9011005022100000,1,54.16,5260
9022005001424002,9022005000421002,am_rush,62.77,4689,9011005021600000,1,62.77,4689
9022005001426002,9022005001323002,am_rush,103.85,4688,9011005021600000,1,103.85,4688
9022005001431002,9022005000412002,am_rush,98.41,12479,9011005021600000,1,97.54,4677
9022005001431002,9022005000412002,am_rush,98.41,12479,9011005021700000,0,98.79,4795
9022005001431002,9022005000412002,am_rush,98.41,12479,9011005022200000,1,99.15,3007
9022005001433002,9022005001396002,am_rush,60.24,4732,9011005021600000,1,60.24,4732
9022005001435002,9022005000422002,am_rush,38.77,4729,9011005021600000,1,38.77,4729
9022005001437001,9022005001445002,am_rush,69.05,4004,9011005021600000,1,69.05,4004
9022005001437002,9022005001445002,am_rush,64.14,694,9011005021600000,1,64.14,694
9022005001445002,9022005001435002,am_rush,55.65,4721,9011005021600000,1,55.65,4721
9022005004186002,9022005001249002,am_rush,97.28,9479,9011005021600000,1,96.17,4678
9022005004186002,9022005001249002,am_rush,97.28,9479,9011005021700000,0,98.36,4801
9022005000046006,9022005000050018,day,387.08,142,9011005021600000,1,387.08,142
9022005000050018,9022005001422002,day,289.39,7955,9011005021600000,1,289.39,7955
9022005000226001,9022005000416001,day,76.83,8007,9011005021600000,1,76.83,8007
9022005000412002,9022005004186002,day,117.72,16074,9011005021600000,1,117.3,7946
9022005000412002,9022005004186002,day,117.72,16074,9011005021700000,0,118.13,8128
9022005000421002,9022005001426002,day,55.09,7971,9011005021600000,1,55.09,7971
9022005000422002,9022005001433002,day,51.76,8007,9011005021600000,1,51.76,8007
9022005001243002,9022005000050018,day,226.85,7811,9011005021600000,1,226.85,7811
9022005001323002,9022005001418002,day,71.2,7972,9011005021600000,1,71.2,7972
9022005001396002,9022005000437001,day,86.91,8007,9011005021600000,1,86.91,8007
9022005001418002,9022005001419002,day,77.89,7973,9011005021600000,1,77.89,7973
9022005001419002,9022005001421001,day,59.4,7974,9011005021600000,1,59.4,7974
9022005001421001,9022005001437001,day,88.82,6788,9011005021600000,1,88.82,6788
9022005001421001,9022005001437002,day,92.57,1186,9011005021600000,1,92.57,1186
9022005001422002,9022005001424002,day,52.79,7963,9011005021600000,1,52.79,7963
9022005001424002,9022005000421002,day,60.69,7971,9011005021600000,1,60.69,7971
9022005001426002,9022005001323002,day,96.39,7972,9011005021600000,1,96.39,7972
9022005001431002,9022005000412002,day,97.19,16070,9011005021600000,1,96.62,7945
9022005001431002,9022005000412002,day,97.19,16070,9011005021700000,0,97.75,8125
9022005001433002,9022005001396002,day,60.5,8007,9011005021600000,1,60.5,8007
9022005001435002,9022005000422002,day,46.02,8006,9011005021600000,1,46.02,8006
9022005001437001,9022005001445002,day,59.96,6801,9011005021600000,1,59.96,6801
9022005001437002,9022005001445002,day,55.62,1186,9011005021600000,1,55.62,1186
9022005001445002,9022005001435002,day,59.81,8003,9011005021600000,1,59.81,8003
9022005004186002,9022005001249002,day,94.49,16077,9011005021600000,1,93.66,7947
9022005004186002,9022005001249002,day,94.49,16077,9011005021700000,0,95.31,8130
9022005000046006,9022005000050018,night,328.94,199,9011005021600000,1,328.94,199
9022005000050018,9022005001422002,night,250.27,10964,9011005021600000,1,250.27,10964
9022005000226001,9022005000416001,night,85.42,11138,9011005021600000,1,85.42,11138
9022005000412002,9022005004186002,night,107.45,22187,9011005021600000,1,108.46,10937
9022005000412002,9022005004186002,night,107.45,22187,9011005021700000,0,106.46,11250
9022005000421002,9022005001426002,night,46.33,11062,9011005021600000,1,46.33,11062
9022005000422002,9022005001433002,night,49.72,11137,9011005021600000,1,49.72,11137
9022005001243002,9022005000050018,night,229.73,10760,9011005021600000,1,229.73,10760
9022005001323002,9022005001418002,night,65.75,11061,9011005021600000,1,65.75,11061
9022005001396002,9022005000437001,night,81.04,11136,9011005021600000,1,81.04,11136
9022005001418002,9022005001419002,night,76.41,11063,9011005021600000,1,76.41,11063
9022005001419002,9022005001421001,night,58.04,11066,9011005021600000,1,58.04,11066
9022005001421001,9022005001437001,night,87.61,9506,9011005021600000,1,87.61,9506
9022005001421001,9022005001437002,night,89.14,1569,9011005021600000,1,89.14,1569
9022005001422002,9022005001424002,night,51.41,11045,9011005021600000,1,51.41,11045
9022005001424002,9022005000421002,night,54.34,11062,9011005021600000,1,54.34,11062
9022005001426002,9022005001323002,night,90.83,11062,9011005021600000,1,90.83,11062
9022005001431002,9022005000412002,night,87.12,22180,9011005021600000,1,86.88,10937
9022005001431002,9022005000412002,night,87.12,22180,9011005021700000,0,87.36,11243
9022005001433002,9022005001396002,night,57.75,11136,9011005021600000,1,57.75,11136
9022005001435002,9022005000422002,night,44.41,11133,9011005021600000,1,44.41,11133
9022005001437001,9022005001445002,night,58.39,9523,9011005021600000,1,58.39,9523
9022005001437002,9022005001445002,night,52.24,1571,9011005021600000,1,52.24,1571
9022005001445002,9022005001435002,night,57.27,11125,9011005021600000,1,57.27,11125
9022005004186002,9022005001249002,night,88.39,22199,9011005021600000,1,89.21,10937
9022005004186002,9022005001249002,night,88.39,22199,9011005021700000,0,87.59,11262
9022005000046006,9022005000050018,pm_rush,363.55,66,9011005021600000,1,363.55,66
9022005000050018,9022005001422002,pm_rush,332.92,3512,9011005021600000,1,332.92,3512
9022005000226001,9022005000416001,pm_rush,85.06,3543,9011005021600000,1,85.06,3543
9022005000412002,9022005004186002,pm_rush,119.21,7108,9011005021600000,1,117.71,3508
9022005000412002,9022005004186002,pm_rush,119.21,7108,9011005021700000,0,120.68,3600
9022005000421002,9022005001426002,pm_rush,53.31,3519,9011005021600000,1,53.31,3519
9022005000422002,9022005001433002,pm_rush,57.52,3543,9011005021600000,1,57.52,3543
9022005001243002,9022005000050018,pm_rush,210.91,3444,9011005021600000,1,210.91,3444
9022005001323002,9022005001418002,pm_rush,103.57,3521,9011005021600000,1,103.57,3521
9022005001396002,9022005000437001,pm_rush,96.82,3543,9011005021600000,1,96.82,3543
9022005001418002,9022005001419002,pm_rush,90.46,3521,9011005021600000,1,90.46,3521
9022005001419002,9022005001421001,pm_rush,61.5,3522,9011005021600000,1,61.5,3522
9022005001421001,9022005001437001,pm_rush,92.83,2987,9011005021600000,1,92.83,2987
9022005001421001,9022005001437002,pm_rush,92.72,535,9011005021600000,1,92.72,535
9022005001422002,9022005001424002,pm_rush,58.57,3513,9011005021600000,1,58.57,3513
9022005001424002,9022005000421002,pm_rush,61.85,3518,9011005021600000,1,61.85,3518
9022005001426002,9022005001323002,pm_rush,129.27,3520,9011005021600000,1,129.27,3520
9022005001431002,9022005000412002,pm_rush,102.17,7104,9011005021600000,1,101.34,3507
9022005001431002,9022005000412002,pm_rush,102.17,7104,9011005021700000,0,102.97,3597
9022005001433002,9022005001396002,pm_rush,62.16,3543,9011005021600000,1,62.16,3543
9022005001435002,9022005000422002,pm_rush,54.01,3535,9011005021600000,1,54.01,3535
9022005001437001,9022005001445002,pm_rush,61.81,2986,9011005021600000,1,61.81,2986
9022005001437002,9022005001445002,pm_rush,54.41,535,9011005021600000,1,54.41,535
9022005001445002,9022005001435002,pm_rush,66.8,3525,9011005021600000,1,66.8,3525
9022005004186002,9022005001249002,pm_rush,96.14,7110,9011005021600000,1,96.22,3508
9022005004186002,9022005001249002,pm_rush,96.14,7110,9011005021700000,0,96.07,3602
9022005000046006,9022005000050018,weekend,369.11,146,9011005021600000,1,369.11,146
9022005000050018,9022005001422002,weekend,249.04,9149,9011005021600000,1,249.04,9149
9022005000226001,9022005000416001,weekend,86.48,9257,9011005021600000,1,86.48,9257
9022005000412002,9022005004186002,weekend,110.67,17974,9011005021600000,1,110.61,9074
9022005000412002,9022005004186002,weekend,110.67,17974,9011005021700000,0,110.73,8900
9022005000421002,9022005001426002,weekend,43.67,9187,9011005021600000,1,43.67,9187
9022005000422002,9022005001433002,weekend,48.57,9257,9011005021600000,1,48.57,9257
9022005001243002,9022005000050018,weekend,259.01,8995,9011005021600000,1,259.01,8995
9022005001323002,9022005001418002,weekend,59.15,9184,9011005021600000,1,59.15,9184
9022005001396002,9022005000437001,weekend,80.62,9258,9011005021600000,1,80.62,9258
9022005001418002,9022005001419002,weekend,69.96,9184,9011005021600000,1,69.96,9184
9022005001419002,9022005001421001,weekend,53.07,9187,9011005021600000,1,53.07,9187
9022005001421001,9022005001437001,weekend,84.42,7821,9011005021600000,1,84.42,7821
9022005001421001,9022005001437002,weekend,88.17,1383,9011005021600000,1,88.17,1383
9022005001422002,9022005001424002,weekend,50.07,9177,9011005021600000,1,50.07,9177
9022005001424002,9022005000421002,weekend,52.76,9187,9011005021600000,1,52.76,9187
9022005001426002,9022005001323002,weekend,88.8,9186,9011005021600000,1,88.8,9186
9022005001431002,9022005000412002,weekend,89.98,17971,9011005021600000,1,89.63,9074
9022005001431002,9022005000412002,weekend,89.98,17971,9011005021700000,0,90.34,8897
9022005001433002,9022005001396002,weekend,55.79,9258,9011005021600000,1,55.79,9258
9022005001435002,9022005000422002,weekend,41.38,9256,9011005021600000,1,41.38,9256
9022005001437001,9022005001445002,weekend,56.15,7834,9011005021600000,1,56.15,7834
9022005001437002,9022005001445002,weekend,51.73,1383,9011005021600000,1,51.73,1383
9022005001445002,9022005001435002,weekend,55.79,9250,9011005021600000,1,55.79,9250
9022005004186002,9022005001249002,weekend,87.73,17987,9011005021600000,1,87.48,9076
9022005004186002,9022005001249002,weekend,87.73,17987,9011005021700000,0,87.99,8911
9022005000044003,9022005001596002,am_rush,73.54,4792,9011005021700000,0,73.54,4792
9022005000046006,9022005000050019,am_rush,314.23,87,9011005021700000,0,314.23,87
9022005001229001,9022005000044003,am_rush,61.03,4792,9011005021700000,0,61.03,4792
9022005001243002,9022005000050019,am_rush,124.34,4743,9011005021700000,0,124.34,4743
9022005001300002,9022005001430002,am_rush,124.41,4795,9011005021700000,0,124.41,4795
9022005001301002,9022005001300002,am_rush,65.48,4793,9011005021700000,0,65.48,4793
9022005001302002,9022005001301002,am_rush,85.02,4793,9011005021700000,0,85.02,4793
9022005001303002,9022005001302002,am_rush,118.02,4793,9011005021700000,0,118.02,4793
9022005001430002,9022005001431002,am_rush,101.16,7802,9011005021700000,0,103.46,4795
9022005001430002,9022005001431002,am_rush,101.16,7802,9011005022200000,1,97.49,3007
9022005001596002,9022005001303002,am_rush,113.09,4792,9011005021700000,0,113.09,4792
9022005003838001,9022005001230001,am_rush,83.81,4791,9011005021700000,0,83.81,4791
9022005000044003,9022005001596002,day,72.52,8116,9011005021700000,0,72.52,8116
9022005000046006,9022005000050019,day,318.7,143,9011005021700000,0,318.7,143
9022005001229001,9022005000044003,day,66.16,8116,9011005021700000,0,66.16,8116
9022005001243002,9022005000050019,day,138.62,8038,9011005021700000,0,138.62,8038
9022005001300002,9022005001430002,day,129.23,8124,9011005021700000,0,129.23,8124
9022005001301002,9022005001300002,day,62.57,8123,9011005021700000,0,62.57,8123
9022005001302002,9022005001301002,day,80.01,8121,9011005021700000,0,80.01,8121
9022005001303002,9022005001302002,day,113.08,8117,9011005021700000,0,113.08,8117
9022005001430002,9022005001431002,day,100.9,8124,9011005021700000,0,100.9,8124
9022005001596002,9022005001303002,day,107.32,8117,9011005021700000,0,107.32,8117
9022005003838001,9022005001230001,day,74.71,8115,9011005021700000,0,74.71,8115
9022005000044003,9022005001596002,night,69.23,11228,9011005021700000,0,69.23,11228
9022005000046006,9022005000050019,night,256.38,199,9011005021700000,0,256.38,199
9022005001229001,9022005000044003,night,52.67,11222,9011005021700000,0,52.67,11222
9022005001243002,9022005000050019,night,120.01,11116,9011005021700000,0,120.01,11116
9022005001300002,9022005001430002,night,109.91,11236,9011005021700000,0,109.91,11236
9022005001301002,9022005001300002,night,52.59,11233,9011005021700000,0,52.59,11233
9022005001302002,9022005001301002,night,75.53,11232,9011005021700000,0,75.53,11232
9022005001303002,9022005001302002,night,105.38,11230,9011005021700000,0,105.38,11230
9022005001430002,9022005001431002,night,83.71,11231,9011005021700000,0,83.71,11231
9022005001430002,9022005004186002,night,124.2,5,9011005021700000,0,124.2,5
9022005001596002,9022005001303002,night,98.89,11229,9011005021700000,0,98.89,11229
9022005003838001,9022005000044003,night,75.0,5,9011005021700000,0,75.0,5
9022005003838001,9022005001230001,night,71.48,11221,9011005021700000,0,71.48,11221
9022005000044003,9022005001596002,pm_rush,74.26,3596,9011005021700000,0,74.26,3596
9022005000046006,9022005000050019,pm_rush,297.77,66,9011005021700000,0,297.77,66
9022005001229001,9022005000044003,pm_rush,60.03,3595,9011005021700000,0,60.03,3595
9022005001243002,9022005000050019,pm_rush,133.37,3552,9011005021700000,0,133.37,3552
9022005001300002,9022005001430002,pm_rush,132.63,3599,9011005021700000,0,132.63,3599
9022005001301002,9022005001300002,pm_rush,56.95,3599,9011005021700000,0,56.95,3599
9022005001302002,9022005001301002,pm_rush,79.77,3600,9011005021700000,0,79.77,3600
9022005001303002,9022005001302002,pm_rush,114.55,3599,9011005021700000,0,114.55,3599
9022005001430002,9022005001431002,pm_rush,98.3,3597,9011005021700000,0,98.3,3597
9022005001596002,9022005001303002,pm_rush,102.49,3596,9011005021700000,0,102.49,3596
9022005003838001,9022005001230001,pm_rush,72.68,3594,9011005021700000,0,72.68,3594
9022005000044003,9022005001596002,weekend,68.56,8889,9011005021700000,0,68.56,8889
9022005000046006,9022005000050019,weekend,264.5,140,9011005021700000,0,264.5,140
9022005001229001,9022005000044003,weekend,55.98,8889,9011005021700000,0,55.98,8889
9022005001243002,9022005000050019,weekend,123.27,8819,9011005021700000,0,123.27,8819
9022005001300002,9022005001430002,weekend,114.22,8893,9011005021700000,0,114.22,8893
9022005001301002,9022005001300002,weekend,54.81,8892,9011005021700000,0,54.81,8892
9022005001302002,9022005001301002,weekend,76.9,8892,9011005021700000,0,76.9,8892
9022005001303002,9022005001302002,weekend,107.07,8890,9011005021700000,0,107.07,8890
9022005001430002,9022005001431002,weekend,87.38,8895,9011005021700000,0,87.38,8895
9022005001596002,9022005001303002,weekend,98.15,8889,9011005021700000,0,98.15,8889
9022005003838001,9022005001230001,weekend,70.97,8889,9011005021700000,0,70.97,8889
9022005000043001,9022005001300001,am_rush,57.84,4703,9011005021700000,1,57.84,4703
9022005000044002,9022005001229002,am_rush,55.7,4833,9011005021700000,1,55.7,4833
9022005000412001,9022005001300001,am_rush,385.9,120,9011005021700000,1,385.9,120
9022005001230002,9022005003838002,am_rush,63.95,4833,9011005021700000,1,63.95,4833
9022005001300001,9022005001301001,am_rush,44.5,4821,9011005021700000,1,44.5,4821
9022005001301001,9022005001302001,am_rush,95.91,4824,9011005021700000,1,95.91,4824
9022005001302001,9022005001303001,am_rush,87.1,4827,9011005021700000,1,87.1,4827
9022005001303001,9022005001596001,am_rush,99.2,4832,9011005021700000,1,99.2,4832
9022005001430001,9022005000043001,am_rush,63.34,4703,9011005021700000,1,63.34,4703
9022005001596001,9022005000044002,am_rush,75.74,4833,9011005021700000,1,75.74,4833
9022005001598001,9022005000416001,am_rush,39.58,4833,9011005021700000,1,39.58,4833
9022005000043001,9022005001300001,day,63.49,7994,9011005021700000,1,63.49,7994
9022005000044002,9022005001229002,day,59.14,8214,9011005021700000,1,59.14,8214
9022005000412001,9022005001300001,day,397.27,195,9011005021700000,1,397.27,195
9022005001230002,9022005003838002,day,63.51,8214,9011005021700000,1,63.51,8214
9022005001300001,9022005001301001,day,50.95,8190,9011005021700000,1,50.95,8190
9022005001301001,9022005001302001,day,97.29,8197,9011005021700000,1,97.29,8197
9022005001302001,9022005001303001,day,94.7,8199,9011005021700000,1,94.7,8199
9022005001303001,9022005001596001,day,97.55,8212,9011005021700000,1,97.55,8212
9022005001430001,9022005000043001,day,62.32,7992,9011005021700000,1,62.32,7992
9022005001596001,9022005000044002,day,78.62,8214,9011005021700000,1,78.62,8214
9022005001598001,9022005000416001,day,41.13,8214,9011005021700000,1,41.13,8214
9022005000043001,9022005001300001,night,60.81,10422,9011005021700000,1,60.81,10422
9022005000044002,9022005001229002,night,55.44,10715,9011005021700000,1,55.44,10715
9022005000412001,9022005001300001,night,390.91,256,9011005021700000,1,390.91,256
9022005001230002,9022005003838002,night,60.31,10716,9011005021700000,1,60.31,10716
9022005001300001,9022005001301001,night,48.9,10679,9011005021700000,1,48.9,10679
9022005001301001,9022005001302001,night,96.71,10687,9011005021700000,1,96.71,10687
9022005001302001,9022005001303001,night,91.92,10700,9011005021700000,1,91.92,10700
9022005001303001,9022005001596001,night,96.23,10712,9011005021700000,1,96.23,10712
9022005001430001,9022005000043001,night,55.72,11019,9011005021700000,1,54.9,10418
9022005001430001,9022005000043001,night,55.72,11019,9011005022200000,0,69.94,601
9022005001596001,9022005000044002,night,74.55,10714,9011005021700000,1,74.55,10714
9022005001598001,9022005000416001,night,44.12,11332,9011005021700000,1,42.26,10715
9022005001598001,9022005000416001,night,44.12,11332,9011005022200000,0,76.47,617
9022005000043001,9022005001300001,pm_rush,69.51,3013,9011005021700000,1,69.51,3013
9022005000044002,9022005001229002,pm_rush,62.47,3090,9011005021700000,1,62.47,3090
9022005000412001,9022005001300001,pm_rush,451.03,75,9011005021700000,1,451.03,75
9022005001230002,9022005003838002,pm_rush,81.95,3090,9011005021700000,1,81.95,3090
9022005001300001,9022005001301001,pm_rush,54.69,3087,9011005021700000,1,54.69,3087
9022005001301001,9022005001302001,pm_rush,104.13,3087,9011005021700000,1,104.13,3087
9022005001302001,9022005001303001,pm_rush,104.11,3085,9011005021700000,1,104.11,3085
9022005001303001,9022005001596001,pm_rush,105.45,3087,9011005021700000,1,105.45,3087
9022005001430001,9022005000043001,pm_rush,78.93,4821,9011005021700000,1,79.81,3013
9022005001430001,9022005000043001,pm_rush,78.93,4821,9011005022200000,0,77.46,1808
9022005001596001,9022005000044002,pm_rush,81.02,3089,9011005021700000,1,81.02,3089
9022005001598001,9022005000416001,pm_rush,63.65,4945,9011005021700000,1,55.92,3090
9022005001598001,9022005000416001,pm_rush,63.65,4945,9011005022200000,0,76.53,1855
9022005000043001,9022005001300001,weekend,59.81,8677,9011005021700000,1,59.81,8677
9022005000044002,9022005001229002,weekend,55.08,8912,9011005021700000,1,55.08,8912
9022005000412001,9022005001300001,weekend,384.79,207,9011005021700000,1,384.79,207
9022005001230002,9022005003838002,weekend,58.43,8912,9011005021700000,1,58.43,8912
9022005001300001,9022005001301001,weekend,48.08,8885,9011005021700000,1,48.08,8885
9022005001301001,9022005001302001,weekend,95.05,8891,9011005021700000,1,95.05,8891
9022005001302001,9022005001303001,weekend,89.73,8894,9011005021700000,1,89.73,8894
9022005001303001,9022005001596001,weekend,95.08,8907,9011005021700000,1,95.08,8907
9022005001430001,9022005000043001,weekend,54.24,8675,9011005021700000,1,54.24,8675
9022005001596001,9022005000044002,weekend,73.93,8912,9011005021700000,1,73.93,8912
9022005001598001,9022005000416001,weekend,42.57,8912,9011005021700000,1,42.57,8912
9022005000229002,9022005004091002,am_rush,66.51,4931,9011005021800000,0,66.51,4931
9022005000430002,9022005000229002,am_rush,30.24,224,9011005021800000,0,30.24,224
9022005001248002,9022005001249002,am_rush,205.73,5410,9011005021800000,0,205.73,5410
9022005001307002,9022005000229002,am_rush,69.3,4707,9011005021800000,0,69.3,4707
9022005001307002,9022005000430002,am_rush,36.38,224,9011005021800000,0,36.38,224
9022005003580002,9022005001248002,am_rush,107.77,5410,9011005021800000,0,107.77,5410
9022005004067002,9022005003580002,am_rush,107.92,5410,9011005021800000,0,107.92,5410
9022005004091002,9022005004067002,am_rush,41.26,5410,9011005021800000,0,41.26,5410
9022005000229002,9022005004091002,day,66.16,7094,9011005021800000,0,66.16,7094
9022005000430002,9022005000229002,day,31.25,299,9011005021800000,0,31.25,299
9022005001248002,9022005001249002,day,205.12,7763,9011005021800000,0,205.12,7763
9022005001307002,9022005000229002,day,70.48,6795,9011005021800000,0,70.48,6795
9022005001307002,9022005000430002,day,41.71,299,9011005021800000,0,41.71,299
9022005003580002,9022005001248002,day,108.88,7761,9011005021800000,0,108.88,7761
9022005004067002,9022005003580002,day,111.73,7761,9011005021800000,0,111.73,7761
9022005004091002,9022005004067002,day,42.27,7761,9011005021800000,0,42.27,7761
9022005000229002,9022005004091002,night,56.31,10767,9011005021800000,0,56.31,10767
9022005000430002,9022005000229002,night,25.64,476,9011005021800000,0,25.64,476
9022005001248002,9022005001249002,night,187.2,11824,9011005021800000,0,187.2,11824
9022005001307002,9022005000229002,night,63.95,10291,9011005021800000,0,63.95,10291
9022005001307002,9022005000430002,night,52.9,476,9011005021800000,0,52.9,476
9022005003580002,9022005001248002,night,95.13,11821,9011005021800000,0,95.13,11821
9022005004067002,9022005003580002,night,94.56,11821,9011005021800000,0,94.56,11821
9022005004091002,9022005004067002,night,31.13,11820,9011005021800000,0,31.13,11820
9022005000229002,9022005004091002,pm_rush,69.64,3350,9011005021800000,0,69.64,3350
9022005000430002,9022005000229002,pm_rush,24.07,150,9011005021800000,0,24.07,150
9022005001248002,9022005001249002,pm_rush,217.64,3686,9011005021800000,0,217.64,3686
9022005001307002,9022005000229002,pm_rush,70.38,3200,9011005021800000,0,70.38,3200
9022005001307002,9022005000430002,pm_rush,71.67,150,9011005021800000,0,71.67,150
9022005003580002,9022005001248002,pm_rush,119.46,3686,9011005021800000,0,119.46,3686
9022005004067002,9022005003580002,pm_rush,113.51,3686,9011005021800000,0,113.51,3686
9022005004091002,9022005004067002,pm_rush,45.63,3686,9011005021800000,0,45.63,3686
9022005000229002,9022005004091002,weekend,57.22,7780,9011005021800000,0,57.22,7780
9022005000430002,9022005000229002,weekend,30.37,290,9011005021800000,0,30.37,290
9022005001248002,9022005001249002,weekend,176.59,8534,9011005021800000,0,176.59,8534
9022005001307002,9022005000229002,weekend,66.99,7490,9011005021800000,0,66.99,7490
9022005001307002,9022005000430002,weekend,45.28,290,9011005021800000,0,45.28,290
9022005003580002,9022005001248002,weekend,95.91,8534,9011005021800000,0,95.91,8534
9022005004067002,9022005003580002,weekend,102.03,8534,9011005021800000,0,102.03,8534
9022005004091002,9022005004067002,weekend,33.21,8534,9011005021800000,0,33.21,8534
9022005000229001,9022005000430001,am_rush,36.18,174,9011005021800000,1,36.18,174
9022005000229001,9022005001307001,am_rush,65.78,3840,9011005021800000,1,65.78,3840
9022005000430001,9022005001307001,am_rush,48.43,174,9011005021800000,1,48.43,174
9022005001248001,9022005003580001,am_rush,132.15,4388,9011005021800000,1,132.15,4388
9022005001249001,9022005001248001,am_rush,166.56,4388,9011005021800000,1,166.56,4388
9022005001307001,9022005000215003,am_rush,82.84,4014,9011005021800000,1,82.84,4014
9022005003580001,9022005004067001,am_rush,99.09,4388,9011005021800000,1,99.09,4388
9022005004067001,9022005004091001,am_rush,37.49,4387,9011005021800000,1,37.49,4387
9022005004091001,9022005000215003,am_rush,203.22,373,9011005021800000,1,203.22,373
9022005004091001,9022005000229001,am_rush,49.47,4014,9011005021800000,1,49.47,4014
9022005000229001,9022005000430001,day,37.75,350,9011005021800000,1,37.75,350
9022005000229001,9022005001307001,day,65.16,7838,9011005021800000,1,65.16,7838
9022005000430001,9022005001307001,day,49.01,350,9011005021800000,1,49.01,350
9022005001248001,9022005003580001,day,135.74,8963,9011005021800000,1,135.74,8963
9022005001249001,9022005001248001,day,163.43,8964,9011005021800000,1,163.43,8964
9022005001307001,9022005000215003,day,82.35,8188,9011005021800000,1,82.35,8188
9022005003580001,9022005004067001,day,101.09,8967,9011005021800000,1,101.09,8967
9022005004067001,9022005004091001,day,38.16,8967,9011005021800000,1,38.16,8967
9022005004091001,9022005000215003,day,202.93,778,9011005021800000,1,202.93,778
9022005004091001,9022005000229001,day,52.61,8188,9011005021800000,1,52.61,8188
9022005000229001,9022005000430001,night,33.29,424,9011005021800000,1,33.29,424
9022005000229001,9022005001307001,night,63.05,9464,9011005021800000,1,63.05,9464
9022005000430001,9022005001307001,night,46.5,424,9011005021800000,1,46.5,424
9022005001248001,9022005003580001,night,119.23,10830,9011005021800000,1,119.23,10830
9022005001249001,9022005001248001,night,149.47,10828,9011005021800000,1,149.47,10828
9022005001307001,9022005000215003,night,80.28,9888,9011005021800000,1,80.28,9888
9022005003580001,9022005004067001,night,89.56,10832,9011005021800000,1,89.56,10832
9022005004067001,9022005004091001,night,32.51,10832,9011005021800000,1,32.51,10832
9022005004091001,9022005000215003,night,200.42,944,9011005021800000,1,200.42,944
9022005004091001,9022005000229001,night,50.53,9888,9011005021800000,1,50.53,9888
9022005000229001,9022005000430001,pm_rush,34.76,149,9011005021800000,1,34.76,149
9022005000229001,9022005001307001,pm_rush,67.99,3206,9011005021800000,1,67.99,3206
9022005000430001,9022005001307001,pm_rush,46.81,149,9011005021800000,1,46.81,149
9022005001248001,9022005003580001,pm_rush,161.01,3688,9011005021800000,1,161.01,3688
9022005001249001,9022005001248001,pm_rush,206.11,3687,9011005021800000,1,206.11,3687
9022005001307001,9022005000215003,pm_rush,83.81,3355,9011005021800000,1,83.81,3355
9022005003580001,9022005004067001,pm_rush,106.86,3688,9011005021800000,1,106.86,3688
9022005004067001,9022005004091001,pm_rush,40.39,3688,9011005021800000,1,40.39,3688
9022005004091001,9022005000215003,pm_rush,209.52,333,9011005021800000,1,209.52,333
9022005004091001,9022005000229001,pm_rush,56.84,3355,9011005021800000,1,56.84,3355
9022005000229001,9022005000430001,weekend,35.25,310,9011005021800000,1,35.25,310
9022005000229001,9022005001307001,weekend,63.64,8024,9011005021800000,1,63.64,8024
9022005000430001,9022005001307001,weekend,47.39,310,9011005021800000,1,47.39,310
9022005001248001,9022005003580001,weekend,118.13,9129,9011005021800000,1,118.13,9129
9022005001249001,9022005001248001,weekend,147.73,9128,9011005021800000,1,147.73,9128
9022005001307001,9022005000215003,weekend,82.39,8333,9011005021800000,1,82.39,8333
9022005003580001,9022005004067001,weekend,91.54,9128,9011005021800000,1,91.54,9128
9022005004067001,9022005004091001,weekend,31.21,9128,9011005021800000,1,31.21,9128
9022005004091001,9022005000215003,weekend,199.44,794,9011005021800000,1,199.44,794
9022005004091001,9022005000229001,weekend,49.72,8334,9011005021800000,1,49.72,8334
9022005001256002,9022005000050020,day,512.24,1635,9011005022000000,0,512.24,1635
9022005001256002,9022005000050020,night,528.5,1169,9011005022000000,0,528.5,1169
9022005001256002,9022005000050020,pm_rush,554.38,3599,9011005022000000,0,554.38,3599
9022005003847002,9022005004232003,am_rush,74.01,7012,9011005022000000,1,73.38,3983
9022005003847002,9022005004232003,am_rush,74.01,7012,9011005022200000,1,74.83,3029
9022005004232003,9022005004139002,am_rush,58.73,7011,9011005022000000,1,57.28,3982
9022005004232003,9022005004139002,am_rush,58.73,7011,9011005022200000,1,60.63,3029
9022005003847002,9022005004232003,day,60.75,4739,9011005022000000,1,63.14,1079
9022005003847002,9022005004232003,day,60.75,4739,9011005022600000,0,60.04,3660
9022005004232003,9022005004139002,day,52.25,4740,9011005022000000,1,53.97,1079
9022005004232003,9022005004139002,day,52.25,4740,9011005022600000,0,51.74,3661
9022005000435002,9022005001424001,day,146.86,620,9011005022100000,0,146.86,620
9022005001418001,9022005000435002,day,143.71,616,9011005022100000,0,143.71,616
9022005001422001,9022005000050018,day,303.3,621,9011005022100000,0,303.3,621
9022005000435002,9022005001424001,night,151.19,1236,9011005022100000,0,151.19,1236
9022005001418001,9022005000435002,night,172.41,1235,9011005022100000,0,172.41,1235
9022005001422001,9022005000050018,night,237.01,1236,9011005022100000,0,237.01,1236
9022005000435002,9022005001424001,pm_rush,156.22,3528,9011005022100000,0,156.22,3528
9022005001418001,9022005000435002,pm_rush,172.86,3518,9011005022100000,0,172.86,3518
9022005001422001,9022005000050018,pm_rush,230.56,3544,9011005022100000,0,230.56,3544
9022005000435001,9022005001418002,am_rush,136.77,5270,9011005022100000,1,136.77,5270
9022005001424002,9022005000435001,am_rush,163.13,5262,9011005022100000,1,163.13,5262
9022005000412001,9022005001300002,night,436.8,15,9011005022200000,0,436.8,15
9022005000416001,9022005000226002,night,118.24,617,9011005022200000,0,118.24,617
9022005001300002,9022005001231001,night,30.6,15,9011005022200000,0,30.6,15
9022005003847001,9022005080182002,night,119.22,1226,9011005022200000,0,129.02,616
9022005003847001,9022005080182002,night,119.22,1226,9011005022600000,1,109.33,610
9022005004236002,9022005004253002,night,93.09,616,9011005022200000,0,93.09,616
9022005004253002,9022005000412001,night,107.88,616,9011005022200000,0,107.88,616
9022005000412001,9022005001300002,pm_rush,438.91,45,9011005022200000,0,438.91,45
9022005000416001,9022005000226002,pm_rush,129.54,1856,9011005022200000,0,129.54,1856
9022005001300002,9022005001231001,pm_rush,46.78,45,9011005022200000,0,46.78,45
9022005003847001,9022005080182002,pm_rush,122.12,3065,9011005022200000,0,128.79,1853
9022005003847001,9022005080182002,pm_rush,122.12,3065,9011005022600000,1,111.92,1212
9022005004236002,9022005004253002,pm_rush,97.19,1853,9011005022200000,0,97.19,1853
9022005004253002,9022005000412001,pm_rush,112.28,1853,9011005022200000,0,112.28,1853
9022005000412002,9022005004253001,am_rush,111.95,3008,9011005022200000,1,111.95,3008
9022005000416002,9022005001598002,am_rush,70.26,3006,9011005022200000,1,70.26,3006
9022005001231002,9022005001430002,am_rush,162.09,3007,9011005022200000,1,162.09,3007
9022005004253001,9022005004236001,am_rush,90.27,3008,9011005022200000,1,90.27,3008
9022005080182001,9022005003847002,am_rush,119.75,3029,9011005022200000,1,119.75,3029
9022005000048001,9022005001237001,day,99.08,3680,9011005022600000,0,99.08,3680
9022005000213001,9022005080182001,day,261.45,3657,9011005022600000,0,261.45,3657
9022005000228001,9022005003839002,day,73.56,7252,9011005022600000,0,72.81,3662
9022005000228001,9022005003839002,day,73.56,7252,9011005022600000,1,74.32,3590
9022005000329002,9022005003861001,day,187.85,810,9011005022600000,0,187.85,810
9022005000444001,9022005000050005,day,248.34,161,9011005022600000,0,248.34,161
9022005000444001,9022005000050020,day,178.98,661,9011005022600000,0,178.98,661
9022005001237001,9022005000429002,day,137.41,3690,9011005022600000,0,137.41,3690
9022005001315001,9022005001236003,day,330.45,3664,9011005022600000,0,330.45,3664
9022005001411002,9022005000429002,day,147.64,11,9011005022600000,0,147.64,11
9022005003839001,9022005000228001,day,68.01,7252,9011005022600000,0,60.04,3662
9022005003839001,9022005000228001,day,68.01,7252,9011005022600000,1,76.13,3590
9022005003839002,9022005003840002,day,46.6,7253,9011005022600000,0,46.46,3662
9022005003839002,9022005003840002,day,46.6,7253,9011005022600000,1,46.75,3591
9022005003840001,9022005003839001,day,49.51,7252,9011005022600000,0,48.05,3662
9022005003840001,9022005003839001,day,49.51,7252,9011005022600000,1,50.99,3590
9022005003840002,9022005001343001,day,130.94,3663,9011005022600000,0,130.94,3663
9022005003858001,9022005003974001,day,51.41,822,9011005022600000,0,51.41,822
9022005003859001,9022005003858001,day,28.23,822,9011005022600000,0,28.23,822
9022005003860001,9022005003859001,day,52.51,822,9011005022600000,0,52.51,822
9022005003861001,9022005003860001,day,42.68,813,9011005022600000,0,42.68,813
9022005004139002,9022005003840001,day,84.89,3662,9011005022600000,0,84.89,3662
9022005004171002,9022005004189001,day,97.48,2498,9011005022600000,0,97.48,2498
9022005080182001,9022005003847002,day,109.15,3657,9011005022600000,0,109.15,3657
9022005000048001,9022005001237001,night,93.68,596,9011005022600000,0,93.68,596
9022005000213001,9022005080182001,night,304.92,593,9011005022600000,0,304.92,593
9022005000228001,9022005003839002,night,73.35,1203,9011005022600000,0,71.9,594
9022005000228001,9022005003839002,night,73.35,1203,9011005022600000,1,74.76,609
9022005000329002,9022005003861001,night,178.64,192,9011005022600000,0,178.64,192
9022005000444001,9022005000050005,night,250.21,39,9011005022600000,0,250.21,39
9022005000444001,9022005000050020,night,170.2,158,9011005022600000,0,170.2,158
9022005001237001,9022005000429002,night,135.2,597,9011005022600000,0,135.2,597
9022005001315001,9022005001236003,night,339.34,594,9011005022600000,0,339.34,594
9022005003839001,9022005000228001,night,66.3,1203,9011005022600000,0,54.96,594
9022005003839001,9022005000228001,night,66.3,1203,9011005022600000,1,77.36,609
9022005003839002,9022005003840002,night,46.09,1203,9011005022600000,0,46.22,594
9022005003839002,9022005003840002,night,46.09,1203,9011005022600000,1,45.97,609
9022005003840001,9022005003839001,night,49.24,1203,9011005022600000,0,49.02,594
9022005003840001,9022005003839001,night,49.24,1203,9011005022600000,1,49.46,609
9022005003840002,9022005001343001,night,132.61,594,9011005022600000,0,132.61,594
9022005003847002,9022005004232003,night,75.93,593,9011005022600000,0,75.93,593
9022005003858001,9022005003974001,night,50.65,196,9011005022600000,0,50.65,196
9022005003859001,9022005003858001,night,24.77,196,9011005022600000,0,24.77,196
9022005003860001,9022005003859001,night,44.01,196,9011005022600000,0,44.01,196
9022005003861001,9022005003860001,night,33.42,193,9011005022600000,0,33.42,193
9022005004139002,9022005003840001,night,86.48,594,9011005022600000,0,86.48,594
9022005004171002,9022005004189001,night,98.48,405,9011005022600000,0,98.48,405
9022005004232003,9022005004139002,night,63.73,594,9011005022600000,0,63.73,594
9022005080182001,9022005003847002,night,116.78,593,9011005022600000,0,116.78,593
9022005000048001,9022005001237001,pm_rush,97.69,1208,9011005022600000,0,97.69,1208
9022005000213001,9022005080182001,pm_rush,297.25,1202,9011005022600000,0,297.25,1202
9022005000228001,9022005003839002,pm_rush,70.76,2414,9011005022600000,0,69.5,1203
9022005000228001,9022005003839002,pm_rush,70.76,2414,9011005022600000,1,72.01,1211
9022005000329002,9022005003861001,pm_rush,201.19,392,9011005022600000,0,201.19,392
9022005000444001,9022005000050005,pm_rush,245.67,79,9011005022600000,0,245.67,79
9022005000444001,9022005000050020,pm_rush,205.98,322,9011005022600000,0,205.98,322
9022005001237001,9022005000429002,pm_rush,144.95,1209,9011005022600000,0,144.95,1209
9022005001315001,9022005001236003,pm_rush,374.33,1204,9011005022600000,0,374.33,1204
9022005003839001,9022005000228001,pm_rush,60.95,2414,9011005022600000,0,56.63,1203
9022005003839001,9022005000228001,pm_rush,60.95,2414,9011005022600000,1,65.24,1211
9022005003839002,9022005003840002,pm_rush,47.47,2414,9011005022600000,0,45.98,1203
9022005003839002,9022005003840002,pm_rush,47.47,2414,9011005022600000,1,48.96,1211
9022005003840001,9022005003839001,pm_rush,55.75,2414,9011005022600000,0,54.49,1203
9022005003840001,9022005003839001,pm_rush,55.75,2414,9011005022600000,1,57.01,1211
9022005003840002,9022005001343001,pm_rush,136.67,1204,9011005022600000,0,136.67,1204
9022005003847002,9022005004232003,pm_rush,71.75,1203,9011005022600000,0,71.75,1203
9022005003858001,9022005003974001,pm_rush,58.9,400,9011005022600000,0,58.9,400
9022005003859001,9022005003858001,pm_rush,34.56,400,9011005022600000,0,34.56,400
9022005003860001,9022005003859001,pm_rush,56.11,396,9011005022600000,0,56.11,396
9022005003861001,9022005003860001,pm_rush,47.94,392,9011005022600000,0,47.94,392
9022005004139002,9022005003840001,pm_rush,91.63,1203,9011005022600000,0,91.63,1203
9022005004171002,9022005004189001,pm_rush,99.46,818,9011005022600000,0,99.46,818
9022005004232003,9022005004139002,pm_rush,62.41,1203,9011005022600000,0,62.41,1203
9022005080182001,9022005003847002,pm_rush,117.57,1202,9011005022600000,0,117.57,1202
9022005000048001,9022005001237001,weekend,100.13,1498,9011005022600000,0,100.13,1498
9022005000213001,9022005080182001,weekend,250.81,1494,9011005022600000,0,250.81,1494
9022005000228001,9022005003839002,weekend,73.21,3198,9011005022600000,0,72.2,1494
9022005000228001,9022005003839002,weekend,73.21,3198,9011005022600000,1,74.1,1704
9022005000329002,9022005003861001,weekend,175.92,480,9011005022600000,0,175.92,480
9022005000444001,9022005000050005,weekend,240.98,96,9011005022600000,0,240.98,96
9022005000444001,9022005000050020,weekend,172.78,395,9011005022600000,0,172.78,395
9022005001237001,9022005000429002,weekend,152.21,1501,9011005022600000,0,152.21,1501
9022005001315001,9022005001236003,weekend,327.2,1495,9011005022600000,0,327.2,1495
9022005003839001,9022005000228001,weekend,72.61,3198,9011005022600000,0,66.28,1494
9022005003839001,9022005000228001,weekend,72.61,3198,9011005022600000,1,78.16,1704
9022005003839002,9022005003840002,weekend,45.24,3198,9011005022600000,0,44.78,1494
9022005003839002,9022005003840002,weekend,45.24,3198,9011005022600000,1,45.64,1704
9022005003840001,9022005003839001,weekend,46.85,3198,9011005022600000,0,45.88,1494
9022005003840001,9022005003839001,weekend,46.85,3198,9011005022600000,1,47.7,1704
9022005003840002,9022005001343001,weekend,130.83,1495,9011005022600000,0,130.83,1495
9022005003847002,9022005004232003,weekend,53.15,1494,9011005022600000,0,53.15,1494
9022005003858001,9022005003974001,weekend,47.15,491,9011005022600000,0,47.15,491
9022005003859001,9022005003858001,weekend,25.0,491,9011005022600000,0,25.0,491
9022005003860001,9022005003859001,weekend,44.31,491,9011005022600000,0,44.31,491
9022005003861001,9022005003860001,weekend,32.87,486,9011005022600000,0,32.87,486
9022005004139002,9022005003840001,weekend,82.53,1494,9011005022600000,0,82.53,1494
9022005004171002,9022005004189001,weekend,98.74,1021,9011005022600000,0,98.74,1021
9022005004232003,9022005004139002,weekend,47.24,1494,9011005022600000,0,47.24,1494
9022005080182001,9022005003847002,weekend,93.13,1494,9011005022600000,0,93.13,1494
9022005000048001,9022005001411001,am_rush,134.48,585,9011005022600000,1,134.48,585
9022005000228001,9022005003839002,am_rush,80.62,586,9011005022600000,1,80.62,586
9022005000429001,9022005001237002,am_rush,100.85,955,9011005022600000,1,100.85,955
9022005000444002,9022005003858002,am_rush,124.62,501,9011005022600000,1,124.62,501
9022005000444002,9022005003861001,am_rush,175.6,5,9011005022600000,1,175.6,5
9022005001236001,9022005001315002,am_rush,258.19,585,9011005022600000,1,258.19,585
9022005001237002,9022005000048001,am_rush,162.19,955,9011005022600000,1,162.19,955
9022005001343002,9022005003840001,am_rush,113.36,585,9011005022600000,1,113.36,585
9022005003839001,9022005000228001,am_rush,79.64,585,9011005022600000,1,79.64,585
9022005003839002,9022005003840002,am_rush,48.98,586,9011005022600000,1,48.98,586
9022005003840001,9022005003839001,am_rush,50.09,585,9011005022600000,1,50.09,585
9022005003840002,9022005004139001,am_rush,103.67,586,9011005022600000,1,103.67,586
9022005003847001,9022005080182002,am_rush,109.9,586,9011005022600000,1,109.9,586
9022005003858001,9022005000329001,am_rush,154.0,28,9011005022600000,1,154.0,28
9022005003858002,9022005003859002,am_rush,45.22,501,9011005022600000,1,45.22,501
9022005003859001,9022005003858001,am_rush,28.82,22,9011005022600000,1,28.82,22
9022005003859002,9022005003860002,am_rush,54.89,501,9011005022600000,1,54.89,501
9022005003860001,9022005003859001,am_rush,58.4,10,9011005022600000,1,58.4,10
9022005003860002,9022005003861002,am_rush,40.58,501,9011005022600000,1,40.58,501
9022005003861001,9022005003860001,am_rush,32.2,5,9011005022600000,1,32.2,5
9022005003861002,9022005000329001,am_rush,166.76,504,9011005022600000,1,166.76,504
9022005004139001,9022005004232001,am_rush,75.88,586,9011005022600000,1,75.88,586
9022005080182002,9022005000213002,am_rush,232.22,587,9011005022600000,1,232.22,587
9022005000048001,9022005001411001,day,123.38,3585,9011005022600000,1,123.38,3585
9022005000429001,9022005001237002,day,109.73,3583,9011005022600000,1,109.73,3583
9022005000444002,9022005003858002,day,120.87,700,9011005022600000,1,120.87,700
9022005001236001,9022005001315002,day,251.72,3585,9011005022600000,1,251.72,3585
9022005001237002,9022005000048001,day,176.84,3583,9011005022600000,1,176.84,3583
9022005001343002,9022005003840001,day,114.26,3590,9011005022600000,1,114.26,3590
9022005003840002,9022005004139001,day,93.13,3591,9011005022600000,1,93.13,3591
9022005003847001,9022005080182002,day,110.87,3597,9011005022600000,1,110.87,3597
9022005003858002,9022005003859002,day,35.16,700,9011005022600000,1,35.16,700
9022005003859002,9022005003860002,day,50.67,700,9011005022600000,1,50.67,700
9022005003860002,9022005003861002,day,34.3,700,9011005022600000,1,34.3,700
9022005003861002,9022005000329001,day,186.54,700,9011005022600000,1,186.54,700
9022005004139001,9022005004232001,day,65.78,3591,9011005022600000,1,65.78,3591
9022005080182002,9022005000213002,day,238.91,3617,9011005022600000,1,238.91,3617
9022005000048001,9022005001411001,night,120.5,609,9011005022600000,1,120.5,609
9022005000429001,9022005001237002,night,122.43,609,9011005022600000,1,122.43,609
9022005000444002,9022005003858002,night,117.88,176,9011005022600000,1,117.88,176
9022005001236001,9022005001315002,night,257.63,609,9011005022600000,1,257.63,609
9022005001237002,9022005000048001,night,167.82,609,9011005022600000,1,167.82,609
9022005001343002,9022005003840001,night,112.25,609,9011005022600000,1,112.25,609
9022005003840002,9022005004139001,night,91.22,609,9011005022600000,1,91.22,609
9022005003858002,9022005003859002,night,33.44,176,9011005022600000,1,33.44,176
9022005003859002,9022005003860002,night,44.72,176,9011005022600000,1,44.72,176
9022005003860002,9022005003861002,night,31.07,176,9011005022600000,1,31.07,176
9022005003861002,9022005000329001,night,188.04,176,9011005022600000,1,188.04,176
9022005004139001,9022005004232001,night,61.6,609,9011005022600000,1,61.6,609
9022005080182002,9022005000213002,night,242.77,611,9011005022600000,1,242.77,611
9022005000048001,9022005001411001,pm_rush,118.87,1211,9011005022600000,1,118.87,1211
9022005000429001,9022005001237002,pm_rush,128.11,1209,9011005022600000,1,128.11,1209
9022005000444002,9022005003858002,pm_rush,129.77,354,9011005022600000,1,129.77,354
9022005001236001,9022005001315002,pm_rush,265.49,1211,9011005022600000,1,265.49,1211
9022005001237002,9022005000048001,pm_rush,162.04,1210,9011005022600000,1,162.04,1210
9022005001343002,9022005003840001,pm_rush,125.1,1211,9011005022600000,1,125.1,1211
9022005003840002,9022005004139001,pm_rush,98.4,1211,9011005022600000,1,98.4,1211
9022005003858002,9022005003859002,pm_rush,34.7,354,9011005022600000,1,34.7,354
9022005003859002,9022005003860002,pm_rush,47.33,354,9011005022600000,1,47.33,354
9022005003860002,9022005003861002,pm_rush,34.05,354,9011005022600000,1,34.05,354
9022005003861002,9022005000329001,pm_rush,200.66,354,9011005022600000,1,200.66,354
9022005004139001,9022005004232001,pm_rush,67.24,1211,9011005022600000,1,67.24,1211
9022005080182002,9022005000213002,pm_rush,282.9,1213,9011005022600000,1,282.9,1213
9022005000048001,9022005001411001,weekend,120.94,1703,9011005022600000,1,120.94,1703
9022005000429001,9022005001237002,weekend,115.44,1703,9011005022600000,1,115.44,1703
9022005000444002,9022005003858002,weekend,108.32,488,9011005022600000,1,108.32,488
9022005001236001,9022005001315002,weekend,251.45,1703,9011005022600000,1,251.45,1703
9022005001237002,9022005000048001,weekend,175.62,1703,9011005022600000,1,175.62,1703
9022005001343002,9022005003840001,weekend,110.71,1703,9011005022600000,1,110.71,1703
9022005003840002,9022005004139001,weekend,87.08,1704,9011005022600000,1,87.08,1704
9022005003847001,9022005080182002,weekend,110.6,1707,9011005022600000,1,110.6,1707
9022005003858002,9022005003859002,weekend,31.72,488,9011005022600000,1,31.72,488
9022005003859002,9022005003860002,weekend,44.2,488,9011005022600000,1,44.2,488
9022005003860002,9022005003861002,weekend,30.33,488,9011005022600000,1,30.33,488
9022005003861002,9022005000329001,weekend,182.93,488,9011005022600000,1,182.93,488
9022005004139001,9022005004232001,weekend,56.12,1704,9011005022600000,1,56.12,1704
9022005080182002,9022005000213002,weekend,236.37,1720,9011005022600000,1,236.37,1720
