from_stop_id,from_stop_name,to_stop_id,to_stop_name,time_type,aggregated_mean,aggregated_sample_size,route_id,direction_id,route_mean,route_sample_size
9022005000042002,Tinnerbäcksbadet,9022005000046004,Trädgårdstorget,am_rush,117.11,37682,9011005020100000,0,117.55,10271
9022005000042002,Tinnerbäcksbadet,9022005000046004,Trädgårdstorget,am_rush,117.11,37682,9011005020200000,0,115.46,8969
9022005000042002,Tinnerbäcksbadet,9022005000046004,Trädgårdstorget,am_rush,117.11,37682,9011005020400000,0,115.76,8972
9022005000042002,Tinnerbäcksbadet,9022005000046004,Trädgårdstorget,am_rush,117.11,37682,9011005020500000,0,119.48,9470
9022005000043002,Berga Söderleden,9022005001227002,Majelden,am_rush,101.27,20979,9011005020100000,0,101.57,10265
9022005000043002,Berga Söderleden,9022005001227002,Majelden,am_rush,101.27,20979,9011005021400000,0,101.67,5271
9022005000043002,Berga Söderleden,9022005001227002,Majelden,am_rush,101.27,20979,9011005021500000,0,100.3,5443
9022005000045002,Resedan,9022005001231002,Ridhusgatan,am_rush,58.6,23984,9011005020100000,0,58.66,10265
9022005000045002,Resedan,9022005001231002,Ridhusgatan,am_rush,58.6,23984,9011005021400000,0,59.84,5270
9022005000045002,Resedan,9022005001231002,Ridhusgatan,am_rush,58.6,23984,9011005021500000,0,56.42,5442
9022005000045002,Resedan,9022005001231002,Ridhusgatan,am_rush,58.6,23984,9011005022200000,1,60.13,3007
9022005000046004,Trädgårdstorget,9022005000050003,Linköpings resecentrum,am_rush,418.85,197,9011005020100000,0,418.85,197
9022005000046004,Trädgårdstorget,9022005001243002,Kungsgatan,am_rush,84.77,38196,9011005020100000,0,84.06,10075
9022005000046004,Trädgårdstorget,9022005001243002,Kungsgatan,am_rush,84.77,38196,9011005020200000,0,84.45,8807
9022005000046004,Trädgårdstorget,9022005001243002,Kungsgatan,am_rush,84.77,38196,9011005020300000,0,82.13,1079
9022005000046004,Trädgårdstorget,9022005001243002,Kungsgatan,am_rush,84.77,38196,9011005020400000,0,84.62,8810
9022005000046004,Trädgårdstorget,9022005001243002,Kungsgatan,am_rush,84.77,38196,9011005020500000,0,86.51,9275
9022005000046004,Trädgårdstorget,9022005001243002,Kungsgatan,am_rush,84.77,38196,9011005020600000,0,72.18,150
9022005000050003,Linköpings resecentrum,9022005001223002,Klostergatan,am_rush,162.69,9922,9011005020100000,0,162.69,9922
9022005000050003,Linköpings resecentrum,9022005003849002,Abisko centrum,am_rush,257.58,346,9011005020100000,0,257.58,346
9022005000417003,Konsert & Kongress,9022005001219002,Abisko,am_rush,68.38,9939,9011005020100000,0,68.38,9939
9022005001219002,Abisko,9022005001234002,Åbylund,am_rush,100.12,9960,9011005020100000,0,100.12,9960
9022005001221002,Folkungavallen,9022005000042002,Tinnerbäcksbadet,am_rush,110.02,45314,9011005020100000,0,108.79,10270
9022005001221002,Folkungavallen,9022005000042002,Tinnerbäcksbadet,am_rush,110.02,45314,9011005020500000,0,109.61,9468
9022005001221002,Folkungavallen,9022005000042002,Tinnerbäcksbadet,am_rush,110.02,45314,9011005021000000,1,113.04,7628
9022005001221002,Folkungavallen,9022005000042002,Tinnerbäcksbadet,am_rush,110.02,45314,9011005021300000,0,110.42,7227
9022005001221002,Folkungavallen,9022005000042002,Tinnerbäcksbadet,am_rush,110.02,45314,9011005021400000,0,111.1,5272
9022005001221002,Folkungavallen,9022005000042002,Tinnerbäcksbadet,am_rush,110.02,45314,9011005021500000,0,107.23,5449
9022005001223002,Klostergatan,9022005000417003,Konsert & Kongress,am_rush,82.67,9924,9011005020100000,0,82.67,9924
9022005001227002,Majelden,9022005001221002,Folkungavallen,am_rush,105.14,20983,9011005020100000,0,105.67,10268
9022005001227002,Majelden,9022005001221002,Folkungavallen,am_rush,105.14,20983,9011005021400000,0,105.7,5271
9022005001227002,Majelden,9022005001221002,Folkungavallen,am_rush,105.14,20983,9011005021500000,0,103.59,5444
9022005001229002,Strågatan,9022005001230002,Middagsgatan,am_rush,49.03,15092,9011005020100000,0,57.17,10259
9022005001229002,Strågatan,9022005001230002,Middagsgatan,am_rush,49.03,15092,9011005021700000,1,31.76,4833
9022005001230002,Middagsgatan,9022005001233002,Grindgatan,am_rush,86.73,10259,9011005020100000,0,86.73,10259
9022005001231002,Ridhusgatan,9022005000043002,Berga Söderleden,am_rush,119.31,20977,9011005020100000,0,124.3,10265
9022005001231002,Ridhusgatan,9022005000043002,Berga Söderleden,am_rush,119.31,20977,9011005021400000,0,117.49,5270
9022005001231002,Ridhusgatan,9022005000043002,Berga Söderleden,am_rush,119.31,20977,9011005021500000,0,111.65,5442
9022005001232002,Myntgatan,9022005000045002,Resedan,am_rush,57.95,18713,9011005020100000,0,58.34,10264
9022005001232002,Myntgatan,9022005000045002,Resedan,am_rush,57.95,18713,9011005021500000,0,57.22,5442
9022005001232002,Myntgatan,9022005000045002,Resedan,am_rush,57.95,18713,9011005022200000,1,57.92,3007
9022005001233002,Grindgatan,9022005001232002,Myntgatan,am_rush,48.25,18711,9011005020100000,0,50.14,10262
9022005001233002,Grindgatan,9022005001232002,Myntgatan,am_rush,48.25,18711,9011005021500000,0,46.45,5442
9022005001233002,Grindgatan,9022005001232002,Myntgatan,am_rush,48.25,18711,9011005022200000,1,45.07,3007
9022005001234002,Åbylund,9022005001235002,Blomgatan,am_rush,40.83,10317,9011005020100000,0,40.83,10317
9022005001235002,Blomgatan,9022005001236003,Rusthållaregården,am_rush,126.47,10317,9011005020100000,0,126.47,10317
9022005001236003,Rusthållaregården,9022005001411002,Mellangården,am_rush,47.06,20035,9011005020100000,0,47.57,10317
9022005001236003,Rusthållaregården,9022005001411002,Mellangården,am_rush,47.06,20035,9011005020500000,0,46.51,9718
9022005001243002,Kungsgatan,9022005000050003,Linköpings resecentrum,am_rush,254.84,10073,9011005020100000,0,254.84,10073
9022005001411002,Mellangården,9022005000048001,Skäggetorp centrum,am_rush,145.29,20000,9011005020100000,0,151.18,10300
9022005001411002,Mellangården,9022005000048001,Skäggetorp centrum,am_rush,145.29,20000,9011005020500000,0,139.03,9700
9022005003849002,Abisko centrum,9022005001234002,Åbylund,am_rush,86.14,347,9011005020100000,0,86.14,347
9022005000042002,Tinnerbäcksbadet,9022005000046004,Trädgårdstorget,day,132.67,65430,9011005020100000,0,135.04,19618
9022005000042002,Tinnerbäcksbadet,9022005000046004,Trädgårdstorget,day,132.67,65430,9011005020200000,0,127.32,14122
9022005000042002,Tinnerbäcksbadet,9022005000046004,Trädgårdstorget,day,132.67,65430,9011005020400000,0,129.28,14380
9022005000042002,Tinnerbäcksbadet,9022005000046004,Trädgårdstorget,day,132.67,65430,9011005020500000,0,137.17,17310
9022005000043002,Berga Söderleden,9022005001227002,Majelden,day,99.63,35381,9011005020100000,0,99.88,19602
9022005000043002,Berga Söderleden,9022005001227002,Majelden,day,99.63,35381,9011005021400000,0,100.48,8020
9022005000043002,Berga Söderleden,9022005001227002,Majelden,day,99.63,35381,9011005021500000,0,98.11,7759
9022005000045002,Resedan,9022005001231002,Ridhusgatan,day,51.98,35376,9011005020100000,0,52.52,19601
9022005000045002,Resedan,9022005001231002,Ridhusgatan,day,51.98,35376,9011005021400000,0,52.2,8021
9022005000045002,Resedan,9022005001231002,Ridhusgatan,day,51.98,35376,9011005021500000,0,50.41,7754
9022005000046004,Trädgårdstorget,9022005000050003,Linköpings resecentrum,day,390.5,396,9011005020100000,0,390.5,396
9022005000046004,Trädgårdstorget,9022005001243002,Kungsgatan,day,91.76,66285,9011005020100000,0,92.43,19227
9022005000046004,Trädgårdstorget,9022005001243002,Kungsgatan,day,91.76,66285,9011005020200000,0,90.15,13859
9022005000046004,Trädgårdstorget,9022005001243002,Kungsgatan,day,91.76,66285,9011005020300000,0,86.27,1953
9022005000046004,Trädgårdstorget,9022005001243002,Kungsgatan,day,91.76,66285,9011005020400000,0,91.03,14120
9022005000046004,Trädgårdstorget,9022005001243002,Kungsgatan,day,91.76,66285,9011005020500000,0,93.78,16916
9022005000046004,Trädgårdstorget,9022005001243002,Kungsgatan,day,91.76,66285,9011005020600000,0,75.01,210
9022005000050003,Linköpings resecentrum,9022005001223002,Klostergatan,day,159.81,18971,9011005020100000,0,159.81,18971
9022005000050003,Linköpings resecentrum,9022005003849002,Abisko centrum,day,262.69,657,9011005020100000,0,262.69,657
9022005000417003,Konsert & Kongress,9022005001219002,Abisko,day,75.1,19035,9011005020100000,0,75.1,19035
9022005001219002,Abisko,9022005001234002,Åbylund,day,106.63,19069,9011005020100000,0,106.63,19069
9022005001221002,Folkungavallen,9022005000042002,Tinnerbäcksbadet,day,103.95,72053,9011005020100000,0,105.48,19614
9022005001221002,Folkungavallen,9022005000042002,Tinnerbäcksbadet,day,103.95,72053,9011005020500000,0,106.98,17305
9022005001221002,Folkungavallen,9022005000042002,Tinnerbäcksbadet,day,103.95,72053,9011005021000000,1,98.77,8303
9022005001221002,Folkungavallen,9022005000042002,Tinnerbäcksbadet,day,103.95,72053,9011005021300000,0,104.03,11037
9022005001221002,Folkungavallen,9022005000042002,Tinnerbäcksbadet,day,103.95,72053,9011005021400000,0,103.51,8026
9022005001221002,Folkungavallen,9022005000042002,Tinnerbäcksbadet,day,103.95,72053,9011005021500000,0,99.19,7768
9022005001223002,Klostergatan,9022005000417003,Konsert & Kongress,day,89.98,18981,9011005020100000,0,89.98,18981
9022005001227002,Majelden,9022005001221002,Folkungavallen,day,106.17,35391,9011005020100000,0,106.38,19606
9022005001227002,Majelden,9022005001221002,Folkungavallen,day,106.17,35391,9011005021400000,0,106.32,8023
9022005001227002,Majelden,9022005001221002,Folkungavallen,day,106.17,35391,9011005021500000,0,105.49,7762
9022005001229002,Strågatan,9022005001230002,Middagsgatan,day,45.5,27810,9011005020100000,0,49.53,19596
9022005001229002,Strågatan,9022005001230002,Middagsgatan,day,45.5,27810,9011005021700000,1,35.89,8214
9022005001230002,Middagsgatan,9022005001233002,Grindgatan,day,79.48,19597,9011005020100000,0,79.48,19597
9022005001231002,Ridhusgatan,9022005000043002,Berga Söderleden,day,113.06,35378,9011005020100000,0,116.65,19602
9022005001231002,Ridhusgatan,9022005000043002,Berga Söderleden,day,113.06,35378,9011005021400000,0,110.02,8021
9022005001231002,Ridhusgatan,9022005000043002,Berga Söderleden,day,113.06,35378,9011005021500000,0,107.11,7755
9022005001232002,Myntgatan,9022005000045002,Resedan,day,54.25,27353,9011005020100000,0,55.18,19600
9022005001232002,Myntgatan,9022005000045002,Resedan,day,54.25,27353,9011005021500000,0,51.91,7753
9022005001233002,Grindgatan,9022005001232002,Myntgatan,day,45.99,27350,9011005020100000,0,47.6,19598
9022005001233002,Grindgatan,9022005001232002,Myntgatan,day,45.99,27350,9011005021500000,0,41.91,7752
9022005001234002,Åbylund,9022005001235002,Blomgatan,day,45.91,19756,9011005020100000,0,45.91,19756
9022005001235002,Blomgatan,9022005001236003,Rusthållaregården,day,132.16,19759,9011005020100000,0,132.16,19759
9022005001236003,Rusthållaregården,9022005001411002,Mellangården,day,52.17,41318,9011005020100000,0,56.67,19758
9022005001236003,Rusthållaregården,9022005001411002,Mellangården,day,52.17,41318,9011005020500000,0,48.01,17896
9022005001236003,Rusthållaregården,9022005001411002,Mellangården,day,52.17,41318,9011005022600000,0,48.19,3664
9022005001243002,Kungsgatan,9022005000050003,Linköpings resecentrum,day,265.7,19230,9011005020100000,0,265.7,19230
9022005001411002,Mellangården,9022005000048001,Skäggetorp centrum,day,147.53,41229,9011005020100000,0,145.59,19707
9022005001411002,Mellangården,9022005000048001,Skäggetorp centrum,day,147.53,41229,9011005020500000,0,139.75,17849
9022005001411002,Mellangården,9022005000048001,Skäggetorp centrum,day,147.53,41229,9011005022600000,0,195.71,3673
9022005003849002,Abisko centrum,9022005001234002,Åbylund,day,104.35,658,9011005020100000,0,104.35,658
9022005000042002,Tinnerbäcksbadet,9022005000046004,Trädgårdstorget,night,109.82,64558,9011005020100000,0,114.99,17420
9022005000042002,Tinnerbäcksbadet,9022005000046004,Trädgårdstorget,night,109.82,64558,9011005020200000,0,103.37,15333
9022005000042002,Tinnerbäcksbadet,9022005000046004,Trädgårdstorget,night,109.82,64558,9011005020400000,0,104.61,15959
9022005000042002,Tinnerbäcksbadet,9022005000046004,Trädgårdstorget,night,109.82,64558,9011005020500000,0,115.62,15846
9022005000043002,Berga Söderleden,9022005001227002,Majelden,night,90.84,40016,9011005020100000,0,91.74,17313
9022005000043002,Berga Söderleden,9022005001227002,Majelden,night,90.84,40016,9011005021400000,0,92.1,11409
9022005000043002,Berga Söderleden,9022005001227002,Majelden,night,90.84,40016,9011005021500000,0,88.18,11294
9022005000045002,Resedan,9022005001231002,Ridhusgatan,night,49.16,40008,9011005020100000,0,49.57,17310
9022005000045002,Resedan,9022005001231002,Ridhusgatan,night,49.16,40008,9011005021400000,0,49.13,11409
9022005000045002,Resedan,9022005001231002,Ridhusgatan,night,49.16,40008,9011005021500000,0,48.57,11289
9022005000046004,Trädgårdstorget,9022005000050003,Linköpings resecentrum,night,390.44,320,9011005020100000,0,390.44,320
9022005000046004,Trädgårdstorget,9022005001243002,Kungsgatan,night,76.83,65703,9011005020100000,0,78.24,17104
9022005000046004,Trädgårdstorget,9022005001243002,Kungsgatan,night,76.83,65703,9011005020200000,0,75.2,15058
9022005000046004,Trädgårdstorget,9022005001243002,Kungsgatan,night,76.83,65703,9011005020300000,0,73.57,2101
9022005000046004,Trädgårdstorget,9022005001243002,Kungsgatan,night,76.83,65703,9011005020400000,0,75.71,15672
9022005000046004,Trädgårdstorget,9022005001243002,Kungsgatan,night,76.83,65703,9011005020500000,0,78.65,15518
9022005000046004,Trädgårdstorget,9022005001243002,Kungsgatan,night,76.83,65703,9011005020600000,0,64.02,250
9022005000050003,Linköpings resecentrum,9022005001223002,Klostergatan,night,146.3,16675,9011005020100000,0,146.3,16675
9022005000050003,Linköpings resecentrum,9022005003849002,Abisko centrum,night,237.77,754,9011005020100000,0,237.77,754
9022005000417003,Konsert & Kongress,9022005001219002,Abisko,night,66.05,16714,9011005020100000,0,66.05,16714
9022005000417003,Konsert & Kongress,9022005001235002,Blomgatan,night,49.79,14,9011005020100000,0,49.79,14
9022005001219002,Abisko,9022005001234002,Åbylund,night,98.1,16732,9011005020100000,0,98.1,16732
9022005001221002,Folkungavallen,9022005000042002,Tinnerbäcksbadet,night,87.27,78486,9011005020100000,0,88.98,17335
9022005001221002,Folkungavallen,9022005000042002,Tinnerbäcksbadet,night,87.27,78486,9011005020500000,0,89.53,15842
9022005001221002,Folkungavallen,9022005000042002,Tinnerbäcksbadet,night,87.27,78486,9011005021000000,1,85.17,9287
9022005001221002,Folkungavallen,9022005000042002,Tinnerbäcksbadet,night,87.27,78486,9011005021300000,0,87.31,13314
9022005001221002,Folkungavallen,9022005000042002,Tinnerbäcksbadet,night,87.27,78486,9011005021400000,0,86.26,11411
9022005001221002,Folkungavallen,9022005000042002,Tinnerbäcksbadet,night,87.27,78486,9011005021500000,0,84.18,11297
9022005001223002,Klostergatan,9022005000417003,Konsert & Kongress,night,76.22,16687,9011005020100000,0,76.22,16687
9022005001227002,Majelden,9022005001221002,Folkungavallen,night,100.65,40026,9011005020100000,0,102.56,17321
9022005001227002,Majelden,9022005001221002,Folkungavallen,night,100.65,40026,9011005021400000,0,99.52,11409
9022005001227002,Majelden,9022005001221002,Folkungavallen,night,100.65,40026,9011005021500000,0,98.87,11296
9022005001229002,Strågatan,9022005001230002,Middagsgatan,night,38.44,28026,9011005020100000,0,41.54,17310
9022005001229002,Strågatan,9022005001230002,Middagsgatan,night,38.44,28026,9011005021700000,1,33.44,10716
9022005001230002,Middagsgatan,9022005001233002,Grindgatan,night,74.5,17310,9011005020100000,0,74.5,17310
9022005001231002,Ridhusgatan,9022005000043002,Berga Söderleden,night,99.7,40009,9011005020100000,0,104.59,17310
9022005001231002,Ridhusgatan,9022005000043002,Berga Söderleden,night,99.7,40009,9011005021400000,0,96.5,11408
9022005001231002,Ridhusgatan,9022005000043002,Berga Söderleden,night,99.7,40009,9011005021500000,0,95.45,11291
9022005001232002,Myntgatan,9022005000045002,Resedan,night,49.79,28599,9011005020100000,0,50.34,17310
9022005001232002,Myntgatan,9022005000045002,Resedan,night,49.79,28599,9011005021500000,0,48.94,11289
9022005001233002,Grindgatan,9022005001232002,Myntgatan,night,40.97,28598,9011005020100000,0,42.51,17310
9022005001233002,Grindgatan,9022005001232002,Myntgatan,night,40.97,28598,9011005021500000,0,38.62,11288
9022005001234002,Åbylund,9022005001235002,Blomgatan,night,42.72,17495,9011005020100000,0,42.72,17495
9022005001235002,Blomgatan,9022005001236003,Rusthållaregården,night,120.7,17512,9011005020100000,0,120.7,17512
9022005001236003,Rusthållaregården,9022005001411002,Mellangården,night,52.82,34408,9011005020100000,0,54.88,17512
9022005001236003,Rusthållaregården,9022005001411002,Mellangården,night,52.82,34408,9011005020500000,0,50.52,16302
9022005001236003,Rusthållaregården,9022005001411002,Mellangården,night,52.82,34408,9011005022600000,0,55.38,594
9022005001243002,Kungsgatan,9022005000050003,Linköpings resecentrum,night,270.44,17109,9011005020100000,0,270.44,17109
9022005001411002,Mellangården,9022005000048001,Skäggetorp centrum,night,140.13,34355,9011005020100000,0,143.61,17484
9022005001411002,Mellangården,9022005000048001,Skäggetorp centrum,night,140.13,34355,9011005020500000,0,135.13,16276
9022005001411002,Mellangården,9022005000048001,Skäggetorp centrum,night,140.13,34355,9011005022600000,0,174.63,595
9022005003849002,Abisko centrum,9022005001234002,Åbylund,night,88.8,755,9011005020100000,0,88.8,755
9022005000042002,Tinnerbäcksbadet,9022005000046004,Trädgårdstorget,pm_rush,143.81,25558,9011005020100000,0,147.37,7078
9022005000042002,Tinnerbäcksbadet,9022005000046004,Trädgårdstorget,pm_rush,143.81,25558,9011005020200000,0,138.18,6068
9022005000042002,Tinnerbäcksbadet,9022005000046004,Trädgårdstorget,pm_rush,143.81,25558,9011005020400000,0,139.96,6087
9022005000042002,Tinnerbäcksbadet,9022005000046004,Trädgårdstorget,pm_rush,143.81,25558,9011005020500000,0,148.92,6325
9022005000043002,Berga Söderleden,9022005001227002,Majelden,pm_rush,98.16,14328,9011005020100000,0,96.38,7076
9022005000043002,Berga Söderleden,9022005001227002,Majelden,pm_rush,98.16,14328,9011005021400000,0,101.14,3569
9022005000043002,Berga Söderleden,9022005001227002,Majelden,pm_rush,98.16,14328,9011005021500000,0,98.7,3683
9022005000045002,Resedan,9022005001231002,Ridhusgatan,pm_rush,54.43,14328,9011005020100000,0,54.42,7075
9022005000045002,Resedan,9022005001231002,Ridhusgatan,pm_rush,54.43,14328,9011005021400000,0,55.54,3570
9022005000045002,Resedan,9022005001231002,Ridhusgatan,pm_rush,54.43,14328,9011005021500000,0,53.36,3683
9022005000046004,Trädgårdstorget,9022005000050003,Linköpings resecentrum,pm_rush,355.85,132,9011005020100000,0,355.85,132
9022005000046004,Trädgårdstorget,9022005001243002,Kungsgatan,pm_rush,94.84,25857,9011005020100000,0,94.95,6946
9022005000046004,Trädgårdstorget,9022005001243002,Kungsgatan,pm_rush,94.84,25857,9011005020200000,0,94.14,5958
9022005000046004,Trädgårdstorget,9022005001243002,Kungsgatan,pm_rush,94.84,25857,9011005020300000,0,84.44,683
9022005000046004,Trädgårdstorget,9022005001243002,Kungsgatan,pm_rush,94.84,25857,9011005020400000,0,95.04,5977
9022005000046004,Trädgårdstorget,9022005001243002,Kungsgatan,pm_rush,94.84,25857,9011005020500000,0,96.61,6193
9022005000046004,Trädgårdstorget,9022005001243002,Kungsgatan,pm_rush,94.84,25857,9011005020600000,0,78.84,100
9022005000050003,Linköpings resecentrum,9022005001223002,Klostergatan,pm_rush,182.89,6843,9011005020100000,0,182.89,6843
9022005000050003,Linköpings resecentrum,9022005003849002,Abisko centrum,pm_rush,271.19,234,9011005020100000,0,271.19,234
9022005000417003,Konsert & Kongress,9022005001219002,Abisko,pm_rush,79.29,6847,9011005020100000,0,79.29,6847
9022005001219002,Abisko,9022005001234002,Åbylund,pm_rush,117.78,6860,9011005020100000,0,117.78,6860
9022005001221002,Folkungavallen,9022005000042002,Tinnerbäcksbadet,pm_rush,115.95,30515,9011005020100000,0,119.21,7078
9022005001221002,Folkungavallen,9022005000042002,Tinnerbäcksbadet,pm_rush,115.95,30515,9011005020500000,0,120.05,6325
9022005001221002,Folkungavallen,9022005000042002,Tinnerbäcksbadet,pm_rush,115.95,30515,9011005021000000,1,112.87,4921
9022005001221002,Folkungavallen,9022005000042002,Tinnerbäcksbadet,pm_rush,115.95,30515,9011005021300000,0,113.76,4938
9022005001221002,Folkungavallen,9022005000042002,Tinnerbäcksbadet,pm_rush,115.95,30515,9011005021400000,0,115.18,3569
9022005001221002,Folkungavallen,9022005000042002,Tinnerbäcksbadet,pm_rush,115.95,30515,9011005021500000,0,110.46,3684
9022005001223002,Klostergatan,9022005000417003,Konsert & Kongress,pm_rush,99.38,6845,9011005020100000,0,99.38,6845
9022005001227002,Majelden,9022005001221002,Folkungavallen,pm_rush,117.33,14329,9011005020100000,0,117.45,7077
9022005001227002,Majelden,9022005001221002,Folkungavallen,pm_rush,117.33,14329,9011005021400000,0,118.09,3569
9022005001227002,Majelden,9022005001221002,Folkungavallen,pm_rush,117.33,14329,9011005021500000,0,116.37,3683
9022005001229002,Strågatan,9022005001230002,Middagsgatan,pm_rush,45.73,10165,9011005020100000,0,47.43,7075
9022005001229002,Strågatan,9022005001230002,Middagsgatan,pm_rush,45.73,10165,9011005021700000,1,41.83,3090
9022005001230002,Middagsgatan,9022005001233002,Grindgatan,pm_rush,79.08,7075,9011005020100000,0,79.08,7075
9022005001231002,Ridhusgatan,9022005000043002,Berga Söderleden,pm_rush,118.69,14328,9011005020100000,0,121.4,7075
9022005001231002,Ridhusgatan,9022005000043002,Berga Söderleden,pm_rush,118.69,14328,9011005021400000,0,116.9,3570
9022005001231002,Ridhusgatan,9022005000043002,Berga Söderleden,pm_rush,118.69,14328,9011005021500000,0,115.2,3683
9022005001232002,Myntgatan,9022005000045002,Resedan,pm_rush,57.7,10758,9011005020100000,0,58.51,7075
9022005001232002,Myntgatan,9022005000045002,Resedan,pm_rush,57.7,10758,9011005021500000,0,56.15,3683
9022005001233002,Grindgatan,9022005001232002,Myntgatan,pm_rush,50.3,10757,9011005020100000,0,52.26,7075
9022005001233002,Grindgatan,9022005001232002,Myntgatan,pm_rush,50.3,10757,9011005021500000,0,46.52,3682
9022005001234002,Åbylund,9022005001235002,Blomgatan,pm_rush,51.13,7109,9011005020100000,0,51.13,7109
9022005001235002,Blomgatan,9022005001236003,Rusthållaregården,pm_rush,144.28,7114,9011005020100000,0,144.28,7114
9022005001236003,Rusthållaregården,9022005001411002,Mellangården,pm_rush,59.22,14808,9011005020100000,0,65.06,7114
9022005001236003,Rusthållaregården,9022005001411002,Mellangården,pm_rush,59.22,14808,9011005020500000,0,53.5,6490
9022005001236003,Rusthållaregården,9022005001411002,Mellangården,pm_rush,59.22,14808,9011005022600000,0,55.49,1204
9022005001243002,Kungsgatan,9022005000050003,Linköpings resecentrum,pm_rush,250.2,6946,9011005020100000,0,250.2,6946
9022005001411002,Mellangården,9022005000048001,Skäggetorp centrum,pm_rush,142.74,14783,9011005020100000,0,144.17,7100
9022005001411002,Mellangården,9022005000048001,Skäggetorp centrum,pm_rush,142.74,14783,9011005020500000,0,136.16,6478
9022005001411002,Mellangården,9022005000048001,Skäggetorp centrum,pm_rush,142.74,14783,9011005022600000,0,169.72,1205
9022005003849002,Abisko centrum,9022005001234002,Åbylund,pm_rush,111.1,234,9011005020100000,0,111.1,234
9022005000042002,Tinnerbäcksbadet,9022005000046004,Trädgårdstorget,weekend,110.71,52282,9011005020100000,0,113.63,14531
9022005000042002,Tinnerbäcksbadet,9022005000046004,Trädgårdstorget,weekend,110.71,52282,9011005020200000,0,104.22,12570
9022005000042002,Tinnerbäcksbadet,9022005000046004,Trädgårdstorget,weekend,110.71,52282,9011005020400000,0,106.87,12601
9022005000042002,Tinnerbäcksbadet,9022005000046004,Trädgårdstorget,weekend,110.71,52282,9011005020500000,0,117.66,12580
9022005000043002,Berga Söderleden,9022005001227002,Majelden,weekend,94.53,31526,9011005020100000,0,94.2,14428
9022005000043002,Berga Söderleden,9022005001227002,Majelden,weekend,94.53,31526,9011005021400000,0,96.37,8542
9022005000043002,Berga Söderleden,9022005001227002,Majelden,weekend,94.53,31526,9011005021500000,0,93.24,8556
9022005000045002,Resedan,9022005001231002,Ridhusgatan,weekend,49.96,31522,9011005020100000,0,50.24,14427
9022005000045002,Resedan,9022005001231002,Ridhusgatan,weekend,49.96,31522,9011005021400000,0,50.36,8543
9022005000045002,Resedan,9022005001231002,Ridhusgatan,weekend,49.96,31522,9011005021500000,0,49.08,8552
9022005000046004,Trädgårdstorget,9022005000050003,Linköpings resecentrum,weekend,423.09,234,9011005020100000,0,423.09,234
9022005000046004,Trädgårdstorget,9022005001243002,Kungsgatan,weekend,77.23,53267,9011005020100000,0,78.48,14296
9022005000046004,Trädgårdstorget,9022005001243002,Kungsgatan,weekend,77.23,53267,9011005020200000,0,75.23,12373
9022005000046004,Trädgårdstorget,9022005001243002,Kungsgatan,weekend,77.23,53267,9011005020300000,0,75.91,1643
9022005000046004,Trädgårdstorget,9022005001243002,Kungsgatan,weekend,77.23,53267,9011005020400000,0,76.36,12403
9022005000046004,Trädgårdstorget,9022005001243002,Kungsgatan,weekend,77.23,53267,9011005020500000,0,79.02,12354
9022005000046004,Trädgårdstorget,9022005001243002,Kungsgatan,weekend,77.23,53267,9011005020600000,0,64.51,198
9022005000050003,Linköpings resecentrum,9022005001223002,Klostergatan,weekend,146.13,13922,9011005020100000,0,146.13,13922
9022005000050003,Linköpings resecentrum,9022005003849002,Abisko centrum,weekend,238.43,611,9011005020100000,0,238.43,611
9022005000417003,Konsert & Kongress,9022005001219002,Abisko,weekend,66.48,13963,9011005020100000,0,66.48,13963
9022005001219002,Abisko,9022005001234002,Åbylund,weekend,100.34,13982,9011005020100000,0,100.34,13982
9022005001221002,Folkungavallen,9022005000042002,Tinnerbäcksbadet,weekend,84.66,63636,9011005020100000,0,85.2,14456
9022005001221002,Folkungavallen,9022005000042002,Tinnerbäcksbadet,weekend,84.66,63636,9011005020500000,0,87.92,12580
9022005001221002,Folkungavallen,9022005000042002,Tinnerbäcksbadet,weekend,84.66,63636,9011005021000000,1,81.42,8421
9022005001221002,Folkungavallen,9022005000042002,Tinnerbäcksbadet,weekend,84.66,63636,9011005021300000,0,83.8,11066
9022005001221002,Folkungavallen,9022005000042002,Tinnerbäcksbadet,weekend,84.66,63636,9011005021400000,0,85.2,8545
9022005001221002,Folkungavallen,9022005000042002,Tinnerbäcksbadet,weekend,84.66,63636,9011005021500000,0,82.7,8568
9022005001223002,Klostergatan,9022005000417003,Konsert & Kongress,weekend,75.21,13931,9011005020100000,0,75.21,13931
9022005001227002,Majelden,9022005001221002,Folkungavallen,weekend,101.44,31537,9011005020100000,0,101.91,14433
9022005001227002,Majelden,9022005001221002,Folkungavallen,weekend,101.44,31537,9011005021400000,0,101.65,8542
9022005001227002,Majelden,9022005001221002,Folkungavallen,weekend,101.44,31537,9011005021500000,0,100.42,8562
9022005001229002,Strågatan,9022005001230002,Middagsgatan,weekend,40.98,23336,9011005020100000,0,45.82,14424
9022005001229002,Strågatan,9022005001230002,Middagsgatan,weekend,40.98,23336,9011005021700000,1,33.15,8912
9022005001230002,Middagsgatan,9022005001233002,Grindgatan,weekend,77.02,14425,9011005020100000,0,77.02,14425
9022005001231002,Ridhusgatan,9022005000043002,Berga Söderleden,weekend,101.93,31520,9011005020100000,0,103.83,14426
9022005001231002,Ridhusgatan,9022005000043002,Berga Söderleden,weekend,101.93,31520,9011005021400000,0,101.43,8542
9022005001231002,Ridhusgatan,9022005000043002,Berga Söderleden,weekend,101.93,31520,9011005021500000,0,99.21,8552
9022005001232002,Myntgatan,9022005000045002,Resedan,weekend,51.11,22979,9011005020100000,0,51.66,14427
9022005001232002,Myntgatan,9022005000045002,Resedan,weekend,51.11,22979,9011005021500000,0,50.19,8552
9022005001233002,Grindgatan,9022005001232002,Myntgatan,weekend,42.78,22976,9011005020100000,0,44.21,14425
9022005001233002,Grindgatan,9022005001232002,Myntgatan,weekend,42.78,22976,9011005021500000,0,40.37,8551
9022005001234002,Åbylund,9022005001235002,Blomgatan,weekend,43.41,14596,9011005020100000,0,43.41,14596
9022005001235002,Blomgatan,9022005001236003,Rusthållaregården,weekend,120.53,14596,9011005020100000,0,120.53,14596
9022005001236003,Rusthållaregården,9022005001411002,Mellangården,weekend,50.37,29051,9011005020100000,0,51.9,14593
9022005001236003,Rusthållaregården,9022005001411002,Mellangården,weekend,50.37,29051,9011005020500000,0,48.92,12962
9022005001236003,Rusthållaregården,9022005001411002,Mellangården,weekend,50.37,29051,9011005022600000,0,48.04,1496
9022005001243002,Kungsgatan,9022005000050003,Linköpings resecentrum,weekend,301.55,14298,9011005020100000,0,301.55,14298
9022005001411002,Mellangården,9022005000048001,Skäggetorp centrum,weekend,144.48,29051,9011005020100000,0,144.64,14592
9022005001411002,Mellangården,9022005000048001,Skäggetorp centrum,weekend,144.48,29051,9011005020500000,0,137.56,12962
9022005001411002,Mellangården,9022005000048001,Skäggetorp centrum,weekend,144.48,29051,9011005022600000,0,202.89,1497
9022005003849002,Abisko centrum,9022005001234002,Åbylund,weekend,90.26,611,9011005020100000,0,90.26,611
9022005000042001,Tinnerbäcksbadet,9022005001222001,Bergdalsgatan,am_rush,73.42,44006,9011005020100000,1,72.88,11514
9022005000042001,Tinnerbäcksbadet,9022005001222001,Bergdalsgatan,am_rush,73.42,44006,9011005020500000,1,73.96,10040
9022005000042001,Tinnerbäcksbadet,9022005001222001,Bergdalsgatan,am_rush,73.42,44006,9011005021000000,0,74.04,5517
9022005000042001,Tinnerbäcksbadet,9022005001222001,Bergdalsgatan,am_rush,73.42,44006,9011005021300000,1,73.78,6723
9022005000042001,Tinnerbäcksbadet,9022005001222001,Bergdalsgatan,am_rush,73.42,44006,9011005021400000,1,73.94,4763
9022005000042001,Tinnerbäcksbadet,9022005001222001,Bergdalsgatan,am_rush,73.42,44006,9011005021500000,1,72.02,5449
9022005000043001,Berga Söderleden,9022005001231001,Ridhusgatan,am_rush,87.46,21732,9011005020100000,1,87.08,11518
9022005000043001,Berga Söderleden,9022005001231001,Ridhusgatan,am_rush,87.46,21732,9011005021400000,1,90.87,4764
9022005000043001,Berga Söderleden,9022005001231001,Ridhusgatan,am_rush,87.46,21732,9011005021500000,1,85.28,5450
9022005000045001,Resedan,9022005001232001,Myntgatan,am_rush,39.14,16974,9011005020100000,1,39.91,11520
9022005000045001,Resedan,9022005001232001,Myntgatan,am_rush,39.14,16974,9011005021500000,1,37.52,5454
9022005000046003,Trädgårdstorget,9022005000042001,Tinnerbäcksbadet,am_rush,140.62,75154,9011005020100000,1,138.8,11512
9022005000046003,Trädgårdstorget,9022005000042001,Tinnerbäcksbadet,am_rush,140.62,75154,9011005020200000,1,142.5,8587
9022005000046003,Trädgårdstorget,9022005000042001,Tinnerbäcksbadet,am_rush,140.62,75154,9011005020400000,1,150.57,8424
9022005000046003,Trädgårdstorget,9022005000042001,Tinnerbäcksbadet,am_rush,140.62,75154,9011005020500000,1,141.38,10039
9022005000046003,Trädgårdstorget,9022005000042001,Tinnerbäcksbadet,am_rush,140.62,75154,9011005021000000,0,140.9,5516
9022005000046003,Trädgårdstorget,9022005000042001,Tinnerbäcksbadet,am_rush,140.62,75154,9011005021300000,1,138.69,6723
9022005000046003,Trädgårdstorget,9022005000042001,Tinnerbäcksbadet,am_rush,140.62,75154,9011005021400000,1,138.86,4763
9022005000046003,Trädgårdstorget,9022005000042001,Tinnerbäcksbadet,am_rush,140.62,75154,9011005021500000,1,131.21,5449
9022005000046003,Trädgårdstorget,9022005000042001,Tinnerbäcksbadet,am_rush,140.62,75154,9011005021600000,0,138.02,4935
9022005000046003,Trädgårdstorget,9022005000042001,Tinnerbäcksbadet,am_rush,140.62,75154,9011005021700000,1,139.0,4819
9022005000046003,Trädgårdstorget,9022005000042001,Tinnerbäcksbadet,am_rush,140.62,75154,9011005021800000,1,141.83,4387
9022005000050002,Linköpings resecentrum,9022005000046003,Trädgårdstorget,am_rush,305.62,218,9011005020100000,1,305.62,218
9022005000050002,Linköpings resecentrum,9022005001243001,Kungsgatan,am_rush,161.18,11286,9011005020100000,1,161.18,11286
9022005000417001,Konsert & Kongress,9022005001223001,Klostergatan,am_rush,72.51,17346,9011005020100000,1,74.01,11670
9022005000417001,Konsert & Kongress,9022005001223001,Klostergatan,am_rush,72.51,17346,9011005021200000,0,69.43,5676
9022005001219001,Abisko,9022005000417001,Konsert & Kongress,am_rush,102.97,11667,9011005020100000,1,102.97,11667
9022005001222001,Bergdalsgatan,9022005001227001,Majelden,am_rush,75.74,21728,9011005020100000,1,74.8,11515
9022005001222001,Bergdalsgatan,9022005001227001,Majelden,am_rush,75.74,21728,9011005021400000,1,79.48,4763
9022005001222001,Bergdalsgatan,9022005001227001,Majelden,am_rush,75.74,21728,9011005021500000,1,74.47,5450
9022005001223001,Klostergatan,9022005000050002,Linköpings resecentrum,am_rush,257.63,11673,9011005020100000,1,257.63,11673
9022005001227001,Majelden,9022005000043001,Berga Söderleden,am_rush,105.27,21730,9011005020100000,1,103.63,11517
9022005001227001,Majelden,9022005000043001,Berga Söderleden,am_rush,105.27,21730,9011005021400000,1,108.08,4763
9022005001227001,Majelden,9022005000043001,Berga Söderleden,am_rush,105.27,21730,9011005021500000,1,106.29,5450
9022005001229001,Strågatan,9022005000044001,Hässlegatan,am_rush,78.16,11520,9011005020100000,1,78.16,11520
9022005001230001,Middagsgatan,9022005001229001,Strågatan,am_rush,36.41,16311,9011005020100000,1,34.86,11520
9022005001230001,Middagsgatan,9022005001229001,Strågatan,am_rush,36.41,16311,9011005021700000,0,40.15,4791
9022005001231001,Ridhusgatan,9022005000045001,Resedan,am_rush,54.05,16970,9011005020100000,1,54.6,11519
9022005001231001,Ridhusgatan,9022005000045001,Resedan,am_rush,54.05,16970,9011005021500000,1,52.89,5451
9022005001232001,Myntgatan,9022005001233001,Grindgatan,am_rush,24.95,16975,9011005020100000,1,25.68,11520
9022005001232001,Myntgatan,9022005001233001,Grindgatan,am_rush,24.95,16975,9011005021500000,1,23.41,5455
9022005001233001,Grindgatan,9022005001230001,Middagsgatan,am_rush,81.62,11520,9011005020100000,1,81.62,11520
9022005001234001,Åbylund,9022005001219001,Abisko,am_rush,108.98,11663,9011005020100000,1,108.98,11663
9022005001234001,Åbylund,9022005003849001,Abisko centrum,am_rush,101.8,370,9011005020100000,1,101.8,370
9022005001235001,Blomgatan,9022005001234001,Åbylund,am_rush,68.35,12032,9011005020100000,1,68.35,12032
9022005001236001,Rusthållaregården,9022005001235001,Blomgatan,am_rush,117.88,12030,9011005020100000,1,117.88,12030
9022005001243001,Kungsgatan,9022005000046003,Trädgårdstorget,am_rush,97.87,82187,9011005020100000,1,96.63,11288
9022005001243001,Kungsgatan,9022005000046003,Trädgårdstorget,am_rush,97.87,82187,9011005020200000,1,97.59,8422
9022005001243001,Kungsgatan,9022005000046003,Trädgårdstorget,am_rush,97.87,82187,9011005020300000,1,90.72,896
9022005001243001,Kungsgatan,9022005000046003,Trädgårdstorget,am_rush,97.87,82187,9011005020400000,1,104.76,8272
9022005001243001,Kungsgatan,9022005000046003,Trädgårdstorget,am_rush,97.87,82187,9011005020500000,1,99.61,9831
9022005001243001,Kungsgatan,9022005000046003,Trädgårdstorget,am_rush,97.87,82187,9011005020600000,1,99.9,910
9022005001243001,Kungsgatan,9022005000046003,Trädgårdstorget,am_rush,97.87,82187,9011005021000000,0,96.45,5417
9022005001243001,Kungsgatan,9022005000046003,Trädgårdstorget,am_rush,97.87,82187,9011005021100000,1,97.78,6648
9022005001243001,Kungsgatan,9022005000046003,Trädgårdstorget,am_rush,97.87,82187,9011005021300000,1,97.53,6601
9022005001243001,Kungsgatan,9022005000046003,Trädgårdstorget,am_rush,97.87,82187,9011005021400000,1,93.2,4675
9022005001243001,Kungsgatan,9022005000046003,Trädgårdstorget,am_rush,97.87,82187,9011005021500000,1,87.33,5350
9022005001243001,Kungsgatan,9022005000046003,Trädgårdstorget,am_rush,97.87,82187,9011005021600000,0,100.84,4834
9022005001243001,Kungsgatan,9022005000046003,Trädgårdstorget,am_rush,97.87,82187,9011005021700000,1,99.25,4732
9022005001243001,Kungsgatan,9022005000046003,Trädgårdstorget,am_rush,97.87,82187,9011005021800000,1,101.35,4311
9022005001411001,Mellangården,9022005001236001,Rusthållaregården,am_rush,87.29,12595,9011005020100000,1,87.61,12010
9022005001411001,Mellangården,9022005001236001,Rusthållaregården,am_rush,87.29,12595,9011005022600000,1,80.64,585
9022005003849001,Abisko centrum,9022005000050002,Linköpings resecentrum,am_rush,433.22,370,9011005020100000,1,433.22,370
9022005000042001,Tinnerbäcksbadet,9022005001222001,Bergdalsgatan,day,77.62,76012,9011005020100000,1,78.31,19938
9022005000042001,Tinnerbäcksbadet,9022005001222001,Bergdalsgatan,day,77.62,76012,9011005020500000,1,78.09,18875
9022005000042001,Tinnerbäcksbadet,9022005001222001,Bergdalsgatan,day,77.62,76012,9011005021000000,0,76.29,9263
9022005000042001,Tinnerbäcksbadet,9022005001222001,Bergdalsgatan,day,77.62,76012,9011005021300000,1,76.04,11106
9022005000042001,Tinnerbäcksbadet,9022005001222001,Bergdalsgatan,day,77.62,76012,9011005021400000,1,79.27,8492
9022005000042001,Tinnerbäcksbadet,9022005001222001,Bergdalsgatan,day,77.62,76012,9011005021500000,1,76.84,8338
9022005000043001,Berga Söderleden,9022005001231001,Ridhusgatan,day,88.42,36801,9011005020100000,1,88.9,19965
9022005000043001,Berga Söderleden,9022005001231001,Ridhusgatan,day,88.42,36801,9011005021400000,1,89.58,8496
9022005000043001,Berga Söderleden,9022005001231001,Ridhusgatan,day,88.42,36801,9011005021500000,1,86.11,8340
9022005000045001,Resedan,9022005001232001,Myntgatan,day,38.02,28317,9011005020100000,1,39.09,19974
9022005000045001,Resedan,9022005001232001,Myntgatan,day,38.02,28317,9011005021500000,1,35.47,8343
9022005000046003,Trädgårdstorget,9022005000042001,Tinnerbäcksbadet,day,139.74,128885,9011005020100000,1,140.3,19935
9022005000046003,Trädgårdstorget,9022005000042001,Tinnerbäcksbadet,day,139.74,128885,9011005020200000,1,137.95,13596
9022005000046003,Trädgårdstorget,9022005000042001,Tinnerbäcksbadet,day,139.74,128885,9011005020400000,1,145.75,14844
9022005000046003,Trädgårdstorget,9022005000042001,Tinnerbäcksbadet,day,139.74,128885,9011005020500000,1,140.52,18872
9022005000046003,Trädgårdstorget,9022005000042001,Tinnerbäcksbadet,day,139.74,128885,9011005021000000,0,139.07,9262
9022005000046003,Trädgårdstorget,9022005000042001,Tinnerbäcksbadet,day,139.74,128885,9011005021300000,1,137.43,11107
9022005000046003,Trädgårdstorget,9022005000042001,Tinnerbäcksbadet,day,139.74,128885,9011005021400000,1,140.72,8491
9022005000046003,Trädgårdstorget,9022005000042001,Tinnerbäcksbadet,day,139.74,128885,9011005021500000,1,137.35,8336
9022005000046003,Trädgårdstorget,9022005000042001,Tinnerbäcksbadet,day,139.74,128885,9011005021600000,0,135.87,7308
9022005000046003,Trädgårdstorget,9022005000042001,Tinnerbäcksbadet,day,139.74,128885,9011005021700000,1,139.4,8177
9022005000046003,Trädgårdstorget,9022005000042001,Tinnerbäcksbadet,day,139.74,128885,9011005021800000,1,137.87,8957
9022005000050002,Linköpings resecentrum,9022005000046003,Trädgårdstorget,day,318.66,396,9011005020100000,1,318.66,396
9022005000050002,Linköpings resecentrum,9022005001243001,Kungsgatan,day,163.45,19514,9011005020100000,1,163.45,19514
9022005000417001,Konsert & Kongress,9022005001223001,Klostergatan,day,69.84,28964,9011005020100000,1,70.12,19232
9022005000417001,Konsert & Kongress,9022005001223001,Klostergatan,day,69.84,28964,9011005021200000,0,69.3,9732
9022005001219001,Abisko,9022005000417001,Konsert & Kongress,day,100.39,19228,9011005020100000,1,100.39,19228
9022005001222001,Bergdalsgatan,9022005001227001,Majelden,day,82.17,36780,9011005020100000,1,82.15,19947
9022005001222001,Bergdalsgatan,9022005001227001,Majelden,day,82.17,36780,9011005021400000,1,84.24,8494
9022005001222001,Bergdalsgatan,9022005001227001,Majelden,day,82.17,36780,9011005021500000,1,80.09,8339
9022005001223001,Klostergatan,9022005000050002,Linköpings resecentrum,day,276.38,19236,9011005020100000,1,276.38,19236
9022005001227001,Majelden,9022005000043001,Berga Söderleden,day,106.18,36785,9011005020100000,1,107.29,19951
9022005001227001,Majelden,9022005000043001,Berga Söderleden,day,106.18,36785,9011005021400000,1,105.43,8494
9022005001227001,Majelden,9022005000043001,Berga Söderleden,day,106.18,36785,9011005021500000,1,104.29,8340
9022005001229001,Strågatan,9022005000044001,Hässlegatan,day,71.27,19975,9011005020100000,1,71.27,19975
9022005001230001,Middagsgatan,9022005001229001,Strågatan,day,41.21,28089,9011005020100000,1,44.01,19973
9022005001230001,Middagsgatan,9022005001229001,Strågatan,day,41.21,28089,9011005021700000,0,34.32,8116
9022005001231001,Ridhusgatan,9022005000045001,Resedan,day,57.07,28314,9011005020100000,1,57.9,19973
9022005001231001,Ridhusgatan,9022005000045001,Resedan,day,57.07,28314,9011005021500000,1,55.07,8341
9022005001232001,Myntgatan,9022005001233001,Grindgatan,day,30.15,28317,9011005020100000,1,31.5,19974
9022005001232001,Myntgatan,9022005001233001,Grindgatan,day,30.15,28317,9011005021500000,1,26.92,8343
9022005001233001,Grindgatan,9022005001230001,Middagsgatan,day,92.4,19973,9011005020100000,1,92.4,19973
9022005001234001,Åbylund,9022005001219001,Abisko,day,102.98,19224,9011005020100000,1,102.98,19224
9022005001234001,Åbylund,9022005003849001,Abisko centrum,day,108.89,675,9011005020100000,1,108.89,675
9022005001235001,Blomgatan,9022005001234001,Åbylund,day,66.83,19897,9011005020100000,1,66.83,19897
9022005001236001,Rusthållaregården,9022005001235001,Blomgatan,day,110.79,19891,9011005020100000,1,110.79,19891
9022005001243001,Kungsgatan,9022005000046003,Trädgårdstorget,day,120.83,140520,9011005020100000,1,117.79,19520
9022005001243001,Kungsgatan,9022005000046003,Trädgårdstorget,day,120.83,140520,9011005020200000,1,117.98,13335
9022005001243001,Kungsgatan,9022005000046003,Trädgårdstorget,day,120.83,140520,9011005020300000,1,116.23,1961
9022005001243001,Kungsgatan,9022005000046003,Trädgårdstorget,day,120.83,140520,9011005020400000,1,123.52,14569
9022005001243001,Kungsgatan,9022005000046003,Trädgårdstorget,day,120.83,140520,9011005020500000,1,122.18,18455
9022005001243001,Kungsgatan,9022005000046003,Trädgårdstorget,day,120.83,140520,9011005020600000,1,124.45,1801
9022005001243001,Kungsgatan,9022005000046003,Trädgårdstorget,day,120.83,140520,9011005021000000,0,115.97,9108
9022005001243001,Kungsgatan,9022005000046003,Trädgårdstorget,day,120.83,140520,9011005021100000,1,123.38,10348
9022005001243001,Kungsgatan,9022005000046003,Trädgårdstorget,day,120.83,140520,9011005021300000,1,119.59,10884
9022005001243001,Kungsgatan,9022005000046003,Trädgårdstorget,day,120.83,140520,9011005021400000,1,121.9,8345
9022005001243001,Kungsgatan,9022005000046003,Trädgårdstorget,day,120.83,140520,9011005021500000,1,119.88,8191
9022005001243001,Kungsgatan,9022005000046003,Trädgårdstorget,day,120.83,140520,9011005021600000,0,120.21,7165
9022005001243001,Kungsgatan,9022005000046003,Trädgårdstorget,day,120.83,140520,9011005021700000,1,127.35,8035
9022005001243001,Kungsgatan,9022005000046003,Trädgårdstorget,day,120.83,140520,9011005021800000,1,122.92,8803
9022005001411001,Mellangården,9022005001236001,Rusthållaregården,day,78.84,23431,9011005020100000,1,79.75,19846
9022005001411001,Mellangården,9022005001236001,Rusthållaregården,day,78.84,23431,9011005022600000,1,73.82,3585
9022005003849001,Abisko centrum,9022005000050002,Linköpings resecentrum,day,444.41,675,9011005020100000,1,444.41,675
9022005000042001,Tinnerbäcksbadet,9022005001222001,Bergdalsgatan,night,76.64,78423,9011005020100000,1,77.49,18083
9022005000042001,Tinnerbäcksbadet,9022005001222001,Bergdalsgatan,night,76.64,78423,9011005020500000,1,77.6,16182
9022005000042001,Tinnerbäcksbadet,9022005001222001,Bergdalsgatan,night,76.64,78423,9011005021000000,0,74.04,9249
9022005000042001,Tinnerbäcksbadet,9022005001222001,Bergdalsgatan,night,76.64,78423,9011005021300000,1,75.05,13443
9022005000042001,Tinnerbäcksbadet,9022005001222001,Bergdalsgatan,night,76.64,78423,9011005021400000,1,77.14,11537
9022005000042001,Tinnerbäcksbadet,9022005001222001,Bergdalsgatan,night,76.64,78423,9011005021500000,1,77.56,9929
9022005000043001,Berga Söderleden,9022005001231001,Ridhusgatan,night,87.53,40168,9011005020100000,1,87.26,18092
9022005000043001,Berga Söderleden,9022005001231001,Ridhusgatan,night,87.53,40168,9011005021400000,1,87.87,11541
9022005000043001,Berga Söderleden,9022005001231001,Ridhusgatan,night,87.53,40168,9011005021500000,1,87.52,9934
9022005000043001,Berga Söderleden,9022005001231001,Ridhusgatan,night,87.53,40168,9011005022200000,0,89.61,601
9022005000045001,Resedan,9022005001232001,Myntgatan,night,36.27,28652,9011005020100000,1,37.17,18099
9022005000045001,Resedan,9022005001232001,Myntgatan,night,36.27,28652,9011005021500000,1,34.71,9936
9022005000045001,Resedan,9022005001232001,Myntgatan,night,36.27,28652,9011005022200000,0,34.88,617
9022005000046003,Trädgårdstorget,9022005000042001,Tinnerbäcksbadet,night,118.06,140053,9011005020100000,1,117.41,18082
9022005000046003,Trädgårdstorget,9022005000042001,Tinnerbäcksbadet,night,118.06,140053,9011005020200000,1,119.83,14269
9022005000046003,Trädgårdstorget,9022005000042001,Tinnerbäcksbadet,night,118.06,140053,9011005020400000,1,119.86,14698
9022005000046003,Trädgårdstorget,9022005000042001,Tinnerbäcksbadet,night,118.06,140053,9011005020500000,1,117.84,16179
9022005000046003,Trädgårdstorget,9022005000042001,Tinnerbäcksbadet,night,118.06,140053,9011005021000000,0,119.04,9248
9022005000046003,Trädgårdstorget,9022005000042001,Tinnerbäcksbadet,night,118.06,140053,9011005021300000,1,115.0,13444
9022005000046003,Trädgårdstorget,9022005000042001,Tinnerbäcksbadet,night,118.06,140053,9011005021400000,1,118.4,11536
9022005000046003,Trädgårdstorget,9022005000042001,Tinnerbäcksbadet,night,118.06,140053,9011005021500000,1,116.42,9927
9022005000046003,Trädgårdstorget,9022005000042001,Tinnerbäcksbadet,night,118.06,140053,9011005021600000,0,116.28,11180
9022005000046003,Trädgårdstorget,9022005000042001,Tinnerbäcksbadet,night,118.06,140053,9011005021700000,1,120.28,10665
9022005000046003,Trädgårdstorget,9022005000042001,Tinnerbäcksbadet,night,118.06,140053,9011005021800000,1,118.39,10825
9022005000050002,Linköpings resecentrum,9022005000046003,Trädgårdstorget,night,275.96,331,9011005020100000,1,275.96,331
9022005000050002,Linköpings resecentrum,9022005001243001,Kungsgatan,night,145.96,17730,9011005020100000,1,145.96,17730
9022005000417001,Konsert & Kongress,9022005001223001,Klostergatan,night,60.06,22357,9011005020100000,1,59.11,17284
9022005000417001,Konsert & Kongress,9022005001223001,Klostergatan,night,60.06,22357,9011005021200000,0,63.3,5073
9022005001219001,Abisko,9022005000417001,Konsert & Kongress,night,86.29,17284,9011005020100000,1,86.29,17284
9022005001222001,Bergdalsgatan,9022005001227001,Majelden,night,81.86,39554,9011005020100000,1,81.64,18086
9022005001222001,Bergdalsgatan,9022005001227001,Majelden,night,81.86,39554,9011005021400000,1,82.43,11537
9022005001222001,Bergdalsgatan,9022005001227001,Majelden,night,81.86,39554,9011005021500000,1,81.58,9931
9022005001223001,Klostergatan,9022005000050002,Linköpings resecentrum,night,248.44,17283,9011005020100000,1,248.44,17283
9022005001227001,Majelden,9022005000043001,Berga Söderleden,night,111.55,39558,9011005020100000,1,108.49,18087
9022005001227001,Majelden,9022005000043001,Berga Söderleden,night,111.55,39558,9011005021400000,1,114.87,11538
9022005001227001,Majelden,9022005000043001,Berga Söderleden,night,111.55,39558,9011005021500000,1,113.26,9933
9022005001229001,Strågatan,9022005000044001,Hässlegatan,night,75.57,18087,9011005020100000,1,75.57,18087
9022005001230001,Middagsgatan,9022005001229001,Strågatan,night,38.14,29309,9011005020100000,1,42.01,18087
9022005001230001,Middagsgatan,9022005001229001,Strågatan,night,38.14,29309,9011005021700000,0,31.91,11222
9022005001231001,Ridhusgatan,9022005000045001,Resedan,night,56.28,28650,9011005020100000,1,56.28,18097
9022005001231001,Ridhusgatan,9022005000045001,Resedan,night,56.28,28650,9011005021500000,1,55.99,9936
9022005001231001,Ridhusgatan,9022005000045001,Resedan,night,56.28,28650,9011005022200000,0,60.81,617
9022005001232001,Myntgatan,9022005001233001,Grindgatan,night,29.2,28652,9011005020100000,1,29.7,18099
9022005001232001,Myntgatan,9022005001233001,Grindgatan,night,29.2,28652,9011005021500000,1,28.4,9936
9022005001232001,Myntgatan,9022005001233001,Grindgatan,night,29.2,28652,9011005022200000,0,27.63,617
9022005001233001,Grindgatan,9022005000044001,Hässlegatan,night,66.08,12,9011005020100000,1,66.08,12
9022005001233001,Grindgatan,9022005001230001,Middagsgatan,night,90.76,18087,9011005020100000,1,90.76,18087
9022005001234001,Åbylund,9022005001219001,Abisko,night,93.69,17279,9011005020100000,1,93.69,17279
9022005001234001,Åbylund,9022005003849001,Abisko centrum,night,95.24,775,9011005020100000,1,95.24,775
9022005001235001,Blomgatan,9022005001234001,Åbylund,night,60.6,17984,9011005020100000,1,60.6,17984
9022005001236001,Rusthållaregården,9022005001235001,Blomgatan,night,101.76,17970,9011005020100000,1,101.76,17970
9022005001243001,Kungsgatan,9022005000046003,Trädgårdstorget,night,102.87,155116,9011005020100000,1,101.91,17734
9022005001243001,Kungsgatan,9022005000046003,Trädgårdstorget,night,102.87,155116,9011005020200000,1,102.62,14005
9022005001243001,Kungsgatan,9022005000046003,Trädgårdstorget,night,102.87,155116,9011005020300000,1,107.78,2045
9022005001243001,Kungsgatan,9022005000046003,Trädgårdstorget,night,102.87,155116,9011005020400000,1,103.06,14432
9022005001243001,Kungsgatan,9022005000046003,Trädgårdstorget,night,102.87,155116,9011005020500000,1,102.94,15838
9022005001243001,Kungsgatan,9022005000046003,Trädgårdstorget,night,102.87,155116,9011005020600000,1,102.48,1969
9022005001243001,Kungsgatan,9022005000046003,Trädgårdstorget,night,102.87,155116,9011005021000000,0,102.51,9080
9022005001243001,Kungsgatan,9022005000046003,Trädgårdstorget,night,102.87,155116,9011005021100000,1,106.7,13671
9022005001243001,Kungsgatan,9022005000046003,Trädgårdstorget,night,102.87,155116,9011005021300000,1,98.82,13197
9022005001243001,Kungsgatan,9022005000046003,Trädgårdstorget,night,102.87,155116,9011005021400000,1,103.01,11332
9022005001243001,Kungsgatan,9022005000046003,Trädgårdstorget,night,102.87,155116,9011005021500000,1,107.02,9739
9022005001243001,Kungsgatan,9022005000046003,Trädgårdstorget,night,102.87,155116,9011005021600000,0,99.26,10958
9022005001243001,Kungsgatan,9022005000046003,Trädgårdstorget,night,102.87,155116,9011005021700000,1,106.84,10480
9022005001243001,Kungsgatan,9022005000046003,Trädgårdstorget,night,102.87,155116,9011005021800000,1,99.81,10636
9022005001411001,Mellangården,9022005001236001,Rusthållaregården,night,71.83,18544,9011005020100000,1,71.8,17935
9022005001411001,Mellangården,9022005001236001,Rusthållaregården,night,71.83,18544,9011005022600000,1,72.84,609
9022005003849001,Abisko centrum,9022005000050002,Linköpings resecentrum,night,398.06,775,9011005020100000,1,398.06,775
9022005000042001,Tinnerbäcksbadet,9022005001222001,Bergdalsgatan,pm_rush,88.35,31303,9011005020100000,1,90.29,7170
9022005000042001,Tinnerbäcksbadet,9022005001222001,Bergdalsgatan,pm_rush,88.35,31303,9011005020500000,1,89.12,6808
9022005000042001,Tinnerbäcksbadet,9022005001222001,Bergdalsgatan,pm_rush,88.35,31303,9011005021000000,0,85.51,4956
9022005000042001,Tinnerbäcksbadet,9022005001222001,Bergdalsgatan,pm_rush,88.35,31303,9011005021300000,1,86.96,4963
9022005000042001,Tinnerbäcksbadet,9022005001222001,Bergdalsgatan,pm_rush,88.35,31303,9011005021400000,1,89.96,3709
9022005000042001,Tinnerbäcksbadet,9022005001222001,Bergdalsgatan,pm_rush,88.35,31303,9011005021500000,1,87.25,3697
9022005000043001,Berga Söderleden,9022005001231001,Ridhusgatan,pm_rush,94.73,16384,9011005020100000,1,95.35,7172
9022005000043001,Berga Söderleden,9022005001231001,Ridhusgatan,pm_rush,94.73,16384,9011005021400000,1,96.77,3709
9022005000043001,Berga Söderleden,9022005001231001,Ridhusgatan,pm_rush,94.73,16384,9011005021500000,1,93.73,3696
9022005000043001,Berga Söderleden,9022005001231001,Ridhusgatan,pm_rush,94.73,16384,9011005022200000,0,90.15,1807
9022005000045001,Resedan,9022005001232001,Myntgatan,pm_rush,40.05,12732,9011005020100000,1,41.95,7180
9022005000045001,Resedan,9022005001232001,Myntgatan,pm_rush,40.05,12732,9011005021500000,1,38.57,3698
9022005000045001,Resedan,9022005001232001,Myntgatan,pm_rush,40.05,12732,9011005022200000,0,35.66,1854
9022005000046003,Trädgårdstorget,9022005000042001,Tinnerbäcksbadet,pm_rush,154.21,53462,9011005020100000,1,152.64,7169
9022005000046003,Trädgårdstorget,9022005000042001,Tinnerbäcksbadet,pm_rush,154.21,53462,9011005020200000,1,152.23,5864
9022005000046003,Trädgårdstorget,9022005000042001,Tinnerbäcksbadet,pm_rush,154.21,53462,9011005020400000,1,155.88,6088
9022005000046003,Trädgårdstorget,9022005000042001,Tinnerbäcksbadet,pm_rush,154.21,53462,9011005020500000,1,154.09,6807
9022005000046003,Trädgårdstorget,9022005000042001,Tinnerbäcksbadet,pm_rush,154.21,53462,9011005021000000,0,159.1,4957
9022005000046003,Trädgårdstorget,9022005000042001,Tinnerbäcksbadet,pm_rush,154.21,53462,9011005021300000,1,152.48,4963
9022005000046003,Trädgårdstorget,9022005000042001,Tinnerbäcksbadet,pm_rush,154.21,53462,9011005021400000,1,157.62,3709
9022005000046003,Trädgårdstorget,9022005000042001,Tinnerbäcksbadet,pm_rush,154.21,53462,9011005021500000,1,152.54,3697
9022005000046003,Trädgårdstorget,9022005000042001,Tinnerbäcksbadet,pm_rush,154.21,53462,9011005021600000,0,151.73,3433
9022005000046003,Trädgårdstorget,9022005000042001,Tinnerbäcksbadet,pm_rush,154.21,53462,9011005021700000,1,154.08,3087
9022005000046003,Trädgårdstorget,9022005000042001,Tinnerbäcksbadet,pm_rush,154.21,53462,9011005021800000,1,154.35,3688
9022005000050002,Linköpings resecentrum,9022005000046003,Trädgårdstorget,pm_rush,315.23,132,9011005020100000,1,315.23,132
9022005000050002,Linköpings resecentrum,9022005001243001,Kungsgatan,pm_rush,185.55,7022,9011005020100000,1,185.55,7022
9022005000417001,Konsert & Kongress,9022005001223001,Klostergatan,pm_rush,79.69,10449,9011005020100000,1,78.68,6915
9022005000417001,Konsert & Kongress,9022005001223001,Klostergatan,pm_rush,79.69,10449,9011005021200000,0,81.66,3534
9022005001219001,Abisko,9022005000417001,Konsert & Kongress,pm_rush,110.16,6914,9011005020100000,1,110.16,6914
9022005001222001,Bergdalsgatan,9022005001227001,Majelden,pm_rush,88.64,14575,9011005020100000,1,88.64,7170
9022005001222001,Bergdalsgatan,9022005001227001,Majelden,pm_rush,88.64,14575,9011005021400000,1,90.11,3709
9022005001222001,Bergdalsgatan,9022005001227001,Majelden,pm_rush,88.64,14575,9011005021500000,1,87.16,3696
9022005001223001,Klostergatan,9022005000050002,Linköpings resecentrum,pm_rush,294.49,6914,9011005020100000,1,294.49,6914
9022005001227001,Majelden,9022005000043001,Berga Söderleden,pm_rush,133.79,14576,9011005020100000,1,133.26,7171
9022005001227001,Majelden,9022005000043001,Berga Söderleden,pm_rush,133.79,14576,9011005021400000,1,130.21,3709
9022005001227001,Majelden,9022005000043001,Berga Söderleden,pm_rush,133.79,14576,9011005021500000,1,138.43,3696
9022005001229001,Strågatan,9022005000044001,Hässlegatan,pm_rush,67.11,7173,9011005020100000,1,67.11,7173
9022005001230001,Middagsgatan,9022005001229001,Strågatan,pm_rush,45.21,10768,9011005020100000,1,51.65,7173
9022005001230001,Middagsgatan,9022005001229001,Strågatan,pm_rush,45.21,10768,9011005021700000,0,32.35,3595
9022005001231001,Ridhusgatan,9022005000045001,Resedan,pm_rush,64.79,12728,9011005020100000,1,65.92,7178
9022005001231001,Ridhusgatan,9022005000045001,Resedan,pm_rush,64.79,12728,9011005021500000,1,63.94,3697
9022005001231001,Ridhusgatan,9022005000045001,Resedan,pm_rush,64.79,12728,9011005022200000,0,62.13,1853
9022005001232001,Myntgatan,9022005001233001,Grindgatan,pm_rush,35.49,12733,9011005020100000,1,37.8,7180
9022005001232001,Myntgatan,9022005001233001,Grindgatan,pm_rush,35.49,12733,9011005021500000,1,33.48,3698
9022005001232001,Myntgatan,9022005001233001,Grindgatan,pm_rush,35.49,12733,9011005022200000,0,30.55,1855
9022005001233001,Grindgatan,9022005000044001,Hässlegatan,pm_rush,61.86,7,9011005020100000,1,61.86,7
9022005001233001,Grindgatan,9022005001230001,Middagsgatan,pm_rush,100.54,7173,9011005020100000,1,100.54,7173
9022005001234001,Åbylund,9022005001219001,Abisko,pm_rush,106.98,6914,9011005020100000,1,106.98,6914
9022005001234001,Åbylund,9022005003849001,Abisko centrum,pm_rush,111.88,239,9011005020100000,1,111.88,239
9022005001235001,Blomgatan,9022005001234001,Åbylund,pm_rush,66.11,7153,9011005020100000,1,66.11,7153
9022005001236001,Rusthållaregården,9022005001235001,Blomgatan,pm_rush,115.99,7151,9011005020100000,1,115.99,7151
9022005001243001,Kungsgatan,9022005000046003,Trädgårdstorget,pm_rush,132.57,58545,9011005020100000,1,132.26,7025
9022005001243001,Kungsgatan,9022005000046003,Trädgårdstorget,pm_rush,132.57,58545,9011005020200000,1,126.04,5754
9022005001243001,Kungsgatan,9022005000046003,Trädgårdstorget,pm_rush,132.57,58545,9011005020300000,1,129.93,684
9022005001243001,Kungsgatan,9022005000046003,Trädgårdstorget,pm_rush,132.57,58545,9011005020400000,1,133.15,5977
9022005001243001,Kungsgatan,9022005000046003,Trädgårdstorget,pm_rush,132.57,58545,9011005020500000,1,134.91,6652
9022005001243001,Kungsgatan,9022005000046003,Trädgårdstorget,pm_rush,132.57,58545,9011005020600000,1,133.42,643
9022005001243001,Kungsgatan,9022005000046003,Trädgårdstorget,pm_rush,132.57,58545,9011005021000000,0,130.02,4864
9022005001243001,Kungsgatan,9022005000046003,Trädgårdstorget,pm_rush,132.57,58545,9011005021100000,1,135.82,4789
9022005001243001,Kungsgatan,9022005000046003,Trädgårdstorget,pm_rush,132.57,58545,9011005021300000,1,131.46,4873
9022005001243001,Kungsgatan,9022005000046003,Trädgårdstorget,pm_rush,132.57,58545,9011005021400000,1,135.67,3640
9022005001243001,Kungsgatan,9022005000046003,Trädgårdstorget,pm_rush,132.57,58545,9011005021500000,1,137.04,3631
9022005001243001,Kungsgatan,9022005000046003,Trädgårdstorget,pm_rush,132.57,58545,9011005021600000,0,133.23,3359
9022005001243001,Kungsgatan,9022005000046003,Trädgårdstorget,pm_rush,132.57,58545,9011005021700000,1,134.99,3032
9022005001243001,Kungsgatan,9022005000046003,Trädgårdstorget,pm_rush,132.57,58545,9011005021800000,1,128.99,3622
9022005001411001,Mellangården,9022005001236001,Rusthållaregården,pm_rush,78.96,8345,9011005020100000,1,79.62,7134
9022005001411001,Mellangården,9022005001236001,Rusthållaregården,pm_rush,78.96,8345,9011005022600000,1,75.09,1211
9022005003849001,Abisko centrum,9022005000050002,Linköpings resecentrum,pm_rush,453.72,239,9011005020100000,1,453.72,239
9022005000042001,Tinnerbäcksbadet,9022005001222001,Bergdalsgatan,weekend,75.38,66166,9011005020100000,1,76.76,14564
9022005000042001,Tinnerbäcksbadet,9022005001222001,Bergdalsgatan,weekend,75.38,66166,9011005020500000,1,77.04,14415
9022005000042001,Tinnerbäcksbadet,9022005001222001,Bergdalsgatan,weekend,75.38,66166,9011005021000000,0,73.77,8359
9022005000042001,Tinnerbäcksbadet,9022005001222001,Bergdalsgatan,weekend,75.38,66166,9011005021300000,1,72.57,11077
9022005000042001,Tinnerbäcksbadet,9022005001222001,Bergdalsgatan,weekend,75.38,66166,9011005021400000,1,75.63,9168
9022005000042001,Tinnerbäcksbadet,9022005001222001,Bergdalsgatan,weekend,75.38,66166,9011005021500000,1,75.17,8583
9022005000043001,Berga Söderleden,9022005001231001,Ridhusgatan,weekend,87.05,32326,9011005020100000,1,87.78,14566
9022005000043001,Berga Söderleden,9022005001231001,Ridhusgatan,weekend,87.05,32326,9011005021400000,1,87.59,9178
9022005000043001,Berga Söderleden,9022005001231001,Ridhusgatan,weekend,87.05,32326,9011005021500000,1,85.24,8582
9022005000045001,Resedan,9022005001232001,Myntgatan,weekend,35.9,23154,9011005020100000,1,37.1,14570
9022005000045001,Resedan,9022005001232001,Myntgatan,weekend,35.9,23154,9011005021500000,1,33.85,8584
9022005000046003,Trädgårdstorget,9022005000042001,Tinnerbäcksbadet,weekend,114.2,117086,9011005020100000,1,115.62,14565
9022005000046003,Trädgårdstorget,9022005000042001,Tinnerbäcksbadet,weekend,114.2,117086,9011005020200000,1,113.74,11774
9022005000046003,Trädgårdstorget,9022005000042001,Tinnerbäcksbadet,weekend,114.2,117086,9011005020400000,1,115.57,12403
9022005000046003,Trädgårdstorget,9022005000042001,Tinnerbäcksbadet,weekend,114.2,117086,9011005020500000,1,116.18,14414
9022005000046003,Trädgårdstorget,9022005000042001,Tinnerbäcksbadet,weekend,114.2,117086,9011005021000000,0,114.01,8359
9022005000046003,Trädgårdstorget,9022005000042001,Tinnerbäcksbadet,weekend,114.2,117086,9011005021300000,1,110.11,11077
9022005000046003,Trädgårdstorget,9022005000042001,Tinnerbäcksbadet,weekend,114.2,117086,9011005021400000,1,114.21,9168
9022005000046003,Trädgårdstorget,9022005000042001,Tinnerbäcksbadet,weekend,114.2,117086,9011005021500000,1,113.5,8584
9022005000046003,Trädgårdstorget,9022005000042001,Tinnerbäcksbadet,weekend,114.2,117086,9011005021600000,0,112.78,8734
9022005000046003,Trädgårdstorget,9022005000042001,Tinnerbäcksbadet,weekend,114.2,117086,9011005021700000,1,115.07,8880
9022005000046003,Trädgårdstorget,9022005000042001,Tinnerbäcksbadet,weekend,114.2,117086,9011005021800000,1,113.83,9128
9022005000050002,Linköpings resecentrum,9022005000046003,Trädgårdstorget,weekend,275.95,232,9011005020100000,1,275.95,232
9022005000050002,Linköpings resecentrum,9022005001243001,Kungsgatan,weekend,145.47,14331,9011005020100000,1,145.47,14331
9022005000417001,Konsert & Kongress,9022005001223001,Klostergatan,weekend,60.21,17644,9011005020100000,1,60.23,13948
9022005000417001,Konsert & Kongress,9022005001223001,Klostergatan,weekend,60.21,17644,9011005021200000,0,60.15,3696
9022005001219001,Abisko,9022005000417001,Konsert & Kongress,weekend,84.34,13945,9011005020100000,1,84.34,13945
9022005001222001,Bergdalsgatan,9022005001227001,Majelden,weekend,81.68,32314,9011005020100000,1,82.59,14563
9022005001222001,Bergdalsgatan,9022005001227001,Majelden,weekend,81.68,32314,9011005021400000,1,82.0,9169
9022005001222001,Bergdalsgatan,9022005001227001,Majelden,weekend,81.68,32314,9011005021500000,1,79.8,8582
9022005001223001,Klostergatan,9022005000050002,Linköpings resecentrum,weekend,271.28,13948,9011005020100000,1,271.28,13948
9022005001227001,Majelden,9022005000043001,Berga Söderleden,weekend,117.16,32313,9011005020100000,1,113.12,14561
9022005001227001,Majelden,9022005000043001,Berga Söderleden,weekend,117.16,32313,9011005021400000,1,124.0,9170
9022005001227001,Majelden,9022005000043001,Berga Söderleden,weekend,117.16,32313,9011005021500000,1,116.71,8582
9022005001229001,Strågatan,9022005000044001,Hässlegatan,weekend,69.66,14568,9011005020100000,1,69.66,14568
9022005001230001,Middagsgatan,9022005001229001,Strågatan,weekend,37.18,23459,9011005020100000,1,40.51,14570
9022005001230001,Middagsgatan,9022005001229001,Strågatan,weekend,37.18,23459,9011005021700000,0,31.71,8889
9022005001231001,Ridhusgatan,9022005000045001,Resedan,weekend,55.37,23153,9011005020100000,1,56.32,14570
9022005001231001,Ridhusgatan,9022005000045001,Resedan,weekend,55.37,23153,9011005021500000,1,53.76,8583
9022005001232001,Myntgatan,9022005001233001,Grindgatan,weekend,28.27,23154,9011005020100000,1,29.45,14570
9022005001232001,Myntgatan,9022005001233001,Grindgatan,weekend,28.27,23154,9011005021500000,1,26.27,8584
9022005001233001,Grindgatan,9022005001230001,Middagsgatan,weekend,89.95,14570,9011005020100000,1,89.95,14570
9022005001234001,Åbylund,9022005001219001,Abisko,weekend,95.49,13945,9011005020100000,1,95.49,13945
9022005001234001,Åbylund,9022005003849001,Abisko centrum,weekend,96.21,615,9011005020100000,1,96.21,615
9022005001235001,Blomgatan,9022005001234001,Åbylund,weekend,63.53,14548,9011005020100000,1,63.53,14548
9022005001236001,Rusthållaregården,9022005001235001,Blomgatan,weekend,103.62,14533,9011005020100000,1,103.62,14533
9022005001243001,Kungsgatan,9022005000046003,Trädgårdstorget,weekend,100.71,128351,9011005020100000,1,104.34,14333
9022005001243001,Kungsgatan,9022005000046003,Trädgårdstorget,weekend,100.71,128351,9011005020200000,1,95.93,11581
9022005001243001,Kungsgatan,9022005000046003,Trädgårdstorget,weekend,100.71,128351,9011005020300000,1,106.06,1646
9022005001243001,Kungsgatan,9022005000046003,Trädgårdstorget,weekend,100.71,128351,9011005020400000,1,100.89,12207
9022005001243001,Kungsgatan,9022005000046003,Trädgårdstorget,weekend,100.71,128351,9011005020500000,1,105.59,14170
9022005001243001,Kungsgatan,9022005000046003,Trädgårdstorget,weekend,100.71,128351,9011005020600000,1,98.9,1604
9022005001243001,Kungsgatan,9022005000046003,Trädgårdstorget,weekend,100.71,128351,9011005021000000,0,100.88,8233
9022005001243001,Kungsgatan,9022005000046003,Trädgårdstorget,weekend,100.71,128351,9011005021100000,1,104.97,9887
9022005001243001,Kungsgatan,9022005000046003,Trädgårdstorget,weekend,100.71,128351,9011005021300000,1,97.56,10900
9022005001243001,Kungsgatan,9022005000046003,Trädgårdstorget,weekend,100.71,128351,9011005021400000,1,97.86,9025
9022005001243001,Kungsgatan,9022005000046003,Trädgårdstorget,weekend,100.71,128351,9011005021500000,1,100.99,8448
9022005001243001,Kungsgatan,9022005000046003,Trädgårdstorget,weekend,100.71,128351,9011005021600000,0,100.45,8587
9022005001243001,Kungsgatan,9022005000046003,Trädgårdstorget,weekend,100.71,128351,9011005021700000,1,97.58,8742
9022005001243001,Kungsgatan,9022005000046003,Trädgårdstorget,weekend,100.71,128351,9011005021800000,1,97.33,8988
9022005001411001,Mellangården,9022005001236001,Rusthållaregården,weekend,73.18,16211,9011005020100000,1,73.67,14508
9022005001411001,Mellangården,9022005001236001,Rusthållaregården,weekend,73.18,16211,9011005022600000,1,69.04,1703
9022005003849001,Abisko centrum,9022005000050002,Linköpings resecentrum,weekend,414.01,615,9011005020100000,1,414.01,615
9022005000046004,Trädgårdstorget,9022005000050006,Linköpings resecentrum,am_rush,342.78,324,9011005020200000,0,352.99,162
9022005000046004,Trädgårdstorget,9022005000050006,Linköpings resecentrum,am_rush,342.78,324,9011005020400000,0,332.57,162
9022005000198002,US Norra entrén,9022005000042002,Tinnerbäcksbadet,am_rush,153.06,32852,9011005020200000,0,153.67,8967
9022005000198002,US Norra entrén,9022005000042002,Tinnerbäcksbadet,am_rush,153.06,32852,9011005020400000,0,154.91,8969
9022005000198002,US Norra entrén,9022005000042002,Tinnerbäcksbadet,am_rush,153.06,32852,9011005021600000,1,154.26,4681
9022005000198002,US Norra entrén,9022005000042002,Tinnerbäcksbadet,am_rush,153.06,32852,9011005021700000,0,151.81,4819
9022005000198002,US Norra entrén,9022005000042002,Tinnerbäcksbadet,am_rush,153.06,32852,9011005021800000,0,149.04,5416
9022005000404002,Infanterivägen,9022005001249002,US Södra entrén,am_rush,160.85,2041,9011005020200000,0,151.1,1021
9022005000404002,Infanterivägen,9022005001249002,US Södra entrén,am_rush,160.85,2041,9011005020400000,0,170.61,1020
9022005001243002,Kungsgatan,9022005000050006,Linköpings resecentrum,am_rush,135.7,17617,9011005020200000,0,131.18,8807
9022005001243002,Kungsgatan,9022005000050006,Linköpings resecentrum,am_rush,135.7,17617,9011005020400000,0,140.22,8810
9022005001249002,US Södra entrén,9022005000198002,US Norra entrén,am_rush,91.25,32835,9011005020200000,0,87.67,8968
9022005001249002,US Södra entrén,9022005000198002,US Norra entrén,am_rush,91.25,32835,9011005020400000,0,88.09,8969
9022005001249002,US Södra entrén,9022005000198002,US Norra entrén,am_rush,91.25,32835,9011005021600000,1,99.47,4681
9022005001249002,US Södra entrén,9022005000198002,US Norra entrén,am_rush,91.25,32835,9011005021700000,0,101.27,4806
9022005001249002,US Södra entrén,9022005000198002,US Norra entrén,am_rush,91.25,32835,9011005021800000,0,86.4,5411
9022005004076001,Bygdegatan,9022005004250001,Hemmansgatan,am_rush,97.35,8958,9011005020200000,0,97.35,8958
9022005004084001,Odalgatan,9022005004076001,Bygdegatan,am_rush,62.12,8958,9011005020200000,0,62.12,8958
9022005004230002,Garnisonen,9022005001249002,US Södra entrén,am_rush,123.56,15894,9011005020200000,0,115.33,7946
9022005004230002,Garnisonen,9022005001249002,US Södra entrén,am_rush,123.56,15894,9011005020400000,0,131.78,7948
9022005004236002,Djurgården,9022005000404002,Infanterivägen,am_rush,82.27,2041,9011005020200000,0,83.6,1021
9022005004236002,Djurgården,9022005000404002,Infanterivägen,am_rush,82.27,2041,9011005020400000,0,80.93,1020
9022005004236002,Djurgården,9022005004230002,Garnisonen,am_rush,110.05,15891,9011005020200000,0,110.56,7944
9022005004236002,Djurgården,9022005004230002,Garnisonen,am_rush,110.05,15891,9011005020400000,0,109.55,7947
9022005004250001,Hemmansgatan,9022005004251001,Djurgården centrum,am_rush,89.35,8960,9011005020200000,0,89.35,8960
9022005004251001,Djurgården centrum,9022005004236002,Djurgården,am_rush,161.87,8963,9011005020200000,0,161.87,8963
9022005000046004,Trädgårdstorget,9022005000050006,Linköpings resecentrum,day,364.63,525,9011005020200000,0,356.83,264
9022005000046004,Trädgårdstorget,9022005000050006,Linköpings resecentrum,day,364.63,525,9011005020400000,0,372.51,261
9022005000198002,US Norra entrén,9022005000042002,Tinnerbäcksbadet,day,148.88,52376,9011005020200000,0,147.66,14120
9022005000198002,US Norra entrén,9022005000042002,Tinnerbäcksbadet,day,148.88,52376,9011005020400000,0,152.69,14377
9022005000198002,US Norra entrén,9022005000042002,Tinnerbäcksbadet,day,148.88,52376,9011005021600000,1,148.78,7949
9022005000198002,US Norra entrén,9022005000042002,Tinnerbäcksbadet,day,148.88,52376,9011005021700000,0,148.2,8160
9022005000198002,US Norra entrén,9022005000042002,Tinnerbäcksbadet,day,148.88,52376,9011005021800000,0,144.89,7770
9022005000404002,Infanterivägen,9022005001249002,US Södra entrén,day,158.72,3382,9011005020200000,0,157.32,1692
9022005000404002,Infanterivägen,9022005001249002,US Södra entrén,day,158.72,3382,9011005020400000,0,160.12,1690
9022005001243002,Kungsgatan,9022005000050006,Linköpings resecentrum,day,142.95,27979,9011005020200000,0,141.2,13859
9022005001243002,Kungsgatan,9022005000050006,Linköpings resecentrum,day,142.95,27979,9011005020400000,0,144.67,14120
9022005001249002,US Södra entrén,9022005000198002,US Norra entrén,day,98.81,52301,9011005020200000,0,96.27,14101
9022005001249002,US Södra entrén,9022005000198002,US Norra entrén,day,98.81,52301,9011005020400000,0,95.18,14353
9022005001249002,US Södra entrén,9022005000198002,US Norra entrén,day,98.81,52301,9011005021600000,1,104.73,7947
9022005001249002,US Södra entrén,9022005000198002,US Norra entrén,day,98.81,52301,9011005021700000,0,108.03,8135
9022005001249002,US Södra entrén,9022005000198002,US Norra entrén,day,98.81,52301,9011005021800000,0,94.41,7765
9022005004076001,Bygdegatan,9022005004250001,Hemmansgatan,day,86.02,14103,9011005020200000,0,86.02,14103
9022005004084001,Odalgatan,9022005004076001,Bygdegatan,day,56.33,14101,9011005020200000,0,56.33,14101
9022005004230002,Garnisonen,9022005001249002,US Södra entrén,day,122.52,25068,9011005020200000,0,119.85,12408
9022005004230002,Garnisonen,9022005001249002,US Södra entrén,day,122.52,25068,9011005020400000,0,125.14,12660
9022005004236002,Djurgården,9022005000198002,US Norra entrén,day,88.37,33,9011005020200000,0,86.2,15
9022005004236002,Djurgården,9022005000198002,US Norra entrén,day,88.37,33,9011005020400000,0,90.17,18
9022005004236002,Djurgården,9022005000404002,Infanterivägen,day,87.73,3382,9011005020200000,0,86.65,1692
9022005004236002,Djurgården,9022005000404002,Infanterivägen,day,87.73,3382,9011005020400000,0,88.82,1690
9022005004236002,Djurgården,9022005004230002,Garnisonen,day,117.79,25063,9011005020200000,0,117.78,12405
9022005004236002,Djurgården,9022005004230002,Garnisonen,day,117.79,25063,9011005020400000,0,117.8,12658
9022005004250001,Hemmansgatan,9022005004251001,Djurgården centrum,day,97.05,14108,9011005020200000,0,97.05,14108
9022005004251001,Djurgården centrum,9022005004236002,Djurgården,day,160.18,14113,9011005020200000,0,160.18,14113
9022005000046004,Trädgårdstorget,9022005000050006,Linköpings resecentrum,night,277.22,562,9011005020200000,0,279.21,275
9022005000046004,Trädgårdstorget,9022005000050006,Linköpings resecentrum,night,277.22,562,9011005020400000,0,275.32,287
9022005000198002,US Norra entrén,9022005000042002,Tinnerbäcksbadet,night,125.15,65361,9011005020200000,0,127.67,15329
9022005000198002,US Norra entrén,9022005000042002,Tinnerbäcksbadet,night,125.15,65361,9011005020400000,0,127.21,15953
9022005000198002,US Norra entrén,9022005000042002,Tinnerbäcksbadet,night,125.15,65361,9011005021600000,1,123.7,10941
9022005000198002,US Norra entrén,9022005000042002,Tinnerbäcksbadet,night,125.15,65361,9011005021700000,0,120.82,11297
9022005000198002,US Norra entrén,9022005000042002,Tinnerbäcksbadet,night,125.15,65361,9011005021800000,0,124.59,11841
9022005000404002,Infanterivägen,9022005001249002,US Södra entrén,night,140.21,3609,9011005020200000,0,134.6,1768
9022005000404002,Infanterivägen,9022005001249002,US Södra entrén,night,140.21,3609,9011005020400000,0,145.59,1841
9022005001243002,Kungsgatan,9022005000050006,Linköpings resecentrum,night,121.66,30728,9011005020200000,0,116.84,15056
9022005001243002,Kungsgatan,9022005000050006,Linköpings resecentrum,night,121.66,30728,9011005020400000,0,126.3,15672
9022005001249002,US Södra entrén,9022005000198002,US Norra entrén,night,80.38,65327,9011005020200000,0,76.84,15322
9022005001249002,US Södra entrén,9022005000198002,US Norra entrén,night,80.38,65327,9011005020400000,0,76.41,15949
9022005001249002,US Södra entrén,9022005000198002,US Norra entrén,night,80.38,65327,9011005021600000,1,89.64,10940
9022005001249002,US Södra entrén,9022005000198002,US Norra entrén,night,80.38,65327,9011005021700000,0,87.9,11289
9022005001249002,US Södra entrén,9022005000198002,US Norra entrén,night,80.38,65327,9011005021800000,0,74.59,11827
9022005004076001,Bygdegatan,9022005004250001,Hemmansgatan,night,79.17,15306,9011005020200000,0,79.17,15306
9022005004084001,Odalgatan,9022005004076001,Bygdegatan,night,48.35,15306,9011005020200000,0,48.35,15306
9022005004230002,Garnisonen,9022005001249002,US Södra entrén,night,110.78,27654,9011005020200000,0,103.39,13550
9022005004230002,Garnisonen,9022005001249002,US Södra entrén,night,110.78,27654,9011005020400000,0,117.88,14104
9022005004236002,Djurgården,9022005000404002,Infanterivägen,night,68.69,3608,9011005020200000,0,69.46,1767
9022005004236002,Djurgården,9022005000404002,Infanterivägen,night,68.69,3608,9011005020400000,0,67.96,1841
9022005004236002,Djurgården,9022005004230002,Garnisonen,night,98.93,27650,9011005020200000,0,99.4,13548
9022005004236002,Djurgården,9022005004230002,Garnisonen,night,98.93,27650,9011005020400000,0,98.48,14102
9022005004250001,Hemmansgatan,9022005004251001,Djurgården centrum,night,94.49,15307,9011005020200000,0,94.49,15307
9022005004251001,Djurgården centrum,9022005004236002,Djurgården,night,164.0,15312,9011005020200000,0,164.0,15312
9022005000046004,Trädgårdstorget,9022005000050006,Linköpings resecentrum,pm_rush,317.68,220,9011005020200000,0,334.98,110
9022005000046004,Trädgårdstorget,9022005000050006,Linköpings resecentrum,pm_rush,317.68,220,9011005020400000,0,300.38,110
9022005000198002,US Norra entrén,9022005000042002,Tinnerbäcksbadet,pm_rush,169.17,22957,9011005020200000,0,168.65,6067
9022005000198002,US Norra entrén,9022005000042002,Tinnerbäcksbadet,pm_rush,169.17,22957,9011005020400000,0,174.4,6087
9022005000198002,US Norra entrén,9022005000042002,Tinnerbäcksbadet,pm_rush,169.17,22957,9011005021600000,1,165.6,3508
9022005000198002,US Norra entrén,9022005000042002,Tinnerbäcksbadet,pm_rush,169.17,22957,9011005021700000,0,167.14,3607
9022005000198002,US Norra entrén,9022005000042002,Tinnerbäcksbadet,pm_rush,169.17,22957,9011005021800000,0,166.77,3688
9022005000404002,Infanterivägen,9022005001249002,US Södra entrén,pm_rush,171.04,1420,9011005020200000,0,168.26,710
9022005000404002,Infanterivägen,9022005001249002,US Södra entrén,pm_rush,171.04,1420,9011005020400000,0,173.83,710
9022005001243002,Kungsgatan,9022005000050006,Linköpings resecentrum,pm_rush,140.13,11933,9011005020200000,0,141.34,5958
9022005001243002,Kungsgatan,9022005000050006,Linköpings resecentrum,pm_rush,140.13,11933,9011005020400000,0,138.92,5975
9022005001249002,US Södra entrén,9022005000198002,US Norra entrén,pm_rush,104.29,22945,9011005020200000,0,102.11,6064
9022005001249002,US Södra entrén,9022005000198002,US Norra entrén,pm_rush,104.29,22945,9011005020400000,0,101.46,6085
9022005001249002,US Södra entrén,9022005000198002,US Norra entrén,pm_rush,104.29,22945,9011005021600000,1,113.81,3508
9022005001249002,US Södra entrén,9022005000198002,US Norra entrén,pm_rush,104.29,22945,9011005021700000,0,109.42,3602
9022005001249002,US Södra entrén,9022005000198002,US Norra entrén,pm_rush,104.29,22945,9011005021800000,0,98.47,3686
9022005004076001,Bygdegatan,9022005004250001,Hemmansgatan,pm_rush,86.39,6062,9011005020200000,0,86.39,6062
9022005004084001,Odalgatan,9022005004076001,Bygdegatan,pm_rush,51.93,6062,9011005020200000,0,51.93,6062
9022005004230002,Garnisonen,9022005001249002,US Södra entrén,pm_rush,125.75,10731,9011005020200000,0,121.68,5356
9022005004230002,Garnisonen,9022005001249002,US Södra entrén,pm_rush,125.75,10731,9011005020400000,0,129.81,5375
9022005004236002,Djurgården,9022005000404002,Infanterivägen,pm_rush,92.97,1420,9011005020200000,0,92.24,710
9022005004236002,Djurgården,9022005000404002,Infanterivägen,pm_rush,92.97,1420,9011005020400000,0,93.7,710
9022005004236002,Djurgården,9022005004230002,Garnisonen,pm_rush,119.87,10731,9011005020200000,0,120.02,5355
9022005004236002,Djurgården,9022005004230002,Garnisonen,pm_rush,119.87,10731,9011005020400000,0,119.73,5376
9022005004250001,Hemmansgatan,9022005004251001,Djurgården centrum,pm_rush,99.09,6062,9011005020200000,0,99.09,6062
9022005004251001,Djurgården centrum,9022005004236002,Djurgården,pm_rush,162.32,6065,9011005020200000,0,162.32,6065
9022005000046004,Trädgårdstorget,9022005000050006,Linköpings resecentrum,weekend,286.99,396,9011005020200000,0,292.81,198
9022005000046004,Trädgårdstorget,9022005000050006,Linköpings resecentrum,weekend,286.99,396,9011005020400000,0,281.18,198
9022005000198002,US Norra entrén,9022005000042002,Tinnerbäcksbadet,weekend,123.26,51761,9011005020200000,0,124.52,12569
9022005000198002,US Norra entrén,9022005000042002,Tinnerbäcksbadet,weekend,123.26,51761,9011005020400000,0,124.77,12601
9022005000198002,US Norra entrén,9022005000042002,Tinnerbäcksbadet,weekend,123.26,51761,9011005021600000,1,121.11,9077
9022005000198002,US Norra entrén,9022005000042002,Tinnerbäcksbadet,weekend,123.26,51761,9011005021700000,0,121.97,8957
9022005000198002,US Norra entrén,9022005000042002,Tinnerbäcksbadet,weekend,123.26,51761,9011005021800000,0,122.8,8557
9022005000404002,Infanterivägen,9022005001249002,US Södra entrén,weekend,141.41,2848,9011005020200000,0,134.61,1423
9022005000404002,Infanterivägen,9022005001249002,US Södra entrén,weekend,141.41,2848,9011005020400000,0,148.2,1425
9022005001243002,Kungsgatan,9022005000050006,Linköpings resecentrum,weekend,134.19,24776,9011005020200000,0,129.87,12373
9022005001243002,Kungsgatan,9022005000050006,Linköpings resecentrum,weekend,134.19,24776,9011005020400000,0,138.49,12403
9022005001249002,US Södra entrén,9022005000198002,US Norra entrén,weekend,77.79,51730,9011005020200000,0,74.03,12568
9022005001249002,US Södra entrén,9022005000198002,US Norra entrén,weekend,77.79,51730,9011005020400000,0,75.1,12601
9022005001249002,US Södra entrén,9022005000198002,US Norra entrén,weekend,77.79,51730,9011005021600000,1,84.5,9077
9022005001249002,US Södra entrén,9022005000198002,US Norra entrén,weekend,77.79,51730,9011005021700000,0,86.29,8941
9022005001249002,US Södra entrén,9022005000198002,US Norra entrén,weekend,77.79,51730,9011005021800000,0,71.26,8543
9022005004076001,Bygdegatan,9022005004250001,Hemmansgatan,weekend,83.58,12561,9011005020200000,0,83.58,12561
9022005004084001,Odalgatan,9022005004076001,Bygdegatan,weekend,51.9,12561,9011005020200000,0,51.9,12561
9022005004230002,Garnisonen,9022005001249002,US Södra entrén,weekend,112.48,22319,9011005020200000,0,105.81,11143
9022005004230002,Garnisonen,9022005001249002,US Södra entrén,weekend,112.48,22319,9011005020400000,0,119.14,11176
9022005004236002,Djurgården,9022005000404002,Infanterivägen,weekend,69.02,2848,9011005020200000,0,69.78,1423
9022005004236002,Djurgården,9022005000404002,Infanterivägen,weekend,69.02,2848,9011005020400000,0,68.26,1425
9022005004236002,Djurgården,9022005004230002,Garnisonen,weekend,97.51,22315,9011005020200000,0,97.97,11140
9022005004236002,Djurgården,9022005004230002,Garnisonen,weekend,97.51,22315,9011005020400000,0,97.06,11175
9022005004250001,Hemmansgatan,9022005004251001,Djurgården centrum,weekend,94.06,12562,9011005020200000,0,94.06,12562
9022005004251001,Djurgården centrum,9022005004236002,Djurgården,weekend,160.12,12564,9011005020200000,0,160.12,12564
9022005000042001,Tinnerbäcksbadet,9022005000198001,US Norra entrén,am_rush,111.83,31152,9011005020200000,1,112.12,8583
9022005000042001,Tinnerbäcksbadet,9022005000198001,US Norra entrén,am_rush,111.83,31152,9011005020400000,1,113.84,8424
9022005000042001,Tinnerbäcksbadet,9022005000198001,US Norra entrén,am_rush,111.83,31152,9011005021600000,0,110.19,4939
9022005000042001,Tinnerbäcksbadet,9022005000198001,US Norra entrén,am_rush,111.83,31152,9011005021700000,1,110.9,4819
9022005000042001,Tinnerbäcksbadet,9022005000198001,US Norra entrén,am_rush,111.83,31152,9011005021800000,1,110.28,4387
9022005000198001,US Norra entrén,9022005001249001,US Södra entrén,am_rush,95.76,31212,9011005020200000,1,94.43,8584
9022005000198001,US Norra entrén,9022005001249001,US Södra entrén,am_rush,95.76,31212,9011005020400000,1,97.64,8425
9022005000198001,US Norra entrén,9022005001249001,US Södra entrén,am_rush,95.76,31212,9011005021600000,0,94.89,4996
9022005000198001,US Norra entrén,9022005001249001,US Södra entrén,am_rush,95.76,31212,9011005021700000,1,95.52,4819
9022005000198001,US Norra entrén,9022005001249001,US Södra entrén,am_rush,95.76,31212,9011005021800000,1,96.02,4388
9022005000404001,Infanterivägen,9022005004236001,Djurgården,am_rush,62.78,1978,9011005020200000,1,61.91,1023
9022005000404001,Infanterivägen,9022005004236001,Djurgården,am_rush,62.78,1978,9011005020400000,1,63.71,955
9022005001249001,US Södra entrén,9022005000404001,Infanterivägen,am_rush,165.45,1978,9011005020200000,1,163.06,1023
9022005001249001,US Södra entrén,9022005000404001,Infanterivägen,am_rush,165.45,1978,9011005020400000,1,168.0,955
9022005001249001,US Södra entrén,9022005004230001,Garnisonen,am_rush,114.42,15032,9011005020200000,1,113.09,7562
9022005001249001,US Södra entrén,9022005004230001,Garnisonen,am_rush,114.42,15032,9011005020400000,1,115.76,7470
9022005004076002,Bygdegatan,9022005004084002,Odalgatan,am_rush,40.59,8658,9011005020200000,1,40.59,8658
9022005004084002,Odalgatan,9022005000469003,Tegskiftesgatan,am_rush,51.46,8658,9011005020200000,1,51.46,8658
9022005004230001,Garnisonen,9022005004236001,Djurgården,am_rush,93.55,15051,9011005020200000,1,94.02,7581
9022005004230001,Garnisonen,9022005004236001,Djurgården,am_rush,93.55,15051,9011005020400000,1,93.08,7470
9022005004236001,Djurgården,9022005004251002,Djurgården centrum,am_rush,157.62,8656,9011005020200000,1,157.62,8656
9022005004250002,Hemmansgatan,9022005004076002,Bygdegatan,am_rush,68.05,8657,9011005020200000,1,68.05,8657
9022005004251002,Djurgården centrum,9022005004250002,Hemmansgatan,am_rush,95.64,8658,9011005020200000,1,95.64,8658
9022005000042001,Tinnerbäcksbadet,9022005000198001,US Norra entrén,day,109.22,52894,9011005020200000,1,107.91,13597
9022005000042001,Tinnerbäcksbadet,9022005000198001,US Norra entrén,day,109.22,52894,9011005020400000,1,112.68,14846
9022005000042001,Tinnerbäcksbadet,9022005000198001,US Norra entrén,day,109.22,52894,9011005021600000,0,106.41,7313
9022005000042001,Tinnerbäcksbadet,9022005000198001,US Norra entrén,day,109.22,52894,9011005021700000,1,109.82,8177
9022005000042001,Tinnerbäcksbadet,9022005000198001,US Norra entrén,day,109.22,52894,9011005021800000,1,107.24,8961
9022005000198001,US Norra entrén,9022005001249001,US Södra entrén,day,99.34,52970,9011005020200000,1,99.43,13603
9022005000198001,US Norra entrén,9022005001249001,US Södra entrén,day,99.34,52970,9011005020400000,1,99.94,14849
9022005000198001,US Norra entrén,9022005001249001,US Södra entrén,day,99.34,52970,9011005021600000,0,95.94,7373
9022005000198001,US Norra entrén,9022005001249001,US Södra entrén,day,99.34,52970,9011005021700000,1,102.6,8181
9022005000198001,US Norra entrén,9022005001249001,US Södra entrén,day,99.34,52970,9011005021800000,1,98.05,8964
9022005000404001,Infanterivägen,9022005004236001,Djurgården,day,61.58,3452,9011005020200000,1,61.42,1691
9022005000404001,Infanterivägen,9022005004236001,Djurgården,day,61.58,3452,9011005020400000,1,61.73,1761
9022005001249001,US Södra entrén,9022005000404001,Infanterivägen,day,158.27,3452,9011005020200000,1,155.4,1691
9022005001249001,US Södra entrén,9022005000404001,Infanterivägen,day,158.27,3452,9011005020400000,1,161.02,1761
9022005001249001,US Södra entrén,9022005004230001,Garnisonen,day,114.2,24977,9011005020200000,1,112.6,11901
9022005001249001,US Södra entrén,9022005004230001,Garnisonen,day,114.2,24977,9011005020400000,1,115.65,13076
9022005001249001,US Södra entrén,9022005004251002,Djurgården centrum,day,170.19,16,9011005020200000,1,170.19,16
9022005004076002,Bygdegatan,9022005004084002,Odalgatan,day,45.81,13744,9011005020200000,1,45.81,13744
9022005004084002,Odalgatan,9022005000469003,Tegskiftesgatan,day,50.93,13744,9011005020200000,1,50.93,13744
9022005004230001,Garnisonen,9022005004236001,Djurgården,day,92.01,25023,9011005020200000,1,92.2,11947
9022005004230001,Garnisonen,9022005004236001,Djurgården,day,92.01,25023,9011005020400000,1,91.83,13076
9022005004236001,Djurgården,9022005004251002,Djurgården centrum,day,162.19,13717,9011005020200000,1,162.19,13717
9022005004250002,Hemmansgatan,9022005004076002,Bygdegatan,day,74.04,13744,9011005020200000,1,74.04,13744
9022005004251002,Djurgården centrum,9022005004250002,Hemmansgatan,day,101.68,13744,9011005020200000,1,101.68,13744
9022005000042001,Tinnerbäcksbadet,9022005000198001,US Norra entrén,night,94.23,61674,9011005020200000,1,94.84,14268
9022005000042001,Tinnerbäcksbadet,9022005000198001,US Norra entrén,night,94.23,61674,9011005020400000,1,96.01,14697
9022005000042001,Tinnerbäcksbadet,9022005000198001,US Norra entrén,night,94.23,61674,9011005021600000,0,92.12,11212
9022005000042001,Tinnerbäcksbadet,9022005000198001,US Norra entrén,night,94.23,61674,9011005021700000,1,93.71,10669
9022005000042001,Tinnerbäcksbadet,9022005000198001,US Norra entrén,night,94.23,61674,9011005021800000,1,93.73,10828
9022005000198001,US Norra entrén,9022005001249001,US Södra entrén,night,86.11,61783,9011005020200000,1,88.78,14270
9022005000198001,US Norra entrén,9022005001249001,US Södra entrén,night,86.11,61783,9011005020400000,1,87.94,14698
9022005000198001,US Norra entrén,9022005001249001,US Södra entrén,night,86.11,61783,9011005021600000,0,81.11,11317
9022005000198001,US Norra entrén,9022005001249001,US Södra entrén,night,86.11,61783,9011005021700000,1,86.33,10670
9022005000198001,US Norra entrén,9022005001249001,US Södra entrén,night,86.11,61783,9011005021800000,1,85.13,10828
9022005000404001,Infanterivägen,9022005004236001,Djurgården,night,60.12,3408,9011005020200000,1,60.91,1704
9022005000404001,Infanterivägen,9022005004236001,Djurgården,night,60.12,3408,9011005020400000,1,59.34,1704
9022005001249001,US Södra entrén,9022005000404001,Infanterivägen,night,132.48,3408,9011005020200000,1,132.75,1704
9022005001249001,US Södra entrén,9022005000404001,Infanterivägen,night,132.48,3408,9011005020400000,1,132.21,1704
9022005001249001,US Södra entrén,9022005004230001,Garnisonen,night,101.0,25568,9011005020200000,1,100.99,12573
9022005001249001,US Södra entrén,9022005004230001,Garnisonen,night,101.0,25568,9011005020400000,1,101.0,12995
9022005004076002,Bygdegatan,9022005004084002,Odalgatan,night,50.16,14424,9011005020200000,1,50.16,14424
9022005004084002,Odalgatan,9022005000469003,Tegskiftesgatan,night,54.53,14423,9011005020200000,1,54.53,14423
9022005004230001,Garnisonen,9022005004236001,Djurgården,night,88.57,25602,9011005020200000,1,89.57,12606
9022005004230001,Garnisonen,9022005004236001,Djurgården,night,88.57,25602,9011005020400000,1,87.6,12996
9022005004236001,Djurgården,9022005004251002,Djurgården centrum,night,162.26,14400,9011005020200000,1,162.26,14400
9022005004250002,Hemmansgatan,9022005004076002,Bygdegatan,night,76.41,14424,9011005020200000,1,76.41,14424
9022005004251002,Djurgården centrum,9022005004250002,Hemmansgatan,night,102.15,14422,9011005020200000,1,102.15,14422
9022005000042001,Tinnerbäcksbadet,9022005000198001,US Norra entrén,pm_rush,117.49,22156,9011005020200000,1,116.82,5863
9022005000042001,Tinnerbäcksbadet,9022005000198001,US Norra entrén,pm_rush,117.49,22156,9011005020400000,1,120.52,6086
9022005000042001,Tinnerbäcksbadet,9022005000198001,US Norra entrén,pm_rush,117.49,22156,9011005021600000,0,113.48,3432
9022005000042001,Tinnerbäcksbadet,9022005000198001,US Norra entrén,pm_rush,117.49,22156,9011005021700000,1,118.22,3087
9022005000042001,Tinnerbäcksbadet,9022005000198001,US Norra entrén,pm_rush,117.49,22156,9011005021800000,1,116.68,3688
9022005000198001,US Norra entrén,9022005001249001,US Södra entrén,pm_rush,98.99,22182,9011005020200000,1,98.91,5864
9022005000198001,US Norra entrén,9022005001249001,US Södra entrén,pm_rush,98.99,22182,9011005020400000,1,101.26,6086
9022005000198001,US Norra entrén,9022005001249001,US Södra entrén,pm_rush,98.99,22182,9011005021600000,0,94.27,3458
9022005000198001,US Norra entrén,9022005001249001,US Södra entrén,pm_rush,98.99,22182,9011005021700000,1,101.58,3087
9022005000198001,US Norra entrén,9022005001249001,US Södra entrén,pm_rush,98.99,22182,9011005021800000,1,97.65,3687
9022005000404001,Infanterivägen,9022005004236001,Djurgården,pm_rush,63.71,1420,9011005020200000,1,64.22,710
9022005000404001,Infanterivägen,9022005004236001,Djurgården,pm_rush,63.71,1420,9011005020400000,1,63.19,710
9022005001249001,US Södra entrén,9022005000404001,Infanterivägen,pm_rush,208.64,1420,9011005020200000,1,204.85,710
9022005001249001,US Södra entrén,9022005000404001,Infanterivägen,pm_rush,208.64,1420,9011005020400000,1,212.44,710
9022005001249001,US Södra entrén,9022005004230001,Garnisonen,pm_rush,114.35,10531,9011005020200000,1,113.59,5154
9022005001249001,US Södra entrén,9022005004230001,Garnisonen,pm_rush,114.35,10531,9011005020400000,1,115.07,5377
9022005004076002,Bygdegatan,9022005004084002,Odalgatan,pm_rush,53.15,5911,9011005020200000,1,53.15,5911
9022005004084002,Odalgatan,9022005000469003,Tegskiftesgatan,pm_rush,42.38,5910,9011005020200000,1,42.38,5910
9022005004230001,Garnisonen,9022005004236001,Djurgården,pm_rush,92.25,10534,9011005020200000,1,92.13,5157
9022005004230001,Garnisonen,9022005004236001,Djurgården,pm_rush,92.25,10534,9011005020400000,1,92.37,5377
9022005004236001,Djurgården,9022005004251002,Djurgården centrum,pm_rush,165.09,5900,9011005020200000,1,165.09,5900
9022005004250002,Hemmansgatan,9022005004076002,Bygdegatan,pm_rush,80.38,5911,9011005020200000,1,80.38,5911
9022005004251002,Djurgården centrum,9022005004250002,Hemmansgatan,pm_rush,109.42,5911,9011005020200000,1,109.42,5911
9022005000042001,Tinnerbäcksbadet,9022005000198001,US Norra entrén,weekend,90.35,50950,9011005020200000,1,91.22,11774
9022005000042001,Tinnerbäcksbadet,9022005000198001,US Norra entrén,weekend,90.35,50950,9011005020400000,1,92.68,12404
9022005000042001,Tinnerbäcksbadet,9022005000198001,US Norra entrén,weekend,90.35,50950,9011005021600000,0,87.82,8764
9022005000042001,Tinnerbäcksbadet,9022005000198001,US Norra entrén,weekend,90.35,50950,9011005021700000,1,88.93,8880
9022005000042001,Tinnerbäcksbadet,9022005000198001,US Norra entrén,weekend,90.35,50950,9011005021800000,1,89.88,9128
9022005000198001,US Norra entrén,9022005001249001,US Södra entrén,weekend,96.02,51015,9011005020200000,1,101.12,11774
9022005000198001,US Norra entrén,9022005001249001,US Södra entrén,weekend,96.02,51015,9011005020400000,1,97.72,12406
9022005000198001,US Norra entrén,9022005001249001,US Södra entrén,weekend,96.02,51015,9011005021600000,0,85.39,8827
9022005000198001,US Norra entrén,9022005001249001,US Södra entrén,weekend,96.02,51015,9011005021700000,1,95.81,8880
9022005000198001,US Norra entrén,9022005001249001,US Södra entrén,weekend,96.02,51015,9011005021800000,1,97.6,9128
9022005000404001,Infanterivägen,9022005004236001,Djurgården,weekend,60.71,2788,9011005020200000,1,61.46,1380
9022005000404001,Infanterivägen,9022005004236001,Djurgården,weekend,60.71,2788,9011005020400000,1,59.97,1408
9022005001249001,US Södra entrén,9022005000404001,Infanterivägen,weekend,130.63,2787,9011005020200000,1,130.22,1380
9022005001249001,US Södra entrén,9022005000404001,Infanterivägen,weekend,130.63,2787,9011005020400000,1,131.04,1407
9022005001249001,US Södra entrén,9022005004230001,Garnisonen,weekend,98.71,21398,9011005020200000,1,98.77,10398
9022005001249001,US Södra entrén,9022005004230001,Garnisonen,weekend,98.71,21398,9011005020400000,1,98.66,11000
9022005004076002,Bygdegatan,9022005004084002,Odalgatan,weekend,46.6,11879,9011005020200000,1,46.6,11879
9022005004084002,Odalgatan,9022005000469003,Tegskiftesgatan,weekend,62.13,11879,9011005020200000,1,62.13,11879
9022005004230001,Garnisonen,9022005004236001,Djurgården,weekend,88.79,21437,9011005020200000,1,89.42,10436
9022005004230001,Garnisonen,9022005004236001,Djurgården,weekend,88.79,21437,9011005020400000,1,88.19,11001
9022005004236001,Djurgården,9022005004251002,Djurgården centrum,weekend,162.44,11869,9011005020200000,1,162.44,11869
9022005004250002,Hemmansgatan,9022005004076002,Bygdegatan,weekend,73.68,11879,9011005020200000,1,73.68,11879
9022005004251002,Djurgården centrum,9022005004250002,Hemmansgatan,weekend,100.17,11879,9011005020200000,1,100.17,11879
9022005000214001,Ryd centrum,9022005001315001,Solhaga,am_rush,123.4,11957,9011005020300000,0,123.4,11957
9022005000215001,Gamla Linköping,9022005001254001,Vallaplan,am_rush,71.12,26829,9011005020300000,0,71.76,11956
9022005000215001,Gamla Linköping,9022005001254001,Vallaplan,am_rush,71.12,26829,9011005020600000,0,69.51,8974
9022005000215001,Gamla Linköping,9022005001254001,Vallaplan,am_rush,71.12,26829,9011005021200000,0,72.25,5899
9022005001243002,Kungsgatan,9022005000050005,Linköpings resecentrum,am_rush,116.58,11747,9011005020300000,0,116.58,11747
9022005001253001,Parkgatan,9022005001259002,Barnhemsgatan,am_rush,108.08,21170,9011005020300000,0,108.41,11962
9022005001253001,Parkgatan,9022005001259002,Barnhemsgatan,am_rush,108.08,21170,9011005020600000,0,107.94,8978
9022005001253001,Parkgatan,9022005001259002,Barnhemsgatan,am_rush,108.08,21170,9011005021200000,0,96.31,230
9022005001254001,Vallaplan,9022005001253001,Parkgatan,am_rush,73.26,26834,9011005020300000,0,72.75,11955
9022005001254001,Vallaplan,9022005001253001,Parkgatan,am_rush,73.26,26834,9011005020600000,0,71.99,8976
9022005001254001,Vallaplan,9022005001253001,Parkgatan,am_rush,73.26,26834,9011005021200000,0,76.21,5903
9022005001259002,Barnhemsgatan,9022005000046004,Trädgårdstorget,am_rush,216.97,1229,9011005020300000,0,211.3,1079
9022005001259002,Barnhemsgatan,9022005000046004,Trädgårdstorget,am_rush,216.97,1229,9011005020600000,0,257.76,150
9022005001259002,Barnhemsgatan,9022005001268002,Stora Torget,am_rush,123.28,18893,9011005020300000,0,123.18,10883
9022005001259002,Barnhemsgatan,9022005001268002,Stora Torget,am_rush,123.28,18893,9011005020600000,0,123.42,8010
9022005001268002,Stora Torget,9022005000050005,Linköpings resecentrum,am_rush,325.11,216,9011005020300000,0,325.11,216
9022005001268002,Stora Torget,9022005001243002,Kungsgatan,am_rush,113.08,18514,9011005020300000,0,113.31,10668
9022005001268002,Stora Torget,9022005001243002,Kungsgatan,am_rush,113.08,18514,9011005020600000,0,112.76,7846
9022005001315001,Solhaga,9022005000215001,Gamla Linköping,am_rush,164.1,11955,9011005020300000,0,164.1,11955
9022005001338001,Alsättersgatan,9022005001341001,Hangaren,am_rush,66.31,11954,9011005020300000,0,66.31,11954
9022005001339001,Björnkärrsskolan,9022005001338001,Alsättersgatan,am_rush,59.67,11954,9011005020300000,0,59.67,11954
9022005001341001,Hangaren,9022005001343001,Mårdtorpsgatan,am_rush,102.87,11956,9011005020300000,0,102.87,11956
9022005001343001,Mårdtorpsgatan,9022005000214001,Ryd centrum,am_rush,88.04,11957,9011005020300000,0,88.04,11957
9022005000214001,Ryd centrum,9022005001315001,Solhaga,day,120.39,23449,9011005020300000,0,121.48,19785
9022005000214001,Ryd centrum,9022005001315001,Solhaga,day,120.39,23449,9011005022600000,0,114.53,3664
9022005000215001,Gamla Linköping,9022005001254001,Vallaplan,day,69.37,44337,9011005020300000,0,70.48,19792
9022005000215001,Gamla Linköping,9022005001254001,Vallaplan,day,69.37,44337,9011005020600000,0,68.14,14388
9022005000215001,Gamla Linköping,9022005001254001,Vallaplan,day,69.37,44337,9011005021200000,0,68.95,10157
9022005001243002,Kungsgatan,9022005000050005,Linköpings resecentrum,day,114.02,19421,9011005020300000,0,114.02,19421
9022005001253001,Parkgatan,9022005001259002,Barnhemsgatan,day,108.3,34644,9011005020300000,0,109.59,19808
9022005001253001,Parkgatan,9022005001259002,Barnhemsgatan,day,108.3,34644,9011005020600000,0,106.75,14401
9022005001253001,Parkgatan,9022005001259002,Barnhemsgatan,day,108.3,34644,9011005021200000,0,101.04,435
9022005001254001,Vallaplan,9022005001253001,Parkgatan,day,71.59,44356,9011005020300000,0,72.43,19800
9022005001254001,Vallaplan,9022005001253001,Parkgatan,day,71.59,44356,9011005020600000,0,70.58,14394
9022005001254001,Vallaplan,9022005001253001,Parkgatan,day,71.59,44356,9011005021200000,0,71.37,10162
9022005001259002,Barnhemsgatan,9022005000046004,Trädgårdstorget,day,234.42,2163,9011005020300000,0,231.27,1953
9022005001259002,Barnhemsgatan,9022005000046004,Trädgårdstorget,day,234.42,2163,9011005020600000,0,263.75,210
9022005001259002,Barnhemsgatan,9022005001268002,Stora Torget,day,129.54,30479,9011005020300000,0,129.17,17860
9022005001259002,Barnhemsgatan,9022005001268002,Stora Torget,day,129.54,30479,9011005020600000,0,130.07,12619
9022005001268002,Stora Torget,9022005000050005,Linköpings resecentrum,day,310.61,393,9011005020300000,0,310.61,393
9022005001268002,Stora Torget,9022005001243002,Kungsgatan,day,119.89,29825,9011005020300000,0,121.12,17468
9022005001268002,Stora Torget,9022005001243002,Kungsgatan,day,119.89,29825,9011005020600000,0,118.14,12357
9022005001315001,Solhaga,9022005000215001,Gamla Linköping,day,157.59,19786,9011005020300000,0,157.59,19786
9022005001338001,Alsättersgatan,9022005001341001,Hangaren,day,58.31,19777,9011005020300000,0,58.31,19777
9022005001339001,Björnkärrsskolan,9022005001338001,Alsättersgatan,day,56.02,19777,9011005020300000,0,56.02,19777
9022005001341001,Hangaren,9022005001343001,Mårdtorpsgatan,day,95.32,19780,9011005020300000,0,95.32,19780
9022005001343001,Mårdtorpsgatan,9022005000214001,Ryd centrum,day,86.0,23446,9011005020300000,0,84.25,19783
9022005001343001,Mårdtorpsgatan,9022005000214001,Ryd centrum,day,86.0,23446,9011005022600000,0,95.46,3663
9022005000214001,Ryd centrum,9022005001315001,Solhaga,night,118.98,18000,9011005020300000,0,119.09,17406
9022005000214001,Ryd centrum,9022005001315001,Solhaga,night,118.98,18000,9011005022600000,0,115.69,594
9022005000215001,Gamla Linköping,9022005001254001,Vallaplan,night,64.4,38290,9011005020300000,0,64.52,17409
9022005000215001,Gamla Linköping,9022005001254001,Vallaplan,night,64.4,38290,9011005020600000,0,62.86,15535
9022005000215001,Gamla Linköping,9022005001254001,Vallaplan,night,64.4,38290,9011005021200000,0,68.49,5346
9022005001243002,Kungsgatan,9022005000050005,Linköpings resecentrum,night,107.95,17107,9011005020300000,0,107.95,17107
9022005001253001,Parkgatan,9022005001259002,Barnhemsgatan,night,90.35,33242,9011005020300000,0,91.59,17414
9022005001253001,Parkgatan,9022005001259002,Barnhemsgatan,night,90.35,33242,9011005020600000,0,88.98,15548
9022005001253001,Parkgatan,9022005001259002,Barnhemsgatan,night,90.35,33242,9011005021200000,0,89.3,280
9022005001254001,Vallaplan,9022005001253001,Parkgatan,night,60.77,38303,9011005020300000,0,60.67,17410
9022005001254001,Vallaplan,9022005001253001,Parkgatan,night,60.77,38303,9011005020600000,0,58.81,15544
9022005001254001,Vallaplan,9022005001253001,Parkgatan,night,60.77,38303,9011005021200000,0,66.81,5349
9022005001259002,Barnhemsgatan,9022005000046004,Trädgårdstorget,night,204.74,2351,9011005020300000,0,202.77,2101
9022005001259002,Barnhemsgatan,9022005000046004,Trädgårdstorget,night,204.74,2351,9011005020600000,0,221.34,250
9022005001259002,Barnhemsgatan,9022005001268002,Stora Torget,night,113.28,28902,9011005020300000,0,115.4,15316
9022005001259002,Barnhemsgatan,9022005001268002,Stora Torget,night,113.28,28902,9011005020600000,0,110.9,13586
9022005001268002,Stora Torget,9022005000050005,Linköpings resecentrum,night,283.61,309,9011005020300000,0,283.61,309
9022005001268002,Stora Torget,9022005001243002,Kungsgatan,night,99.29,28318,9011005020300000,0,101.83,15007
9022005001268002,Stora Torget,9022005001243002,Kungsgatan,night,99.29,28318,9011005020600000,0,96.43,13311
9022005001315001,Solhaga,9022005000215001,Gamla Linköping,night,148.74,17409,9011005020300000,0,148.74,17409
9022005001338001,Alsättersgatan,9022005001341001,Hangaren,night,57.21,17389,9011005020300000,0,57.21,17389
9022005001339001,Björnkärrsskolan,9022005001338001,Alsättersgatan,night,49.05,17386,9011005020300000,0,49.05,17386
9022005001341001,Hangaren,9022005001343001,Mårdtorpsgatan,night,91.6,17392,9011005020300000,0,91.6,17392
9022005001343001,Mårdtorpsgatan,9022005000214001,Ryd centrum,night,80.33,17998,9011005020300000,0,80.13,17404
9022005001343001,Mårdtorpsgatan,9022005000214001,Ryd centrum,night,80.33,17998,9011005022600000,0,86.15,594
9022005000214001,Ryd centrum,9022005001315001,Solhaga,pm_rush,122.56,8408,9011005020300000,0,123.29,7204
9022005000214001,Ryd centrum,9022005001315001,Solhaga,pm_rush,122.56,8408,9011005022600000,0,118.2,1204
9022005000215001,Gamla Linköping,9022005001254001,Vallaplan,pm_rush,74.29,17332,9011005020300000,0,73.7,7204
9022005000215001,Gamla Linköping,9022005001254001,Vallaplan,pm_rush,74.29,17332,9011005020600000,0,73.53,6450
9022005000215001,Gamla Linköping,9022005001254001,Vallaplan,pm_rush,74.29,17332,9011005021200000,0,76.76,3678
9022005001243002,Kungsgatan,9022005000050005,Linköpings resecentrum,pm_rush,124.25,7077,9011005020300000,0,124.25,7077
9022005001253001,Parkgatan,9022005001259002,Barnhemsgatan,pm_rush,117.47,13811,9011005020300000,0,117.81,7207
9022005001253001,Parkgatan,9022005001259002,Barnhemsgatan,pm_rush,117.47,13811,9011005020600000,0,117.25,6454
9022005001253001,Parkgatan,9022005001259002,Barnhemsgatan,pm_rush,117.47,13811,9011005021200000,0,110.69,150
9022005001254001,Vallaplan,9022005001253001,Parkgatan,pm_rush,78.09,17336,9011005020300000,0,77.13,7205
9022005001254001,Vallaplan,9022005001253001,Parkgatan,pm_rush,78.09,17336,9011005020600000,0,77.96,6452
9022005001254001,Vallaplan,9022005001253001,Parkgatan,pm_rush,78.09,17336,9011005021200000,0,80.22,3679
9022005001259002,Barnhemsgatan,9022005000046004,Trädgårdstorget,pm_rush,274.94,783,9011005020300000,0,262.97,683
9022005001259002,Barnhemsgatan,9022005000046004,Trädgårdstorget,pm_rush,274.94,783,9011005020600000,0,356.66,100
9022005001259002,Barnhemsgatan,9022005001268002,Stora Torget,pm_rush,135.74,12322,9011005020300000,0,135.29,6524
9022005001259002,Barnhemsgatan,9022005001268002,Stora Torget,pm_rush,135.74,12322,9011005020600000,0,136.25,5798
9022005001268002,Stora Torget,9022005000050005,Linköpings resecentrum,pm_rush,306.34,131,9011005020300000,0,306.34,131
9022005001268002,Stora Torget,9022005001243002,Kungsgatan,pm_rush,126.37,12071,9011005020300000,0,127.5,6394
9022005001268002,Stora Torget,9022005001243002,Kungsgatan,pm_rush,126.37,12071,9011005020600000,0,125.09,5677
9022005001315001,Solhaga,9022005000215001,Gamla Linköping,pm_rush,175.49,7203,9011005020300000,0,175.49,7203
9022005001338001,Alsättersgatan,9022005001341001,Hangaren,pm_rush,56.95,7203,9011005020300000,0,56.95,7203
9022005001339001,Björnkärrsskolan,9022005001338001,Alsättersgatan,pm_rush,52.77,7203,9011005020300000,0,52.77,7203
9022005001341001,Hangaren,9022005001343001,Mårdtorpsgatan,pm_rush,94.92,7204,9011005020300000,0,94.92,7204
9022005001343001,Mårdtorpsgatan,9022005000214001,Ryd centrum,pm_rush,84.93,8407,9011005020300000,0,84.29,7203
9022005001343001,Mårdtorpsgatan,9022005000214001,Ryd centrum,pm_rush,84.93,8407,9011005022600000,0,88.78,1204
9022005000214001,Ryd centrum,9022005001315001,Solhaga,weekend,122.88,15783,9011005020300000,0,123.07,14288
9022005000214001,Ryd centrum,9022005001315001,Solhaga,weekend,122.88,15783,9011005022600000,0,121.11,1495
9022005000215001,Gamla Linköping,9022005001254001,Vallaplan,weekend,68.88,30747,9011005020300000,0,69.8,14291
9022005000215001,Gamla Linköping,9022005001254001,Vallaplan,weekend,68.88,30747,9011005020600000,0,67.12,12546
9022005000215001,Gamla Linköping,9022005001254001,Vallaplan,weekend,68.88,30747,9011005021200000,0,71.19,3910
9022005001243002,Kungsgatan,9022005000050005,Linköpings resecentrum,weekend,108.59,14065,9011005020300000,0,108.59,14065
9022005001253001,Parkgatan,9022005001259002,Barnhemsgatan,weekend,93.39,27050,9011005020300000,0,95.66,14292
9022005001253001,Parkgatan,9022005001259002,Barnhemsgatan,weekend,93.39,27050,9011005020600000,0,90.74,12548
9022005001253001,Parkgatan,9022005001259002,Barnhemsgatan,weekend,93.39,27050,9011005021200000,0,97.76,210
9022005001254001,Vallaplan,9022005001253001,Parkgatan,weekend,63.23,30749,9011005020300000,0,64.8,14291
9022005001254001,Vallaplan,9022005001253001,Parkgatan,weekend,63.23,30749,9011005020600000,0,61.35,12548
9022005001254001,Vallaplan,9022005001253001,Parkgatan,weekend,63.23,30749,9011005021200000,0,63.5,3910
9022005001259002,Barnhemsgatan,9022005000046004,Trädgårdstorget,weekend,209.1,1841,9011005020300000,0,206.47,1643
9022005001259002,Barnhemsgatan,9022005000046004,Trädgårdstorget,weekend,209.1,1841,9011005020600000,0,230.96,198
9022005001259002,Barnhemsgatan,9022005001268002,Stora Torget,weekend,119.07,23608,9011005020300000,0,121.59,12651
9022005001259002,Barnhemsgatan,9022005001268002,Stora Torget,weekend,119.07,23608,9011005020600000,0,116.17,10957
9022005001268002,Stora Torget,9022005000050005,Linköpings resecentrum,weekend,291.86,228,9011005020300000,0,291.86,228
9022005001268002,Stora Torget,9022005001243002,Kungsgatan,weekend,99.86,23183,9011005020300000,0,102.51,12423
9022005001268002,Stora Torget,9022005001243002,Kungsgatan,weekend,99.86,23183,9011005020600000,0,96.79,10760
9022005001315001,Solhaga,9022005000215001,Gamla Linköping,weekend,152.24,14290,9011005020300000,0,152.24,14290
9022005001338001,Alsättersgatan,9022005001341001,Hangaren,weekend,59.78,14264,9011005020300000,0,59.78,14264
9022005001339001,Björnkärrsskolan,9022005001338001,Alsättersgatan,weekend,56.85,14262,9011005020300000,0,56.85,14262
9022005001341001,Hangaren,9022005001343001,Mårdtorpsgatan,weekend,94.36,14275,9011005020300000,0,94.36,14275
9022005001343001,Mårdtorpsgatan,9022005000214001,Ryd centrum,weekend,87.35,15782,9011005020300000,0,85.31,14287
9022005001343001,Mårdtorpsgatan,9022005000214001,Ryd centrum,weekend,87.35,15782,9011005022600000,0,106.89,1495
9022005000046003,Trädgårdstorget,9022005001259001,Barnhemsgatan,am_rush,173.9,1806,9011005020300000,1,178.09,896
9022005000046003,Trädgårdstorget,9022005001259001,Barnhemsgatan,am_rush,173.9,1806,9011005020600000,1,169.77,910
9022005000214002,Ryd centrum,9022005001343002,Mårdtorpsgatan,am_rush,49.47,9475,9011005020300000,1,49.37,8890
9022005000214002,Ryd centrum,9022005001343002,Mårdtorpsgatan,am_rush,49.47,9475,9011005022600000,1,50.93,585
9022005000215002,Gamla Linköping,9022005001315002,Solhaga,am_rush,120.68,8889,9011005020300000,1,120.68,8889
9022005001243001,Kungsgatan,9022005001268001,Stora Torget,am_rush,102.31,14138,9011005020300000,1,102.94,7822
9022005001243001,Kungsgatan,9022005001268001,Stora Torget,am_rush,102.31,14138,9011005020600000,1,101.53,6316
9022005001253002,Parkgatan,9022005001254002,Vallaplan,am_rush,35.62,22145,9011005020300000,1,33.61,8886
9022005001253002,Parkgatan,9022005001254002,Vallaplan,am_rush,35.62,22145,9011005020600000,1,34.31,7360
9022005001253002,Parkgatan,9022005001254002,Vallaplan,am_rush,35.62,22145,9011005021200000,1,40.27,5899
9022005001254002,Vallaplan,9022005000215002,Gamla Linköping,am_rush,101.71,22146,9011005020300000,1,101.73,8887
9022005001254002,Vallaplan,9022005000215002,Gamla Linköping,am_rush,101.71,22146,9011005020600000,1,102.54,7360
9022005001254002,Vallaplan,9022005000215002,Gamla Linköping,am_rush,101.71,22146,9011005021200000,1,100.65,5899
9022005001259001,Barnhemsgatan,9022005001253002,Parkgatan,am_rush,129.05,16472,9011005020300000,1,127.94,8883
9022005001259001,Barnhemsgatan,9022005001253002,Parkgatan,am_rush,129.05,16472,9011005020600000,1,130.2,7359
9022005001259001,Barnhemsgatan,9022005001253002,Parkgatan,am_rush,129.05,16472,9011005021200000,1,135.27,230
9022005001268001,Stora Torget,9022005001259001,Barnhemsgatan,am_rush,130.22,14432,9011005020300000,1,134.38,7986
9022005001268001,Stora Torget,9022005001259001,Barnhemsgatan,am_rush,130.22,14432,9011005020600000,1,125.07,6446
9022005001315002,Solhaga,9022005000214002,Ryd centrum,am_rush,134.5,9476,9011005020300000,1,130.98,8891
9022005001315002,Solhaga,9022005000214002,Ryd centrum,am_rush,134.5,9476,9011005022600000,1,188.02,585
9022005001338002,Alsättersgatan,9022005001339002,Björnkärrsskolan,am_rush,35.93,8890,9011005020300000,1,35.93,8890
9022005001339002,Björnkärrsskolan,9022005000219001,Rydsvägens ändhållplats,am_rush,72.9,8890,9011005020300000,1,72.9,8890
9022005001341002,Hangaren,9022005001338002,Alsättersgatan,am_rush,44.95,8890,9011005020300000,1,44.95,8890
9022005001343002,Mårdtorpsgatan,9022005001341002,Hangaren,am_rush,77.31,8890,9011005020300000,1,77.31,8890
9022005000046003,Trädgårdstorget,9022005001259001,Barnhemsgatan,day,185.92,3762,9011005020300000,1,190.57,1961
9022005000046003,Trädgårdstorget,9022005001259001,Barnhemsgatan,day,185.92,3762,9011005020600000,1,180.86,1801
9022005000214002,Ryd centrum,9022005001343002,Mårdtorpsgatan,day,51.2,23398,9011005020300000,1,50.7,19810
9022005000214002,Ryd centrum,9022005001343002,Mårdtorpsgatan,day,51.2,23398,9011005022600000,1,53.96,3588
9022005000215002,Gamla Linköping,9022005001315002,Solhaga,day,125.95,19805,9011005020300000,1,125.95,19805
9022005001243001,Kungsgatan,9022005001268001,Stora Torget,day,120.05,30101,9011005020300000,1,121.81,17433
9022005001243001,Kungsgatan,9022005001268001,Stora Torget,day,120.05,30101,9011005020600000,1,117.63,12668
9022005001253002,Parkgatan,9022005001254002,Vallaplan,day,34.92,45003,9011005020300000,1,35.47,19797
9022005001253002,Parkgatan,9022005001254002,Vallaplan,day,34.92,45003,9011005020600000,1,33.43,14752
9022005001253002,Parkgatan,9022005001254002,Vallaplan,day,34.92,45003,9011005021200000,1,35.97,10454
9022005001254002,Vallaplan,9022005000215002,Gamla Linköping,day,99.24,45009,9011005020300000,1,100.07,19803
9022005001254002,Vallaplan,9022005000215002,Gamla Linköping,day,99.24,45009,9011005020600000,1,99.16,14752
9022005001254002,Vallaplan,9022005000215002,Gamla Linköping,day,99.24,45009,9011005021200000,1,97.78,10454
9022005001259001,Barnhemsgatan,9022005001253002,Parkgatan,day,127.1,34980,9011005020300000,1,125.79,19796
9022005001259001,Barnhemsgatan,9022005001253002,Parkgatan,day,127.1,34980,9011005020600000,1,128.52,14749
9022005001259001,Barnhemsgatan,9022005001253002,Parkgatan,day,127.1,34980,9011005021200000,1,138.31,435
9022005001268001,Stora Torget,9022005001259001,Barnhemsgatan,day,136.13,30774,9011005020300000,1,139.28,17830
9022005001268001,Stora Torget,9022005001259001,Barnhemsgatan,day,136.13,30774,9011005020600000,1,131.78,12944
9022005001315002,Solhaga,9022005000214002,Ryd centrum,day,143.95,23396,9011005020300000,1,135.88,19809
9022005001315002,Solhaga,9022005000214002,Ryd centrum,day,143.95,23396,9011005022600000,1,188.49,3587
9022005001338002,Alsättersgatan,9022005001339002,Björnkärrsskolan,day,40.54,19812,9011005020300000,1,40.54,19812
9022005001339002,Björnkärrsskolan,9022005000219001,Rydsvägens ändhållplats,day,58.54,19810,9011005020300000,1,58.54,19810
9022005001341002,Hangaren,9022005001338002,Alsättersgatan,day,52.99,19812,9011005020300000,1,52.99,19812
9022005001343002,Mårdtorpsgatan,9022005001341002,Hangaren,day,81.24,19812,9011005020300000,1,81.24,19812
9022005000046003,Trädgårdstorget,9022005001259001,Barnhemsgatan,night,173.04,4012,9011005020300000,1,176.76,2045
9022005000046003,Trädgårdstorget,9022005001259001,Barnhemsgatan,night,173.04,4012,9011005020600000,1,169.17,1967
9022005000214002,Ryd centrum,9022005001343002,Mårdtorpsgatan,night,52.65,17461,9011005020300000,1,52.61,16852
9022005000214002,Ryd centrum,9022005001343002,Mårdtorpsgatan,night,52.65,17461,9011005022600000,1,53.82,609
9022005000215002,Gamla Linköping,9022005001315002,Solhaga,night,126.27,16850,9011005020300000,1,126.27,16850
9022005001243001,Kungsgatan,9022005001268001,Stora Torget,night,113.62,27450,9011005020300000,1,118.29,14503
9022005001243001,Kungsgatan,9022005001268001,Stora Torget,night,113.62,27450,9011005020600000,1,108.38,12947
9022005001253002,Parkgatan,9022005001254002,Vallaplan,night,35.14,37472,9011005020300000,1,37.5,16848
9022005001253002,Parkgatan,9022005001254002,Vallaplan,night,35.14,37472,9011005020600000,1,33.04,15188
9022005001253002,Parkgatan,9022005001254002,Vallaplan,night,35.14,37472,9011005021200000,1,33.66,5436
9022005001254002,Vallaplan,9022005000215002,Gamla Linköping,night,100.19,37481,9011005020300000,1,99.02,16850
9022005001254002,Vallaplan,9022005000215002,Gamla Linköping,night,100.19,37481,9011005020600000,1,103.22,15187
9022005001254002,Vallaplan,9022005000215002,Gamla Linköping,night,100.19,37481,9011005021200000,1,95.36,5444
9022005001259001,Barnhemsgatan,9022005001253002,Parkgatan,night,117.83,32315,9011005020300000,1,118.7,16848
9022005001259001,Barnhemsgatan,9022005001253002,Parkgatan,night,117.83,32315,9011005020600000,1,116.79,15188
9022005001259001,Barnhemsgatan,9022005001253002,Parkgatan,night,117.83,32315,9011005021200000,1,121.46,279
9022005001268001,Stora Torget,9022005001259001,Barnhemsgatan,night,121.08,28025,9011005020300000,1,124.24,14804
9022005001268001,Stora Torget,9022005001259001,Barnhemsgatan,night,121.08,28025,9011005020600000,1,117.54,13221
9022005001315002,Solhaga,9022005000214002,Ryd centrum,night,139.33,17461,9011005020300000,1,138.05,16852
9022005001315002,Solhaga,9022005000214002,Ryd centrum,night,139.33,17461,9011005022600000,1,174.85,609
9022005001338002,Alsättersgatan,9022005001339002,Björnkärrsskolan,night,43.84,16853,9011005020300000,1,43.84,16853
9022005001339002,Björnkärrsskolan,9022005000219001,Rydsvägens ändhållplats,night,55.63,16852,9011005020300000,1,55.63,16852
9022005001341002,Hangaren,9022005001338002,Alsättersgatan,night,59.68,16853,9011005020300000,1,59.68,16853
9022005001343002,Mårdtorpsgatan,9022005001341002,Hangaren,night,85.72,16853,9011005020300000,1,85.72,16853
9022005000046003,Trädgårdstorget,9022005001259001,Barnhemsgatan,pm_rush,201.22,1327,9011005020300000,1,205.66,684
9022005000046003,Trädgårdstorget,9022005001259001,Barnhemsgatan,pm_rush,201.22,1327,9011005020600000,1,196.49,643
9022005000214002,Ryd centrum,9022005001343002,Mårdtorpsgatan,pm_rush,56.97,8420,9011005020300000,1,56.96,7209
9022005000214002,Ryd centrum,9022005001343002,Mårdtorpsgatan,pm_rush,56.97,8420,9011005022600000,1,57.04,1211
9022005000215002,Gamla Linköping,9022005001315002,Solhaga,pm_rush,141.19,7208,9011005020300000,1,141.19,7208
9022005001243001,Kungsgatan,9022005001268001,Stora Torget,pm_rush,129.9,11720,9011005020300000,1,131.6,6391
9022005001243001,Kungsgatan,9022005001268001,Stora Torget,pm_rush,129.9,11720,9011005020600000,1,127.87,5329
9022005001253002,Parkgatan,9022005001254002,Vallaplan,pm_rush,39.98,17523,9011005020300000,1,41.29,7209
9022005001253002,Parkgatan,9022005001254002,Vallaplan,pm_rush,39.98,17523,9011005020600000,1,38.98,6087
9022005001253002,Parkgatan,9022005001254002,Vallaplan,pm_rush,39.98,17523,9011005021200000,1,39.2,4227
9022005001254002,Vallaplan,9022005000215002,Gamla Linköping,pm_rush,101.88,17521,9011005020300000,1,100.76,7209
9022005001254002,Vallaplan,9022005000215002,Gamla Linköping,pm_rush,101.88,17521,9011005020600000,1,101.65,6083
9022005001254002,Vallaplan,9022005000215002,Gamla Linköping,pm_rush,101.88,17521,9011005021200000,1,104.11,4229
9022005001259001,Barnhemsgatan,9022005001253002,Parkgatan,pm_rush,141.16,13448,9011005020300000,1,139.49,7209
9022005001259001,Barnhemsgatan,9022005001253002,Parkgatan,pm_rush,141.16,13448,9011005020600000,1,142.89,6084
9022005001259001,Barnhemsgatan,9022005001253002,Parkgatan,pm_rush,141.16,13448,9011005021200000,1,151.19,155
9022005001268001,Stora Torget,9022005001259001,Barnhemsgatan,pm_rush,147.7,11963,9011005020300000,1,151.07,6523
9022005001268001,Stora Torget,9022005001259001,Barnhemsgatan,pm_rush,147.7,11963,9011005020600000,1,143.66,5440
9022005001315002,Solhaga,9022005000214002,Ryd centrum,pm_rush,143.99,8420,9011005020300000,1,139.99,7209
9022005001315002,Solhaga,9022005000214002,Ryd centrum,pm_rush,143.99,8420,9011005022600000,1,167.77,1211
9022005001338002,Alsättersgatan,9022005001339002,Björnkärrsskolan,pm_rush,48.16,7208,9011005020300000,1,48.16,7208
9022005001339002,Björnkärrsskolan,9022005000219001,Rydsvägens ändhållplats,pm_rush,55.63,7207,9011005020300000,1,55.63,7207
9022005001341002,Hangaren,9022005001338002,Alsättersgatan,pm_rush,61.41,7208,9011005020300000,1,61.41,7208
9022005001343002,Mårdtorpsgatan,9022005001341002,Hangaren,pm_rush,92.01,7209,9011005020300000,1,92.01,7209
9022005000046003,Trädgårdstorget,9022005001259001,Barnhemsgatan,weekend,169.91,3250,9011005020300000,1,174.17,1646
9022005000046003,Trädgårdstorget,9022005001259001,Barnhemsgatan,weekend,169.91,3250,9011005020600000,1,165.53,1604
9022005000214002,Ryd centrum,9022005001343002,Mårdtorpsgatan,weekend,51.8,15974,9011005020300000,1,51.58,14271
9022005000214002,Ryd centrum,9022005001343002,Mårdtorpsgatan,weekend,51.8,15974,9011005022600000,1,53.69,1703
9022005000215002,Gamla Linköping,9022005001315002,Solhaga,weekend,125.44,14269,9011005020300000,1,125.44,14269
9022005001243001,Kungsgatan,9022005001268001,Stora Torget,weekend,112.25,23156,9011005020300000,1,117.49,12395
9022005001243001,Kungsgatan,9022005001268001,Stora Torget,weekend,112.25,23156,9011005020600000,1,106.21,10761
9022005001253002,Parkgatan,9022005001254002,Vallaplan,weekend,34.88,30739,9011005020300000,1,37.86,14269
9022005001253002,Parkgatan,9022005001254002,Vallaplan,weekend,34.88,30739,9011005020600000,1,32.93,12565
9022005001253002,Parkgatan,9022005001254002,Vallaplan,weekend,34.88,30739,9011005021200000,1,30.27,3905
9022005001254002,Vallaplan,9022005000215002,Gamla Linköping,weekend,103.28,30740,9011005020300000,1,96.75,14269
9022005001254002,Vallaplan,9022005000215002,Gamla Linköping,weekend,103.28,30740,9011005020600000,1,105.49,12566
9022005001254002,Vallaplan,9022005000215002,Gamla Linköping,weekend,103.28,30740,9011005021200000,1,120.03,3905
9022005001259001,Barnhemsgatan,9022005001253002,Parkgatan,weekend,115.6,27044,9011005020300000,1,115.9,14270
9022005001259001,Barnhemsgatan,9022005001253002,Parkgatan,weekend,115.6,27044,9011005020600000,1,115.0,12564
9022005001259001,Barnhemsgatan,9022005001253002,Parkgatan,weekend,115.6,27044,9011005021200000,1,130.89,210
9022005001268001,Stora Torget,9022005001259001,Barnhemsgatan,weekend,120.75,23583,9011005020300000,1,124.78,12624
9022005001268001,Stora Torget,9022005001259001,Barnhemsgatan,weekend,120.75,23583,9011005020600000,1,116.1,10959
9022005001315002,Solhaga,9022005000214002,Ryd centrum,weekend,142.16,15973,9011005020300000,1,137.19,14270
9022005001315002,Solhaga,9022005000214002,Ryd centrum,weekend,142.16,15973,9011005022600000,1,183.79,1703
9022005001338002,Alsättersgatan,9022005001339002,Björnkärrsskolan,weekend,41.91,14271,9011005020300000,1,41.91,14271
9022005001339002,Björnkärrsskolan,9022005000219001,Rydsvägens ändhållplats,weekend,59.23,14267,9011005020300000,1,59.23,14267
9022005001341002,Hangaren,9022005001338002,Alsättersgatan,weekend,57.93,14271,9011005020300000,1,57.93,14271
9022005001343002,Mårdtorpsgatan,9022005001341002,Hangaren,weekend,84.37,14271,9011005020300000,1,84.37,14271
9022005000213001,Isberget,9022005000234002,Teknikringen,am_rush,80.11,8967,9011005020400000,0,80.11,8967
9022005000234002,Teknikringen,9022005080182002,Nobeltorget,am_rush,116.78,8966,9011005020400000,0,116.78,8966
9022005000418001,Änggårdsskolan,9022005001275001,Boställsgatan,am_rush,61.88,8965,9011005020400000,0,61.88,8965
9022005001273001,Rättaregatan,9022005000213001,Isberget,am_rush,91.89,14863,9011005020400000,0,97.13,8966
9022005001273001,Rättaregatan,9022005000213001,Isberget,am_rush,91.89,14863,9011005021200000,0,83.92,5897
9022005001274001,Slestadsskolan,9022005001273001,Rättaregatan,am_rush,51.65,14862,9011005020400000,0,50.79,8965
9022005001274001,Slestadsskolan,9022005001273001,Rättaregatan,am_rush,51.65,14862,9011005021200000,0,52.96,5897
9022005001275001,Boställsgatan,9022005001274001,Slestadsskolan,am_rush,66.84,14861,9011005020400000,0,66.61,8965
9022005001275001,Boställsgatan,9022005001274001,Slestadsskolan,am_rush,66.84,14861,9011005021200000,0,67.18,5896
9022005080004002,Vallastadens skola,9022005004236002,Djurgården,am_rush,125.89,8966,9011005020400000,0,125.89,8966
9022005080182002,Nobeltorget,9022005080004002,Vallastadens skola,am_rush,94.01,8965,9011005020400000,0,94.01,8965
9022005000213001,Isberget,9022005000234002,Teknikringen,day,83.69,14356,9011005020400000,0,83.69,14356
9022005000234002,Teknikringen,9022005080182002,Nobeltorget,day,121.54,14357,9011005020400000,0,121.54,14357
9022005000418001,Änggårdsskolan,9022005001275001,Boställsgatan,day,57.42,18011,9011005020400000,0,58.78,14355
9022005000418001,Änggårdsskolan,9022005001275001,Boställsgatan,day,57.42,18011,9011005022600000,0,52.06,3656
9022005001273001,Rättaregatan,9022005000213001,Isberget,day,84.63,28158,9011005020400000,0,89.45,14356
9022005001273001,Rättaregatan,9022005000213001,Isberget,day,84.63,28158,9011005021200000,0,80.31,10145
9022005001273001,Rättaregatan,9022005000213001,Isberget,day,84.63,28158,9011005022600000,0,77.66,3657
9022005001274001,Slestadsskolan,9022005001273001,Rättaregatan,day,44.91,28161,9011005020400000,0,46.49,14359
9022005001274001,Slestadsskolan,9022005001273001,Rättaregatan,day,44.91,28161,9011005021200000,0,44.28,10146
9022005001274001,Slestadsskolan,9022005001273001,Rättaregatan,day,44.91,28161,9011005022600000,0,40.46,3656
9022005001275001,Boställsgatan,9022005001274001,Slestadsskolan,day,58.33,28156,9011005020400000,0,60.84,14356
9022005001275001,Boställsgatan,9022005001274001,Slestadsskolan,day,58.33,28156,9011005021200000,0,57.09,10144
9022005001275001,Boställsgatan,9022005001274001,Slestadsskolan,day,58.33,28156,9011005022600000,0,51.89,3656
9022005080004002,Vallastadens skola,9022005004236002,Djurgården,day,119.81,14366,9011005020400000,0,119.81,14366
9022005080182002,Nobeltorget,9022005080004002,Vallastadens skola,day,88.93,14362,9011005020400000,0,88.93,14362
9022005000213001,Isberget,9022005000234002,Teknikringen,night,71.58,15883,9011005020400000,0,71.58,15883
9022005000234002,Teknikringen,9022005080182002,Nobeltorget,night,109.75,15888,9011005020400000,0,109.75,15888
9022005000418001,Änggårdsskolan,9022005001275001,Boställsgatan,night,52.97,16472,9011005020400000,0,52.93,15879
9022005000418001,Änggårdsskolan,9022005001275001,Boställsgatan,night,52.97,16472,9011005022600000,0,53.91,593
9022005001273001,Rättaregatan,9022005000213001,Isberget,night,80.9,21821,9011005020400000,0,83.1,15883
9022005001273001,Rättaregatan,9022005000213001,Isberget,night,80.9,21821,9011005021200000,0,74.09,5345
9022005001273001,Rättaregatan,9022005000213001,Isberget,night,80.9,21821,9011005022600000,0,83.31,593
9022005001274001,Slestadsskolan,9022005001273001,Rättaregatan,night,41.38,21818,9011005020400000,0,41.19,15881
9022005001274001,Slestadsskolan,9022005001273001,Rättaregatan,night,41.38,21818,9011005021200000,0,42.0,5344
9022005001274001,Slestadsskolan,9022005001273001,Rättaregatan,night,41.38,21818,9011005022600000,0,40.88,593
9022005001275001,Boställsgatan,9022005001274001,Slestadsskolan,night,53.24,21817,9011005020400000,0,53.0,15880
9022005001275001,Boställsgatan,9022005001274001,Slestadsskolan,night,53.24,21817,9011005021200000,0,53.82,5344
9022005001275001,Boställsgatan,9022005001274001,Slestadsskolan,night,53.24,21817,9011005022600000,0,54.28,593
9022005080004002,Vallastadens skola,9022005004236002,Djurgården,night,118.0,16555,9011005020400000,0,117.71,15939
9022005080004002,Vallastadens skola,9022005004236002,Djurgården,night,118.0,16555,9011005022200000,0,125.57,616
9022005080182002,Nobeltorget,9022005080004002,Vallastadens skola,night,80.98,16512,9011005020400000,0,81.02,15896
9022005080182002,Nobeltorget,9022005080004002,Vallastadens skola,night,80.98,16512,9011005022200000,0,79.9,616
9022005000213001,Isberget,9022005000234002,Teknikringen,pm_rush,92.49,6085,9011005020400000,0,92.49,6085
9022005000234002,Teknikringen,9022005080182002,Nobeltorget,pm_rush,133.37,6084,9011005020400000,0,133.37,6084
9022005000418001,Änggårdsskolan,9022005001275001,Boställsgatan,pm_rush,57.79,7291,9011005020400000,0,57.91,6087
9022005000418001,Änggårdsskolan,9022005001275001,Boställsgatan,pm_rush,57.79,7291,9011005022600000,0,57.2,1204
9022005001273001,Rättaregatan,9022005000213001,Isberget,pm_rush,83.82,10962,9011005020400000,0,86.69,6085
9022005001273001,Rättaregatan,9022005000213001,Isberget,pm_rush,83.82,10962,9011005021200000,0,79.28,3675
9022005001273001,Rättaregatan,9022005000213001,Isberget,pm_rush,83.82,10962,9011005022600000,0,83.2,1202
9022005001274001,Slestadsskolan,9022005001273001,Rättaregatan,pm_rush,44.57,10967,9011005020400000,0,45.4,6087
9022005001274001,Slestadsskolan,9022005001273001,Rättaregatan,pm_rush,44.57,10967,9011005021200000,0,43.96,3677
9022005001274001,Slestadsskolan,9022005001273001,Rättaregatan,pm_rush,44.57,10967,9011005022600000,0,42.24,1203
9022005001275001,Boställsgatan,9022005001274001,Slestadsskolan,pm_rush,61.73,10967,9011005020400000,0,63.73,6087
9022005001275001,Boställsgatan,9022005001274001,Slestadsskolan,pm_rush,61.73,10967,9011005021200000,0,59.47,3677
9022005001275001,Boställsgatan,9022005001274001,Slestadsskolan,pm_rush,61.73,10967,9011005022600000,0,58.48,1203
9022005080004002,Vallastadens skola,9022005004236002,Djurgården,pm_rush,121.69,7939,9011005020400000,0,121.69,6086
9022005080004002,Vallastadens skola,9022005004236002,Djurgården,pm_rush,121.69,7939,9011005022200000,0,121.68,1853
9022005080182002,Nobeltorget,9022005080004002,Vallastadens skola,pm_rush,90.33,7939,9011005020400000,0,92.65,6086
9022005080182002,Nobeltorget,9022005080004002,Vallastadens skola,pm_rush,90.33,7939,9011005022200000,0,82.73,1853
9022005000213001,Isberget,9022005000234002,Teknikringen,weekend,65.11,12569,9011005020400000,0,65.11,12569
9022005000234002,Teknikringen,9022005080182002,Nobeltorget,weekend,106.28,12576,9011005020400000,0,106.28,12576
9022005000418001,Änggårdsskolan,9022005001275001,Boställsgatan,weekend,54.87,14057,9011005020400000,0,54.95,12563
9022005000418001,Änggårdsskolan,9022005001275001,Boställsgatan,weekend,54.87,14057,9011005022600000,0,54.23,1494
9022005001273001,Rättaregatan,9022005000213001,Isberget,weekend,83.75,17974,9011005020400000,0,86.27,12568
9022005001273001,Rättaregatan,9022005000213001,Isberget,weekend,83.75,17974,9011005021200000,0,77.11,3911
9022005001273001,Rättaregatan,9022005000213001,Isberget,weekend,83.75,17974,9011005022600000,0,79.89,1495
9022005001274001,Slestadsskolan,9022005001273001,Rättaregatan,weekend,43.05,17972,9011005020400000,0,43.54,12566
9022005001274001,Slestadsskolan,9022005001273001,Rättaregatan,weekend,43.05,17972,9011005021200000,0,42.52,3911
9022005001274001,Slestadsskolan,9022005001273001,Rättaregatan,weekend,43.05,17972,9011005022600000,0,40.37,1495
9022005001275001,Boställsgatan,9022005001274001,Slestadsskolan,weekend,54.46,17970,9011005020400000,0,54.95,12564
9022005001275001,Boställsgatan,9022005001274001,Slestadsskolan,weekend,54.46,17970,9011005021200000,0,53.89,3911
9022005001275001,Boställsgatan,9022005001274001,Slestadsskolan,weekend,54.46,17970,9011005022600000,0,51.78,1495
9022005080004002,Vallastadens skola,9022005004236002,Djurgården,weekend,118.07,12600,9011005020400000,0,118.07,12600
9022005080182002,Nobeltorget,9022005080004002,Vallastadens skola,weekend,85.08,12591,9011005020400000,0,85.08,12591
9022005000213002,Isberget,9022005001273002,Rättaregatan,am_rush,64.95,14920,9011005020400000,1,65.49,8428
9022005000213002,Isberget,9022005001273002,Rättaregatan,am_rush,64.95,14920,9011005021200000,1,64.49,5905
9022005000213002,Isberget,9022005001273002,Rättaregatan,am_rush,64.95,14920,9011005022600000,1,61.88,587
9022005000234001,Teknikringen,9022005000213002,Isberget,am_rush,78.79,8428,9011005020400000,1,78.79,8428
9022005000418002,Änggårdsskolan,9022005000223002,Landbogatan,am_rush,102.97,9015,9011005020400000,1,101.18,8428
9022005000418002,Änggårdsskolan,9022005000223002,Landbogatan,am_rush,102.97,9015,9011005022600000,1,128.64,587
9022005001273002,Rättaregatan,9022005001274002,Slestadsskolan,am_rush,41.33,14920,9011005020400000,1,42.54,8428
9022005001273002,Rättaregatan,9022005001274002,Slestadsskolan,am_rush,41.33,14920,9011005021200000,1,40.43,5905
9022005001273002,Rättaregatan,9022005001274002,Slestadsskolan,am_rush,41.33,14920,9011005022600000,1,33.04,587
9022005001274002,Slestadsskolan,9022005001275002,Boställsgatan,am_rush,53.01,14920,9011005020400000,1,54.8,8428
9022005001274002,Slestadsskolan,9022005001275002,Boställsgatan,am_rush,53.01,14920,9011005021200000,1,51.01,5905
9022005001274002,Slestadsskolan,9022005001275002,Boställsgatan,am_rush,53.01,14920,9011005022600000,1,47.35,587
9022005001275002,Boställsgatan,9022005000418002,Änggårdsskolan,am_rush,56.08,9015,9011005020400000,1,56.55,8428
9022005001275002,Boställsgatan,9022005000418002,Änggårdsskolan,am_rush,56.08,9015,9011005022600000,1,49.31,587
9022005004236001,Djurgården,9022005080004001,Vallastadens skola,am_rush,123.89,11446,9011005020400000,1,125.23,8427
9022005004236001,Djurgården,9022005080004001,Vallastadens skola,am_rush,123.89,11446,9011005022200000,1,120.16,3019
9022005080004001,Vallastadens skola,9022005080182001,Nobeltorget,am_rush,94.23,11456,9011005020400000,1,94.91,8427
9022005080004001,Vallastadens skola,9022005080182001,Nobeltorget,am_rush,94.23,11456,9011005022200000,1,92.33,3029
9022005080182001,Nobeltorget,9022005000234001,Teknikringen,am_rush,110.78,8427,9011005020400000,1,110.78,8427
9022005000213002,Isberget,9022005001273002,Rättaregatan,day,67.16,28981,9011005020400000,1,68.68,14861
9022005000213002,Isberget,9022005001273002,Rättaregatan,day,67.16,28981,9011005021200000,1,66.87,10462
9022005000213002,Isberget,9022005001273002,Rättaregatan,day,67.16,28981,9011005022600000,1,61.8,3658
9022005000234001,Teknikringen,9022005000213002,Isberget,day,80.62,14861,9011005020400000,1,80.62,14861
9022005000418002,Änggårdsskolan,9022005000223002,Landbogatan,day,105.5,18525,9011005020400000,1,101.0,14864
9022005000418002,Änggårdsskolan,9022005000223002,Landbogatan,day,105.5,18525,9011005022600000,1,123.75,3661
9022005001249001,US Södra entrén,9022005080004001,Vallastadens skola,day,114.53,17,9011005020400000,1,114.53,17
9022005001273002,Rättaregatan,9022005001274002,Slestadsskolan,day,40.08,28984,9011005020400000,1,41.97,14862
9022005001273002,Rättaregatan,9022005001274002,Slestadsskolan,day,40.08,28984,9011005021200000,1,39.27,10462
9022005001273002,Rättaregatan,9022005001274002,Slestadsskolan,day,40.08,28984,9011005022600000,1,34.73,3660
9022005001274002,Slestadsskolan,9022005001275002,Boställsgatan,day,55.88,28990,9011005020400000,1,58.91,14865
9022005001274002,Slestadsskolan,9022005001275002,Boställsgatan,day,55.88,28990,9011005021200000,1,54.36,10464
9022005001274002,Slestadsskolan,9022005001275002,Boställsgatan,day,55.88,28990,9011005022600000,1,47.92,3661
9022005001275002,Boställsgatan,9022005000418002,Änggårdsskolan,day,60.37,18526,9011005020400000,1,62.22,14865
9022005001275002,Boställsgatan,9022005000418002,Änggårdsskolan,day,60.37,18526,9011005022600000,1,52.85,3661
9022005004236001,Djurgården,9022005080004001,Vallastadens skola,day,120.06,14838,9011005020400000,1,120.06,14838
9022005080004001,Vallastadens skola,9022005080182001,Nobeltorget,day,96.78,14858,9011005020400000,1,96.78,14858
9022005080182001,Nobeltorget,9022005000234001,Teknikringen,day,104.98,14861,9011005020400000,1,104.98,14861
9022005000213002,Isberget,9022005001273002,Rättaregatan,night,68.4,20782,9011005020400000,1,69.46,14711
9022005000213002,Isberget,9022005001273002,Rättaregatan,night,68.4,20782,9011005021200000,1,66.26,5446
9022005000213002,Isberget,9022005001273002,Rättaregatan,night,68.4,20782,9011005022600000,1,62.26,625
9022005000234001,Teknikringen,9022005000213002,Isberget,night,78.25,14710,9011005020400000,1,78.25,14710
9022005000418002,Änggårdsskolan,9022005000223002,Landbogatan,night,100.23,15338,9011005020400000,1,99.37,14709
9022005000418002,Änggårdsskolan,9022005000223002,Landbogatan,night,100.23,15338,9011005022600000,1,120.35,629
9022005001273002,Rättaregatan,9022005001274002,Slestadsskolan,night,39.31,20786,9011005020400000,1,39.66,14711
9022005001273002,Rättaregatan,9022005001274002,Slestadsskolan,night,39.31,20786,9011005021200000,1,38.93,5446
9022005001273002,Rättaregatan,9022005001274002,Slestadsskolan,night,39.31,20786,9011005022600000,1,34.51,629
9022005001274002,Slestadsskolan,9022005001275002,Boställsgatan,night,55.67,20785,9011005020400000,1,56.47,14710
9022005001274002,Slestadsskolan,9022005001275002,Boställsgatan,night,55.67,20785,9011005021200000,1,54.3,5446
9022005001274002,Slestadsskolan,9022005001275002,Boställsgatan,night,55.67,20785,9011005022600000,1,48.89,629
9022005001275002,Boställsgatan,9022005000418002,Änggårdsskolan,night,58.45,15339,9011005020400000,1,58.69,14710
9022005001275002,Boställsgatan,9022005000418002,Änggårdsskolan,night,58.45,15339,9011005022600000,1,52.94,629
9022005004236001,Djurgården,9022005080004001,Vallastadens skola,night,121.8,14703,9011005020400000,1,121.8,14703
9022005080004001,Vallastadens skola,9022005080182001,Nobeltorget,night,91.39,14705,9011005020400000,1,91.39,14705
9022005080182001,Nobeltorget,9022005000234001,Teknikringen,night,86.94,14708,9011005020400000,1,86.94,14708
9022005000213002,Isberget,9022005001273002,Rättaregatan,pm_rush,72.83,11543,9011005020400000,1,73.55,6085
9022005000213002,Isberget,9022005001273002,Rättaregatan,pm_rush,72.83,11543,9011005021200000,1,74.31,4228
9022005000213002,Isberget,9022005001273002,Rättaregatan,pm_rush,72.83,11543,9011005022600000,1,64.17,1230
9022005000234001,Teknikringen,9022005000213002,Isberget,pm_rush,88.7,6084,9011005020400000,1,88.7,6084
9022005000418002,Änggårdsskolan,9022005000223002,Landbogatan,pm_rush,104.25,7327,9011005020400000,1,97.88,6087
9022005000418002,Änggårdsskolan,9022005000223002,Landbogatan,pm_rush,104.25,7327,9011005022600000,1,135.52,1240
9022005001273002,Rättaregatan,9022005001274002,Slestadsskolan,pm_rush,47.65,11551,9011005020400000,1,49.13,6085
9022005001273002,Rättaregatan,9022005001274002,Slestadsskolan,pm_rush,47.65,11551,9011005021200000,1,48.0,4227
9022005001273002,Rättaregatan,9022005001274002,Slestadsskolan,pm_rush,47.65,11551,9011005022600000,1,39.23,1239
9022005001274002,Slestadsskolan,9022005001275002,Boställsgatan,pm_rush,62.96,11555,9011005020400000,1,64.56,6087
9022005001274002,Slestadsskolan,9022005001275002,Boställsgatan,pm_rush,62.96,11555,9011005021200000,1,62.83,4228
9022005001274002,Slestadsskolan,9022005001275002,Boställsgatan,pm_rush,62.96,11555,9011005022600000,1,55.57,1240
9022005001275002,Boställsgatan,9022005000418002,Änggårdsskolan,pm_rush,64.81,7327,9011005020400000,1,66.07,6087
9022005001275002,Boställsgatan,9022005000418002,Änggårdsskolan,pm_rush,64.81,7327,9011005022600000,1,58.64,1240
9022005004236001,Djurgården,9022005080004001,Vallastadens skola,pm_rush,125.54,6086,9011005020400000,1,125.54,6086
9022005080004001,Vallastadens skola,9022005080182001,Nobeltorget,pm_rush,96.12,6086,9011005020400000,1,96.12,6086
9022005080182001,Nobeltorget,9022005000234001,Teknikringen,pm_rush,107.95,6086,9011005020400000,1,107.95,6086
9022005000213002,Isberget,9022005001273002,Rättaregatan,weekend,66.98,18059,9011005020400000,1,68.19,12412
9022005000213002,Isberget,9022005001273002,Rättaregatan,weekend,66.98,18059,9011005021200000,1,64.81,3907
9022005000213002,Isberget,9022005001273002,Rättaregatan,weekend,66.98,18059,9011005022600000,1,63.24,1740
9022005000234001,Teknikringen,9022005000213002,Isberget,weekend,81.52,12412,9011005020400000,1,81.52,12412
9022005000418002,Änggårdsskolan,9022005000223002,Landbogatan,weekend,103.4,14154,9011005020400000,1,100.7,12412
9022005000418002,Änggårdsskolan,9022005000223002,Landbogatan,weekend,103.4,14154,9011005022600000,1,122.66,1742
9022005001273002,Rättaregatan,9022005001274002,Slestadsskolan,weekend,37.55,18061,9011005020400000,1,38.51,12412
9022005001273002,Rättaregatan,9022005001274002,Slestadsskolan,weekend,37.55,18061,9011005021200000,1,35.58,3907
9022005001273002,Rättaregatan,9022005001274002,Slestadsskolan,weekend,37.55,18061,9011005022600000,1,35.1,1742
9022005001274002,Slestadsskolan,9022005001275002,Boställsgatan,weekend,54.96,18061,9011005020400000,1,56.78,12412
9022005001274002,Slestadsskolan,9022005001275002,Boställsgatan,weekend,54.96,18061,9011005021200000,1,50.94,3907
9022005001274002,Slestadsskolan,9022005001275002,Boställsgatan,weekend,54.96,18061,9011005022600000,1,51.02,1742
9022005001275002,Boställsgatan,9022005000418002,Änggårdsskolan,weekend,57.31,14154,9011005020400000,1,58.11,12412
9022005001275002,Boställsgatan,9022005000418002,Änggårdsskolan,weekend,57.31,14154,9011005022600000,1,51.64,1742
9022005004236001,Djurgården,9022005080004001,Vallastadens skola,weekend,121.43,12411,9011005020400000,1,121.43,12411
9022005080004001,Vallastadens skola,9022005080182001,Nobeltorget,weekend,91.17,12412,9011005020400000,1,91.17,12412
9022005080182001,Nobeltorget,9022005000234001,Teknikringen,weekend,85.75,12412,9011005020400000,1,85.75,12412
9022005000046004,Trädgårdstorget,9022005000050004,Linköpings resecentrum,am_rush,462.62,195,9011005020500000,0,462.62,195
9022005000049001,Stiglötsgatan,9022005001241001,Sörgårdsgatan,am_rush,68.52,9718,9011005020500000,0,68.52,9718
9022005000050004,Linköpings resecentrum,9022005000329001,Fröstorpsgatan,am_rush,94.33,18,9011005020500000,0,94.33,18
9022005000050004,Linköpings resecentrum,9022005000444002,Tornet,am_rush,231.5,9453,9011005020500000,0,231.5,9453
9022005000054002,Ekholmens centrum,9022005003559002,Järdalavägen 50,am_rush,44.47,14730,9011005020500000,0,45.89,9461
9022005000054002,Ekholmens centrum,9022005003559002,Järdalavägen 50,am_rush,44.47,14730,9011005021400000,0,41.92,5269
9022005000329001,Fröstorpsgatan,9022005004171001,Norra Tornby,am_rush,108.1,10023,9011005020500000,0,108.66,9487
9022005000329001,Fröstorpsgatan,9022005004171001,Norra Tornby,am_rush,108.1,10023,9011005022600000,1,98.28,536
9022005000429001,IKEA,9022005001238001,Skattegården,am_rush,159.81,9496,9011005020500000,0,159.81,9496
9022005000444002,Tornet,9022005003974002,Tornby Park,am_rush,79.65,9451,9011005020500000,0,79.65,9451
9022005000444002,Tornet,9022005003974003,Tornby Park,am_rush,81.0,7,9011005020500000,0,81.0,7
9022005001238001,Skattegården,9022005001239001,Skrivaregatan,am_rush,43.96,9561,9011005020500000,0,43.96,9561
9022005001239001,Skrivaregatan,9022005001240001,Fogdegatan,am_rush,60.32,9709,9011005020500000,0,60.32,9709
9022005001240001,Fogdegatan,9022005000049001,Stiglötsgatan,am_rush,45.63,9718,9011005020500000,0,45.63,9718
9022005001241001,Sörgårdsgatan,9022005001236003,Rusthållaregården,am_rush,84.05,9718,9011005020500000,0,84.05,9718
9022005001243002,Kungsgatan,9022005000050004,Linköpings resecentrum,am_rush,264.02,9274,9011005020500000,0,264.02,9274
9022005001252002,Risbrinksgatan,9022005001447002,Kristinebergsgatan,am_rush,51.45,24318,9011005020500000,0,53.09,9466
9022005001252002,Risbrinksgatan,9022005001447002,Kristinebergsgatan,am_rush,51.45,24318,9011005021000000,1,47.49,7626
9022005001252002,Risbrinksgatan,9022005001447002,Kristinebergsgatan,am_rush,51.45,24318,9011005021300000,0,53.47,7226
9022005001318002,Ekhaga,9022005001332002,Jakobsdal,am_rush,80.94,9465,9011005020500000,0,80.94,9465
9022005001324002,Vårdcentralen Ekholmen,9022005000054002,Ekholmens centrum,am_rush,71.52,9460,9011005020500000,0,71.52,9460
9022005001325002,Ekholmsskolan,9022005001324002,Vårdcentralen Ekholmen,am_rush,44.15,9460,9011005020500000,0,44.15,9460
9022005001332002,Jakobsdal,9022005001392002,Braskens bro,am_rush,176.59,17088,9011005020500000,0,178.43,9465
9022005001332002,Jakobsdal,9022005001392002,Braskens bro,am_rush,176.59,17088,9011005021000000,1,174.3,7623
9022005001392002,Braskens bro,9022005001252002,Risbrinksgatan,am_rush,86.83,17090,9011005020500000,0,86.84,9464
9022005001392002,Braskens bro,9022005001252002,Risbrinksgatan,am_rush,86.83,17090,9011005021000000,1,86.82,7626
9022005001447002,Kristinebergsgatan,9022005001221002,Folkungavallen,am_rush,54.71,24323,9011005020500000,0,55.46,9468
9022005001447002,Kristinebergsgatan,9022005001221002,Folkungavallen,am_rush,54.71,24323,9011005021000000,1,53.09,7627
9022005001447002,Kristinebergsgatan,9022005001221002,Folkungavallen,am_rush,54.71,24323,9011005021300000,0,55.45,7228
9022005003559002,Järdalavägen 50,9022005001318002,Ekhaga,am_rush,67.33,14733,9011005020500000,0,69.41,9464
9022005003559002,Järdalavägen 50,9022005001318002,Ekhaga,am_rush,67.33,14733,9011005021400000,0,63.6,5269
9022005003974002,Tornby Park,9022005000329001,Fröstorpsgatan,am_rush,100.47,9462,9011005020500000,0,100.47,9462
9022005003974003,Tornby Park,9022005000329001,Fröstorpsgatan,am_rush,104.57,7,9011005020500000,0,104.57,7
9022005004171001,Norra Tornby,9022005000429001,IKEA,am_rush,80.59,10441,9011005020500000,0,82.13,9486
9022005004171001,Norra Tornby,9022005000429001,IKEA,am_rush,80.59,10441,9011005022600000,1,65.24,955
9022005000046004,Trädgårdstorget,9022005000050004,Linköpings resecentrum,day,395.31,395,9011005020500000,0,395.31,395
9022005000049001,Stiglötsgatan,9022005001241001,Sörgårdsgatan,day,80.11,17893,9011005020500000,0,80.11,17893
9022005000050004,Linköpings resecentrum,9022005000444002,Tornet,day,227.83,17312,9011005020500000,0,227.83,17312
9022005000054002,Ekholmens centrum,9022005003559002,Järdalavägen 50,day,41.15,25307,9011005020500000,0,41.56,17288
9022005000054002,Ekholmens centrum,9022005003559002,Järdalavägen 50,day,41.15,25307,9011005021400000,0,40.26,8019
9022005000329001,Fröstorpsgatan,9022005004171001,Norra Tornby,day,123.31,18045,9011005020500000,0,123.43,17342
9022005000329001,Fröstorpsgatan,9022005004171001,Norra Tornby,day,123.31,18045,9011005022600000,1,120.31,703
9022005000429001,IKEA,9022005001238001,Skattegården,day,173.63,17349,9011005020500000,0,173.63,17349
9022005000444002,Tornet,9022005003974002,Tornby Park,day,74.73,17306,9011005020500000,0,74.73,17306
9022005000444002,Tornet,9022005003974003,Tornby Park,day,88.62,13,9011005020500000,0,88.62,13
9022005001238001,Skattegården,9022005001239001,Skrivaregatan,day,52.3,17413,9011005020500000,0,52.3,17413
9022005001239001,Skrivaregatan,9022005001240001,Fogdegatan,day,68.13,17868,9011005020500000,0,68.13,17868
9022005001240001,Fogdegatan,9022005000049001,Stiglötsgatan,day,52.22,17888,9011005020500000,0,52.22,17888
9022005001241001,Sörgårdsgatan,9022005001236003,Rusthållaregården,day,85.12,17893,9011005020500000,0,85.12,17893
9022005001243002,Kungsgatan,9022005000050004,Linköpings resecentrum,day,244.74,16916,9011005020500000,0,244.74,16916
9022005001252002,Risbrinksgatan,9022005001447002,Kristinebergsgatan,day,49.42,36639,9011005020500000,0,51.5,17301
9022005001252002,Risbrinksgatan,9022005001447002,Kristinebergsgatan,day,49.42,36639,9011005021000000,1,46.28,8302
9022005001252002,Risbrinksgatan,9022005001447002,Kristinebergsgatan,day,49.42,36639,9011005021300000,0,48.53,11036
9022005001318002,Ekhaga,9022005001332002,Jakobsdal,day,76.22,17294,9011005020500000,0,76.22,17294
9022005001324002,Vårdcentralen Ekholmen,9022005000054002,Ekholmens centrum,day,82.89,17286,9011005020500000,0,82.89,17286
9022005001325002,Ekholmsskolan,9022005001324002,Vårdcentralen Ekholmen,day,44.66,17287,9011005020500000,0,44.66,17287
9022005001332002,Jakobsdal,9022005001392002,Braskens bro,day,170.19,25595,9011005020500000,0,173.44,17296
9022005001332002,Jakobsdal,9022005001392002,Braskens bro,day,170.19,25595,9011005021000000,1,163.43,8299
9022005001392002,Braskens bro,9022005001252002,Risbrinksgatan,day,83.72,25598,9011005020500000,0,85.02,17298
9022005001392002,Braskens bro,9022005001252002,Risbrinksgatan,day,83.72,25598,9011005021000000,1,81.01,8300
9022005001447002,Kristinebergsgatan,9022005001221002,Folkungavallen,day,55.96,36644,9011005020500000,0,57.18,17305
9022005001447002,Kristinebergsgatan,9022005001221002,Folkungavallen,day,55.96,36644,9011005021000000,1,53.9,8303
9022005001447002,Kristinebergsgatan,9022005001221002,Folkungavallen,day,55.96,36644,9011005021300000,0,55.6,11036
9022005003559002,Järdalavägen 50,9022005001318002,Ekhaga,day,68.67,25309,9011005020500000,0,69.41,17289
9022005003559002,Järdalavägen 50,9022005001318002,Ekhaga,day,68.67,25309,9011005021400000,0,67.09,8020
9022005003974002,Tornby Park,9022005000329001,Fröstorpsgatan,day,108.32,17326,9011005020500000,0,108.32,17326
9022005003974003,Tornby Park,9022005000329001,Fröstorpsgatan,day,103.93,14,9011005020500000,0,103.93,14
9022005004171001,Norra Tornby,9022005000429001,IKEA,day,99.29,20926,9011005020500000,0,100.89,17343
9022005004171001,Norra Tornby,9022005000429001,IKEA,day,99.29,20926,9011005022600000,1,91.52,3583
9022005000046004,Trädgårdstorget,9022005000050004,Linköpings resecentrum,night,371.22,331,9011005020500000,0,371.22,331
9022005000049001,Stiglötsgatan,9022005001241001,Sörgårdsgatan,night,77.92,16299,9011005020500000,0,77.92,16299
9022005000050004,Linköpings resecentrum,9022005000329001,Fröstorpsgatan,night,92.83,6,9011005020500000,0,92.83,6
9022005000050004,Linköpings resecentrum,9022005000444002,Tornet,night,204.0,15845,9011005020500000,0,204.0,15845
9022005000054002,Ekholmens centrum,9022005003559002,Järdalavägen 50,night,36.71,27860,9011005020500000,0,37.96,15832
9022005000054002,Ekholmens centrum,9022005003559002,Järdalavägen 50,night,36.71,27860,9011005021400000,0,35.1,11405
9022005000054002,Ekholmens centrum,9022005003559002,Järdalavägen 50,night,36.71,27860,9011005022200000,0,34.41,623
9022005000329001,Fröstorpsgatan,9022005004171001,Norra Tornby,night,107.6,16051,9011005020500000,0,107.42,15872
9022005000329001,Fröstorpsgatan,9022005004171001,Norra Tornby,night,107.6,16051,9011005022600000,1,123.36,179
9022005000429001,IKEA,9022005001238001,Skattegården,night,165.98,15878,9011005020500000,0,165.98,15878
9022005000444002,Tornet,9022005003974002,Tornby Park,night,59.61,15832,9011005020500000,0,59.61,15832
9022005000444002,Tornet,9022005003974003,Tornby Park,night,77.56,18,9011005020500000,0,77.56,18
9022005001238001,Skattegården,9022005001239001,Skrivaregatan,night,50.54,15930,9011005020500000,0,50.54,15930
9022005001239001,Skrivaregatan,9022005001240001,Fogdegatan,night,67.16,16271,9011005020500000,0,67.16,16271
9022005001240001,Fogdegatan,9022005000049001,Stiglötsgatan,night,51.77,16297,9011005020500000,0,51.77,16297
9022005001241001,Sörgårdsgatan,9022005001236003,Rusthållaregården,night,82.8,16299,9011005020500000,0,82.8,16299
9022005001243002,Kungsgatan,9022005000050004,Linköpings resecentrum,night,242.89,15520,9011005020500000,0,242.89,15520
9022005001252002,Risbrinksgatan,9022005001447002,Kristinebergsgatan,night,47.01,38438,9011005020500000,0,48.28,15842
9022005001252002,Risbrinksgatan,9022005001447002,Kristinebergsgatan,night,47.01,38438,9011005021000000,1,44.18,9282
9022005001252002,Risbrinksgatan,9022005001447002,Kristinebergsgatan,night,47.01,38438,9011005021300000,0,47.47,13314
9022005001318002,Ekhaga,9022005001332002,Jakobsdal,night,69.02,15833,9011005020500000,0,69.02,15833
9022005001324002,Vårdcentralen Ekholmen,9022005000054002,Ekholmens centrum,night,75.67,15832,9011005020500000,0,75.67,15832
9022005001325002,Ekholmsskolan,9022005001324002,Vårdcentralen Ekholmen,night,33.88,15831,9011005020500000,0,33.88,15831
9022005001332002,Jakobsdal,9022005001392002,Braskens bro,night,161.22,25110,9011005020500000,0,165.94,15834
9022005001332002,Jakobsdal,9022005001392002,Braskens bro,night,161.22,25110,9011005021000000,1,153.15,9276
9022005001392002,Braskens bro,9022005001252002,Risbrinksgatan,night,69.73,25116,9011005020500000,0,71.64,15838
9022005001392002,Braskens bro,9022005001252002,Risbrinksgatan,night,69.73,25116,9011005021000000,1,66.46,9278
9022005001447002,Kristinebergsgatan,9022005001221002,Folkungavallen,night,50.68,38439,9011005020500000,0,52.17,15842
9022005001447002,Kristinebergsgatan,9022005001221002,Folkungavallen,night,50.68,38439,9011005021000000,1,48.16,9283
9022005001447002,Kristinebergsgatan,9022005001221002,Folkungavallen,night,50.68,38439,9011005021300000,0,50.65,13314
9022005003559002,Järdalavägen 50,9022005001318002,Ekhaga,night,59.87,27865,9011005020500000,0,61.16,15834
9022005003559002,Järdalavägen 50,9022005001318002,Ekhaga,night,59.87,27865,9011005021400000,0,58.3,11408
9022005003559002,Järdalavägen 50,9022005001318002,Ekhaga,night,59.87,27865,9011005022200000,0,55.95,623
9022005003974002,Tornby Park,9022005000329001,Fröstorpsgatan,night,96.01,15845,9011005020500000,0,96.01,15845
9022005003974003,Tornby Park,9022005000329001,Fröstorpsgatan,night,90.05,19,9011005020500000,0,90.05,19
9022005004171001,Norra Tornby,9022005000429001,IKEA,night,85.42,16481,9011005020500000,0,84.7,15872
9022005004171001,Norra Tornby,9022005000429001,IKEA,night,85.42,16481,9011005022600000,1,104.11,609
9022005000046004,Trädgårdstorget,9022005000050004,Linköpings resecentrum,pm_rush,392.89,132,9011005020500000,0,392.89,132
9022005000049001,Stiglötsgatan,9022005001241001,Sörgårdsgatan,pm_rush,82.25,6489,9011005020500000,0,82.25,6489
9022005000050004,Linköpings resecentrum,9022005000444002,Tornet,pm_rush,248.62,6325,9011005020500000,0,248.62,6325
9022005000054002,Ekholmens centrum,9022005003559002,Järdalavägen 50,pm_rush,39.6,11754,9011005020500000,0,40.24,6323
9022005000054002,Ekholmens centrum,9022005003559002,Järdalavägen 50,pm_rush,39.6,11754,9011005021400000,0,40.37,3571
9022005000054002,Ekholmens centrum,9022005003559002,Järdalavägen 50,pm_rush,39.6,11754,9011005022200000,0,35.94,1860
9022005000329001,Fröstorpsgatan,9022005004171001,Norra Tornby,pm_rush,125.73,6711,9011005020500000,0,125.44,6356
9022005000329001,Fröstorpsgatan,9022005004171001,Norra Tornby,pm_rush,125.73,6711,9011005022600000,1,130.86,355
9022005000429001,IKEA,9022005001238001,Skattegården,pm_rush,196.68,6356,9011005020500000,0,196.68,6356
9022005000444002,Tornet,9022005003974002,Tornby Park,pm_rush,77.91,6322,9011005020500000,0,77.91,6322
9022005000444002,Tornet,9022005003974003,Tornby Park,pm_rush,86.5,6,9011005020500000,0,86.5,6
9022005001238001,Skattegården,9022005001239001,Skrivaregatan,pm_rush,57.67,6357,9011005020500000,0,57.67,6357
9022005001239001,Skrivaregatan,9022005001240001,Fogdegatan,pm_rush,73.48,6476,9011005020500000,0,73.48,6476
9022005001240001,Fogdegatan,9022005000049001,Stiglötsgatan,pm_rush,57.35,6487,9011005020500000,0,57.35,6487
9022005001241001,Sörgårdsgatan,9022005001236003,Rusthållaregården,pm_rush,90.34,6489,9011005020500000,0,90.34,6489
9022005001243002,Kungsgatan,9022005000050004,Linköpings resecentrum,pm_rush,263.61,6194,9011005020500000,0,263.61,6194
9022005001252002,Risbrinksgatan,9022005001447002,Kristinebergsgatan,pm_rush,48.3,16183,9011005020500000,0,50.27,6325
9022005001252002,Risbrinksgatan,9022005001447002,Kristinebergsgatan,pm_rush,48.3,16183,9011005021000000,1,45.37,4921
9022005001252002,Risbrinksgatan,9022005001447002,Kristinebergsgatan,pm_rush,48.3,16183,9011005021300000,0,48.71,4937
9022005001318002,Ekhaga,9022005001332002,Jakobsdal,pm_rush,78.49,6323,9011005020500000,0,78.49,6323
9022005001324002,Vårdcentralen Ekholmen,9022005000054002,Ekholmens centrum,pm_rush,86.49,6323,9011005020500000,0,86.49,6323
9022005001325002,Ekholmsskolan,9022005001324002,Vårdcentralen Ekholmen,pm_rush,41.44,6325,9011005020500000,0,41.44,6325
9022005001332002,Jakobsdal,9022005001392002,Braskens bro,pm_rush,172.94,11241,9011005020500000,0,176.04,6323
9022005001332002,Jakobsdal,9022005001392002,Braskens bro,pm_rush,172.94,11241,9011005021000000,1,168.95,4918
9022005001392002,Braskens bro,9022005001252002,Risbrinksgatan,pm_rush,107.15,11243,9011005020500000,0,109.12,6324
9022005001392002,Braskens bro,9022005001252002,Risbrinksgatan,pm_rush,107.15,11243,9011005021000000,1,104.61,4919
9022005001447002,Kristinebergsgatan,9022005001221002,Folkungavallen,pm_rush,66.17,16183,9011005020500000,0,68.3,6325
9022005001447002,Kristinebergsgatan,9022005001221002,Folkungavallen,pm_rush,66.17,16183,9011005021000000,1,64.64,4921
9022005001447002,Kristinebergsgatan,9022005001221002,Folkungavallen,pm_rush,66.17,16183,9011005021300000,0,64.96,4937
9022005003559002,Järdalavägen 50,9022005001318002,Ekhaga,pm_rush,66.25,11754,9011005020500000,0,69.22,6323
9022005003559002,Järdalavägen 50,9022005001318002,Ekhaga,pm_rush,66.25,11754,9011005021400000,0,68.18,3571
9022005003559002,Järdalavägen 50,9022005001318002,Ekhaga,pm_rush,66.25,11754,9011005022200000,0,52.44,1860
9022005003974002,Tornby Park,9022005000329001,Fröstorpsgatan,pm_rush,111.58,6349,9011005020500000,0,111.58,6349
9022005003974003,Tornby Park,9022005000329001,Fröstorpsgatan,pm_rush,105.5,6,9011005020500000,0,105.5,6
9022005004171001,Norra Tornby,9022005000429001,IKEA,pm_rush,104.5,7565,9011005020500000,0,104.47,6356
9022005004171001,Norra Tornby,9022005000429001,IKEA,pm_rush,104.5,7565,9011005022600000,1,104.67,1209
9022005000046004,Trädgårdstorget,9022005000050004,Linköpings resecentrum,weekend,411.7,226,9011005020500000,0,411.7,226
9022005000049001,Stiglötsgatan,9022005001241001,Sörgårdsgatan,weekend,76.85,12962,9011005020500000,0,76.85,12962
9022005000050004,Linköpings resecentrum,9022005000329001,Fröstorpsgatan,weekend,81.88,8,9011005020500000,0,81.88,8
9022005000050004,Linköpings resecentrum,9022005000444002,Tornet,weekend,200.35,12572,9011005020500000,0,200.35,12572
9022005000054002,Ekholmens centrum,9022005003559002,Järdalavägen 50,weekend,38.66,21116,9011005020500000,0,39.67,12576
9022005000054002,Ekholmens centrum,9022005003559002,Järdalavägen 50,weekend,38.66,21116,9011005021400000,0,37.18,8540
9022005000329001,Fröstorpsgatan,9022005004171001,Norra Tornby,weekend,118.05,13077,9011005020500000,0,117.37,12587
9022005000329001,Fröstorpsgatan,9022005004171001,Norra Tornby,weekend,118.05,13077,9011005022600000,1,135.39,490
9022005000429001,IKEA,9022005001238001,Skattegården,weekend,167.82,12602,9011005020500000,0,167.82,12602
9022005000444002,Tornet,9022005003974002,Tornby Park,weekend,58.67,12558,9011005020500000,0,58.67,12558
9022005000444002,Tornet,9022005003974003,Tornby Park,weekend,76.06,16,9011005020500000,0,76.06,16
9022005001238001,Skattegården,9022005001239001,Skrivaregatan,weekend,49.75,12654,9011005020500000,0,49.75,12654
9022005001239001,Skrivaregatan,9022005001240001,Fogdegatan,weekend,66.48,12944,9011005020500000,0,66.48,12944
9022005001240001,Fogdegatan,9022005000049001,Stiglötsgatan,weekend,49.7,12961,9011005020500000,0,49.7,12961
9022005001241001,Sörgårdsgatan,9022005001236003,Rusthållaregården,weekend,81.88,12962,9011005020500000,0,81.88,12962
9022005001243002,Kungsgatan,9022005000050004,Linköpings resecentrum,weekend,283.44,12354,9011005020500000,0,283.44,12354
9022005001252002,Risbrinksgatan,9022005001447002,Kristinebergsgatan,weekend,48.14,32063,9011005020500000,0,50.03,12581
9022005001252002,Risbrinksgatan,9022005001447002,Kristinebergsgatan,weekend,48.14,32063,9011005021000000,1,45.51,8417
9022005001252002,Risbrinksgatan,9022005001447002,Kristinebergsgatan,weekend,48.14,32063,9011005021300000,0,47.98,11065
9022005001318002,Ekhaga,9022005001332002,Jakobsdal,weekend,72.11,12578,9011005020500000,0,72.11,12578
9022005001324002,Vårdcentralen Ekholmen,9022005000054002,Ekholmens centrum,weekend,77.37,12575,9011005020500000,0,77.37,12575
9022005001325002,Ekholmsskolan,9022005001324002,Vårdcentralen Ekholmen,weekend,36.76,12575,9011005020500000,0,36.76,12575
9022005001332002,Jakobsdal,9022005001392002,Braskens bro,weekend,164.75,20991,9011005020500000,0,169.74,12578
9022005001332002,Jakobsdal,9022005001392002,Braskens bro,weekend,164.75,20991,9011005021000000,1,157.29,8413
9022005001392002,Braskens bro,9022005001252002,Risbrinksgatan,weekend,69.08,20994,9011005020500000,0,71.45,12580
9022005001392002,Braskens bro,9022005001252002,Risbrinksgatan,weekend,69.08,20994,9011005021000000,1,65.54,8414
9022005001447002,Kristinebergsgatan,9022005001221002,Folkungavallen,weekend,50.7,32064,9011005020500000,0,52.99,12580
9022005001447002,Kristinebergsgatan,9022005001221002,Folkungavallen,weekend,50.7,32064,9011005021000000,1,48.46,8419
9022005001447002,Kristinebergsgatan,9022005001221002,Folkungavallen,weekend,50.7,32064,9011005021300000,0,49.79,11065
9022005003559002,Järdalavägen 50,9022005001318002,Ekhaga,weekend,63.26,21117,9011005020500000,0,64.31,12577
9022005003559002,Järdalavägen 50,9022005001318002,Ekhaga,weekend,63.26,21117,9011005021400000,0,61.71,8540
9022005003974002,Tornby Park,9022005000329001,Fröstorpsgatan,weekend,100.66,12562,9011005020500000,0,100.66,12562
9022005003974003,Tornby Park,9022005000329001,Fröstorpsgatan,weekend,98.06,16,9011005020500000,0,98.06,16
9022005004171001,Norra Tornby,9022005000429001,IKEA,weekend,100.19,14292,9011005020500000,0,99.12,12590
9022005004171001,Norra Tornby,9022005000429001,IKEA,weekend,100.19,14292,9011005022600000,1,108.12,1702
9022005000049002,Stiglötsgatan,9022005001240002,Fogdegatan,am_rush,62.59,10003,9011005020500000,1,62.59,10003
9022005000050010,Linköpings resecentrum,9022005000046003,Trädgårdstorget,am_rush,337.12,194,9011005020500000,1,337.12,194
9022005000050010,Linköpings resecentrum,9022005001243001,Kungsgatan,am_rush,171.75,9825,9011005020500000,1,171.75,9825
9022005000054001,Ekholmens centrum,9022005001324001,Vårdcentralen Ekholmen,am_rush,57.79,10091,9011005020500000,1,57.79,10091
9022005000329002,Fröstorpsgatan,9022005003974001,Tornby Park,am_rush,105.15,10017,9011005020500000,1,105.15,10017
9022005000429002,IKEA,9022005004171002,Norra Tornby,am_rush,56.52,10005,9011005020500000,1,56.52,10005
9022005000444001,Tornet,9022005000050010,Linköpings resecentrum,am_rush,316.27,10017,9011005020500000,1,316.27,10017
9022005001222001,Bergdalsgatan,9022005001252001,Risbrinksgatan,am_rush,63.83,22296,9011005020500000,1,64.77,10055
9022005001222001,Bergdalsgatan,9022005001252001,Risbrinksgatan,am_rush,63.83,22296,9011005021000000,0,62.97,5518
9022005001222001,Bergdalsgatan,9022005001252001,Risbrinksgatan,am_rush,63.83,22296,9011005021300000,1,63.12,6723
9022005001236002,Rusthållaregården,9022005001241002,Sörgårdsgatan,am_rush,93.51,10001,9011005020500000,1,93.51,10001
9022005001238002,Skattegården,9022005000429002,IKEA,am_rush,178.69,10004,9011005020500000,1,178.69,10004
9022005001239002,Skrivaregatan,9022005001238002,Skattegården,am_rush,57.74,10005,9011005020500000,1,57.74,10005
9022005001240002,Fogdegatan,9022005001239002,Skrivaregatan,am_rush,70.86,10004,9011005020500000,1,70.86,10004
9022005001241002,Sörgårdsgatan,9022005000049002,Stiglötsgatan,am_rush,89.54,10002,9011005020500000,1,89.54,10002
9022005001252001,Risbrinksgatan,9022005001392001,Braskens bro,am_rush,74.54,15588,9011005020500000,1,75.41,10070
9022005001252001,Risbrinksgatan,9022005001392001,Braskens bro,am_rush,74.54,15588,9011005021000000,0,72.95,5518
9022005001318001,Ekhaga,9022005003559001,Järdalavägen 50,am_rush,38.99,14857,9011005020500000,1,38.16,10091
9022005001318001,Ekhaga,9022005003559001,Järdalavägen 50,am_rush,38.99,14857,9011005021400000,1,40.75,4766
9022005001324001,Vårdcentralen Ekholmen,9022005001325001,Ekholmsskolan,am_rush,34.71,10090,9011005020500000,1,34.71,10090
9022005001325001,Ekholmsskolan,9022005000419002,Räknestickan,am_rush,43.36,10090,9011005020500000,1,43.36,10090
9022005001332001,Jakobsdal,9022005001318001,Ekhaga,am_rush,86.43,10090,9011005020500000,1,86.43,10090
9022005001392001,Braskens bro,9022005001332001,Jakobsdal,am_rush,140.15,15601,9011005020500000,1,141.97,10082
9022005001392001,Braskens bro,9022005001332001,Jakobsdal,am_rush,140.15,15601,9011005021000000,0,136.83,5519
9022005001411001,Mellangården,9022005001236002,Rusthållaregården,am_rush,60.43,9981,9011005020500000,1,60.43,9981
9022005003559001,Järdalavägen 50,9022005000054001,Ekholmens centrum,am_rush,62.86,17857,9011005020500000,1,61.62,10091
9022005003559001,Järdalavägen 50,9022005000054001,Ekholmens centrum,am_rush,62.86,17857,9011005021400000,1,66.16,4766
9022005003559001,Järdalavägen 50,9022005000054001,Ekholmens centrum,am_rush,62.86,17857,9011005022200000,1,61.8,3000
9022005003974001,Tornby Park,9022005000444001,Tornet,am_rush,76.55,10019,9011005020500000,1,76.55,10019
9022005004171002,Norra Tornby,9022005000329002,Fröstorpsgatan,am_rush,122.69,10006,9011005020500000,1,122.69,10006
9022005000049002,Stiglötsgatan,9022005001240002,Fogdegatan,day,57.8,18803,9011005020500000,1,57.8,18803
9022005000050010,Linköpings resecentrum,9022005000046003,Trädgårdstorget,day,337.53,395,9011005020500000,1,337.53,395
9022005000050010,Linköpings resecentrum,9022005001243001,Kungsgatan,day,173.0,18446,9011005020500000,1,173.0,18446
9022005000054001,Ekholmens centrum,9022005001324001,Vårdcentralen Ekholmen,day,62.56,19069,9011005020500000,1,62.56,19069
9022005000329002,Fröstorpsgatan,9022005003974001,Tornby Park,day,113.42,18835,9011005020500000,1,113.42,18835
9022005000429002,IKEA,9022005004171002,Norra Tornby,day,76.98,22508,9011005020500000,1,77.76,18807
9022005000429002,IKEA,9022005004171002,Norra Tornby,day,76.98,22508,9011005022600000,0,73.01,3701
9022005000444001,Tornet,9022005000050010,Linköpings resecentrum,day,310.78,18841,9011005020500000,1,310.78,18841
9022005001222001,Bergdalsgatan,9022005001252001,Risbrinksgatan,day,67.18,39265,9011005020500000,1,68.66,18891
9022005001222001,Bergdalsgatan,9022005001252001,Risbrinksgatan,day,67.18,39265,9011005021000000,0,65.64,9265
9022005001222001,Bergdalsgatan,9022005001252001,Risbrinksgatan,day,67.18,39265,9011005021300000,1,65.93,11109
9022005001236002,Rusthållaregården,9022005001241002,Sörgårdsgatan,day,85.75,18791,9011005020500000,1,85.75,18791
9022005001238002,Skattegården,9022005000429002,IKEA,day,208.9,18807,9011005020500000,1,208.9,18807
9022005001239002,Skrivaregatan,9022005001238002,Skattegården,day,53.27,18807,9011005020500000,1,53.27,18807
9022005001240002,Fogdegatan,9022005001239002,Skrivaregatan,day,66.69,18804,9011005020500000,1,66.69,18804
9022005001241002,Sörgårdsgatan,9022005000049002,Stiglötsgatan,day,81.64,18796,9011005020500000,1,81.64,18796
9022005001252001,Risbrinksgatan,9022005001392001,Braskens bro,day,83.47,28221,9011005020500000,1,83.53,18955
9022005001252001,Risbrinksgatan,9022005001392001,Braskens bro,day,83.47,28221,9011005021000000,0,83.36,9266
9022005001318001,Ekhaga,9022005003559001,Järdalavägen 50,day,44.19,27569,9011005020500000,1,44.91,19069
9022005001318001,Ekhaga,9022005003559001,Järdalavägen 50,day,44.19,27569,9011005021400000,1,42.57,8500
9022005001324001,Vårdcentralen Ekholmen,9022005001325001,Ekholmsskolan,day,36.11,19069,9011005020500000,1,36.11,19069
9022005001325001,Ekholmsskolan,9022005000419002,Räknestickan,day,46.3,19069,9011005020500000,1,46.3,19069
9022005001332001,Jakobsdal,9022005001318001,Ekhaga,day,96.95,19064,9011005020500000,1,96.95,19064
9022005001392001,Braskens bro,9022005001332001,Jakobsdal,day,145.87,28279,9011005020500000,1,146.91,19012
9022005001392001,Braskens bro,9022005001332001,Jakobsdal,day,145.87,28279,9011005021000000,0,143.75,9267
9022005001411001,Mellangården,9022005001236002,Rusthållaregården,day,62.09,18743,9011005020500000,1,62.09,18743
9022005003559001,Järdalavägen 50,9022005000054001,Ekholmens centrum,day,71.91,27569,9011005020500000,1,73.17,19069
9022005003559001,Järdalavägen 50,9022005000054001,Ekholmens centrum,day,71.91,27569,9011005021400000,1,69.09,8500
9022005003974001,Tornby Park,9022005000444001,Tornet,day,81.7,19660,9011005020500000,1,81.65,18838
9022005003974001,Tornby Park,9022005000444001,Tornet,day,81.7,19660,9011005022600000,0,82.8,822
9022005004171002,Norra Tornby,9022005000329002,Fröstorpsgatan,day,148.01,20019,9011005020500000,1,147.91,18815
9022005004171002,Norra Tornby,9022005000329002,Fröstorpsgatan,day,148.01,20019,9011005022600000,0,149.58,1204
9022005000049002,Stiglötsgatan,9022005001240002,Fogdegatan,night,50.47,15992,9011005020500000,1,50.47,15992
9022005000050010,Linköpings resecentrum,9022005000046003,Trädgårdstorget,night,285.67,308,9011005020500000,1,285.67,308
9022005000050010,Linköpings resecentrum,9022005001243001,Kungsgatan,night,155.03,15713,9011005020500000,1,155.03,15713
9022005000054001,Ekholmens centrum,9022005001324001,Vårdcentralen Ekholmen,night,53.9,16346,9011005020500000,1,53.9,16346
9022005000329002,Fröstorpsgatan,9022005003974001,Tornby Park,night,96.32,16016,9011005020500000,1,96.32,16016
9022005000429002,IKEA,9022005004171002,Norra Tornby,night,72.86,16590,9011005020500000,1,72.82,15992
9022005000429002,IKEA,9022005004171002,Norra Tornby,night,72.86,16590,9011005022600000,0,73.89,598
9022005000444001,Tornet,9022005000050010,Linköpings resecentrum,night,294.9,16020,9011005020500000,1,294.9,16020
9022005001222001,Bergdalsgatan,9022005001252001,Risbrinksgatan,night,68.71,38893,9011005020500000,1,70.44,16205
9022005001222001,Bergdalsgatan,9022005001252001,Risbrinksgatan,night,68.71,38893,9011005021000000,0,66.74,9251
9022005001222001,Bergdalsgatan,9022005001252001,Risbrinksgatan,night,68.71,38893,9011005021300000,1,67.99,13437
9022005001222001,Bergdalsgatan,9022005003559001,Järdalavägen 50,night,37.4,5,9011005020500000,1,37.4,5
9022005001236002,Rusthållaregården,9022005001241002,Sörgårdsgatan,night,80.71,15989,9011005020500000,1,80.71,15989
9022005001238002,Skattegården,9022005000429002,IKEA,night,198.33,15993,9011005020500000,1,198.33,15993
9022005001239002,Skrivaregatan,9022005001238002,Skattegården,night,49.06,15994,9011005020500000,1,49.06,15994
9022005001240002,Fogdegatan,9022005001239002,Skrivaregatan,night,60.07,15992,9011005020500000,1,60.07,15992
9022005001241002,Sörgårdsgatan,9022005000049002,Stiglötsgatan,night,74.77,15989,9011005020500000,1,74.77,15989
9022005001252001,Risbrinksgatan,9022005001392001,Braskens bro,night,76.84,25495,9011005020500000,1,78.34,16244
9022005001252001,Risbrinksgatan,9022005001392001,Braskens bro,night,76.84,25495,9011005021000000,0,74.2,9251
9022005001318001,Ekhaga,9022005003559001,Järdalavägen 50,night,41.42,27939,9011005020500000,1,41.6,16341
9022005001318001,Ekhaga,9022005003559001,Järdalavägen 50,night,41.42,27939,9011005021400000,1,41.17,11598
9022005001324001,Vårdcentralen Ekholmen,9022005001325001,Ekholmsskolan,night,32.75,16346,9011005020500000,1,32.75,16346
9022005001325001,Ekholmsskolan,9022005000419002,Räknestickan,night,52.21,16346,9011005020500000,1,52.21,16346
9022005001332001,Jakobsdal,9022005001318001,Ekhaga,night,86.63,16338,9011005020500000,1,86.63,16338
9022005001392001,Braskens bro,9022005001332001,Jakobsdal,night,134.26,25559,9011005020500000,1,135.83,16306
9022005001392001,Braskens bro,9022005001332001,Jakobsdal,night,134.26,25559,9011005021000000,0,131.5,9253
9022005001411001,Mellangården,9022005001236002,Rusthållaregården,night,57.94,15963,9011005020500000,1,57.94,15963
9022005003559001,Järdalavägen 50,9022005000054001,Ekholmens centrum,night,68.94,27943,9011005020500000,1,70.23,16346
9022005003559001,Järdalavägen 50,9022005000054001,Ekholmens centrum,night,68.94,27943,9011005021400000,1,67.12,11597
9022005003974001,Tornby Park,9022005000444001,Tornet,night,65.01,16216,9011005020500000,1,64.97,16020
9022005003974001,Tornby Park,9022005000444001,Tornet,night,65.01,16216,9011005022600000,0,68.03,196
9022005004171002,Norra Tornby,9022005000329002,Fröstorpsgatan,night,140.21,16190,9011005020500000,1,140.03,15997
9022005004171002,Norra Tornby,9022005000329002,Fröstorpsgatan,night,140.21,16190,9011005022600000,0,155.0,193
9022005000049002,Stiglötsgatan,9022005001240002,Fogdegatan,pm_rush,54.77,6744,9011005020500000,1,54.77,6744
9022005000050010,Linköpings resecentrum,9022005000046003,Trädgårdstorget,pm_rush,340.2,131,9011005020500000,1,340.2,131
9022005000050010,Linköpings resecentrum,9022005001243001,Kungsgatan,pm_rush,201.29,6648,9011005020500000,1,201.29,6648
9022005000054001,Ekholmens centrum,9022005001324001,Vårdcentralen Ekholmen,pm_rush,66.85,6850,9011005020500000,1,66.85,6850
9022005000329002,Fröstorpsgatan,9022005003974001,Tornby Park,pm_rush,122.48,6787,9011005020500000,1,122.48,6787
9022005000429002,IKEA,9022005004171002,Norra Tornby,pm_rush,82.12,7953,9011005020500000,1,83.29,6742
9022005000429002,IKEA,9022005004171002,Norra Tornby,pm_rush,82.12,7953,9011005022600000,0,75.62,1211
9022005000444001,Tornet,9022005000050010,Linköpings resecentrum,pm_rush,342.45,6780,9011005020500000,1,342.45,6780
9022005001222001,Bergdalsgatan,9022005001252001,Risbrinksgatan,pm_rush,74.52,16719,9011005020500000,1,76.53,6804
9022005001222001,Bergdalsgatan,9022005001252001,Risbrinksgatan,pm_rush,74.52,16719,9011005021000000,0,73.7,4953
9022005001222001,Bergdalsgatan,9022005001252001,Risbrinksgatan,pm_rush,74.52,16719,9011005021300000,1,72.57,4962
9022005001236002,Rusthållaregården,9022005001241002,Sörgårdsgatan,pm_rush,85.45,6744,9011005020500000,1,85.45,6744
9022005001238002,Skattegården,9022005000429002,IKEA,pm_rush,226.4,6743,9011005020500000,1,226.4,6743
9022005001239002,Skrivaregatan,9022005001238002,Skattegården,pm_rush,55.13,6743,9011005020500000,1,55.13,6743
9022005001240002,Fogdegatan,9022005001239002,Skrivaregatan,pm_rush,63.73,6744,9011005020500000,1,63.73,6744
9022005001241002,Sörgårdsgatan,9022005000049002,Stiglötsgatan,pm_rush,80.2,6744,9011005020500000,1,80.2,6744
9022005001252001,Risbrinksgatan,9022005001392001,Braskens bro,pm_rush,110.33,11762,9011005020500000,1,111.06,6809
9022005001252001,Risbrinksgatan,9022005001392001,Braskens bro,pm_rush,110.33,11762,9011005021000000,0,109.33,4953
9022005001318001,Ekhaga,9022005003559001,Järdalavägen 50,pm_rush,48.66,10555,9011005020500000,1,49.83,6847
9022005001318001,Ekhaga,9022005003559001,Järdalavägen 50,pm_rush,48.66,10555,9011005021400000,1,46.51,3708
9022005001324001,Vårdcentralen Ekholmen,9022005001325001,Ekholmsskolan,pm_rush,40.76,6850,9011005020500000,1,40.76,6850
9022005001325001,Ekholmsskolan,9022005000419002,Räknestickan,pm_rush,50.22,6849,9011005020500000,1,50.22,6849
9022005001332001,Jakobsdal,9022005001318001,Ekhaga,pm_rush,105.08,6842,9011005020500000,1,105.08,6842
9022005001392001,Braskens bro,9022005001332001,Jakobsdal,pm_rush,161.84,11772,9011005020500000,1,162.56,6819
9022005001392001,Braskens bro,9022005001332001,Jakobsdal,pm_rush,161.84,11772,9011005021000000,0,160.86,4953
9022005001411001,Mellangården,9022005001236002,Rusthållaregården,pm_rush,70.5,6728,9011005020500000,1,70.5,6728
9022005003559001,Järdalavägen 50,9022005000054001,Ekholmens centrum,pm_rush,81.46,10558,9011005020500000,1,84.35,6850
9022005003559001,Järdalavägen 50,9022005000054001,Ekholmens centrum,pm_rush,81.46,10558,9011005021400000,1,76.12,3708
9022005003974001,Tornby Park,9022005000444001,Tornet,pm_rush,88.25,7188,9011005020500000,1,88.33,6788
9022005003974001,Tornby Park,9022005000444001,Tornet,pm_rush,88.25,7188,9011005022600000,0,86.92,400
9022005004171002,Norra Tornby,9022005000329002,Fröstorpsgatan,pm_rush,157.21,7139,9011005020500000,1,157.04,6746
9022005004171002,Norra Tornby,9022005000329002,Fröstorpsgatan,pm_rush,157.21,7139,9011005022600000,0,160.1,393
9022005000049002,Stiglötsgatan,9022005001240002,Fogdegatan,weekend,53.73,14259,9011005020500000,1,53.73,14259
9022005000050010,Linköpings resecentrum,9022005000046003,Trädgårdstorget,weekend,301.84,236,9011005020500000,1,301.84,236
9022005000050010,Linköpings resecentrum,9022005001243001,Kungsgatan,weekend,151.26,14051,9011005020500000,1,151.26,14051
9022005000054001,Ekholmens centrum,9022005001324001,Vårdcentralen Ekholmen,weekend,53.56,14502,9011005020500000,1,53.56,14502
9022005000329002,Fröstorpsgatan,9022005003974001,Tornby Park,weekend,96.95,14264,9011005020500000,1,96.95,14264
9022005000429002,IKEA,9022005004171002,Norra Tornby,weekend,75.79,15761,9011005020500000,1,75.33,14260
9022005000429002,IKEA,9022005004171002,Norra Tornby,weekend,75.79,15761,9011005022600000,0,80.19,1501
9022005000444001,Tornet,9022005000050010,Linköpings resecentrum,weekend,279.53,14278,9011005020500000,1,279.53,14278
9022005001222001,Bergdalsgatan,9022005001252001,Risbrinksgatan,weekend,67.9,33862,9011005020500000,1,69.92,14426
9022005001222001,Bergdalsgatan,9022005001252001,Risbrinksgatan,weekend,67.9,33862,9011005021000000,0,66.63,8358
9022005001222001,Bergdalsgatan,9022005001252001,Risbrinksgatan,weekend,67.9,33862,9011005021300000,1,66.24,11078
9022005001236002,Rusthållaregården,9022005001241002,Sörgårdsgatan,weekend,83.39,14236,9011005020500000,1,83.39,14236
9022005001238002,Skattegården,9022005000429002,IKEA,weekend,213.75,14259,9011005020500000,1,213.75,14259
9022005001239002,Skrivaregatan,9022005001238002,Skattegården,weekend,49.09,14259,9011005020500000,1,49.09,14259
9022005001240002,Fogdegatan,9022005001239002,Skrivaregatan,weekend,63.24,14259,9011005020500000,1,63.24,14259
9022005001241002,Sörgårdsgatan,9022005000049002,Stiglötsgatan,weekend,77.91,14238,9011005020500000,1,77.91,14238
9022005001252001,Risbrinksgatan,9022005001392001,Braskens bro,weekend,75.74,22814,9011005020500000,1,77.77,14458
9022005001252001,Risbrinksgatan,9022005001392001,Braskens bro,weekend,75.74,22814,9011005021000000,0,72.22,8356
9022005001318001,Ekhaga,9022005003559001,Järdalavägen 50,weekend,41.59,23713,9011005020500000,1,41.95,14502
9022005001318001,Ekhaga,9022005003559001,Järdalavägen 50,weekend,41.59,23713,9011005021400000,1,41.03,9211
9022005001324001,Vårdcentralen Ekholmen,9022005001325001,Ekholmsskolan,weekend,31.12,14502,9011005020500000,1,31.12,14502
9022005001325001,Ekholmsskolan,9022005000419002,Räknestickan,weekend,48.94,14499,9011005020500000,1,48.94,14499
9022005001332001,Jakobsdal,9022005001318001,Ekhaga,weekend,88.15,14502,9011005020500000,1,88.15,14502
9022005001392001,Braskens bro,9022005001332001,Jakobsdal,weekend,135.22,22845,9011005020500000,1,136.74,14489
9022005001392001,Braskens bro,9022005001332001,Jakobsdal,weekend,135.22,22845,9011005021000000,0,132.59,8356
9022005001411001,Mellangården,9022005001236002,Rusthållaregården,weekend,58.51,14236,9011005020500000,1,58.51,14236
9022005003559001,Järdalavägen 50,9022005000054001,Ekholmens centrum,weekend,67.51,23714,9011005020500000,1,67.17,14502
9022005003559001,Järdalavägen 50,9022005000054001,Ekholmens centrum,weekend,67.51,23714,9011005021400000,1,68.04,9212
9022005003974001,Tornby Park,9022005000444001,Tornet,weekend,59.48,14764,9011005020500000,1,59.41,14273
9022005003974001,Tornby Park,9022005000444001,Tornet,weekend,59.48,14764,9011005022600000,0,61.65,491
9022005004171002,Norra Tornby,9022005000329002,Fröstorpsgatan,weekend,146.14,14743,9011005020500000,1,145.6,14263
9022005004171002,Norra Tornby,9022005000329002,Fröstorpsgatan,weekend,146.14,14743,9011005022600000,0,162.31,480
9022005000046006,Trädgårdstorget,9022005001243002,Kungsgatan,am_rush,100.13,47771,9011005020600000,0,89.89,818
9022005000046006,Trädgårdstorget,9022005001243002,Kungsgatan,am_rush,100.13,47771,9011005021000000,1,104.41,7488
9022005000046006,Trädgårdstorget,9022005001243002,Kungsgatan,am_rush,100.13,47771,9011005021100000,0,98.99,7178
9022005000046006,Trädgårdstorget,9022005001243002,Kungsgatan,am_rush,100.13,47771,9011005021300000,0,100.61,7098
9022005000046006,Trädgårdstorget,9022005001243002,Kungsgatan,am_rush,100.13,47771,9011005021400000,0,100.52,5181
9022005000046006,Trädgårdstorget,9022005001243002,Kungsgatan,am_rush,100.13,47771,9011005021500000,0,100.63,5352
9022005000046006,Trädgårdstorget,9022005001243002,Kungsgatan,am_rush,100.13,47771,9011005021600000,1,100.08,4595
9022005000046006,Trädgårdstorget,9022005001243002,Kungsgatan,am_rush,100.13,47771,9011005021700000,0,98.88,4743
9022005000046006,Trädgårdstorget,9022005001243002,Kungsgatan,am_rush,100.13,47771,9011005021800000,0,96.83,5318
9022005000221002,Tokarps skola,9022005001446002,Fårhagsvägen,am_rush,57.98,8971,9011005020600000,0,57.98,8971
9022005000222001,Kärna kors,9022005001551001,Carl Cederströms gata,am_rush,80.62,1022,9011005020600000,0,80.62,1022
9022005000222001,Kärna kors,9022005004138001,Flygvapenmuseum,am_rush,112.6,7950,9011005020600000,0,112.6,7950
9022005001243002,Kungsgatan,9022005000050029,Linköpings resecentrum,am_rush,187.98,8814,9011005020600000,0,187.98,8814
9022005001259002,Barnhemsgatan,9022005000046006,Trädgårdstorget,am_rush,173.08,818,9011005020600000,0,173.08,818
9022005001268002,Stora Torget,9022005000050029,Linköpings resecentrum,am_rush,407.4,163,9011005020600000,0,407.4,163
9022005001444002,Vinkännaren,9022005000221002,Tokarps skola,am_rush,33.96,8969,9011005020600000,0,33.96,8969
9022005001446002,Fårhagsvägen,9022005001450002,Fårbetesvägen,am_rush,64.86,8972,9011005020600000,0,64.86,8972
9022005001450002,Fårbetesvägen,9022005001452001,Kärnabrunnsgatan,am_rush,83.77,8972,9011005020600000,0,83.77,8972
9022005001452001,Kärnabrunnsgatan,9022005001453001,Kärna skola,am_rush,68.77,8971,9011005020600000,0,68.77,8971
9022005001453001,Kärna skola,9022005000222001,Kärna kors,am_rush,117.97,8972,9011005020600000,0,117.97,8972
9022005001551001,Carl Cederströms gata,9022005004138001,Flygvapenmuseum,am_rush,36.48,1022,9011005020600000,0,36.48,1022
9022005004138001,Flygvapenmuseum,9022005000215001,Gamla Linköping,am_rush,346.27,8972,9011005020600000,0,346.27,8972
9022005000046006,Trädgårdstorget,9022005001243002,Kungsgatan,day,106.09,70440,9011005020600000,0,98.67,1575
9022005000046006,Trädgårdstorget,9022005001243002,Kungsgatan,day,106.09,70440,9011005021000000,1,105.76,8162
9022005000046006,Trädgårdstorget,9022005001243002,Kungsgatan,day,106.09,70440,9011005021100000,0,105.21,10861
9022005000046006,Trädgårdstorget,9022005001243002,Kungsgatan,day,106.09,70440,9011005021300000,0,108.95,10836
9022005000046006,Trädgårdstorget,9022005001243002,Kungsgatan,day,106.09,70440,9011005021400000,0,106.91,7886
9022005000046006,Trädgårdstorget,9022005001243002,Kungsgatan,day,106.09,70440,9011005021500000,0,105.49,7634
9022005000046006,Trädgårdstorget,9022005001243002,Kungsgatan,day,106.09,70440,9011005021600000,1,108.47,7811
9022005000046006,Trädgårdstorget,9022005001243002,Kungsgatan,day,106.09,70440,9011005021700000,0,106.01,8038
9022005000046006,Trädgårdstorget,9022005001243002,Kungsgatan,day,106.09,70440,9011005021800000,0,102.58,7637
9022005000221002,Tokarps skola,9022005001446002,Fårhagsvägen,day,52.05,14375,9011005020600000,0,52.05,14375
9022005000222001,Kärna kors,9022005001551001,Carl Cederströms gata,day,74.23,1690,9011005020600000,0,74.23,1690
9022005000222001,Kärna kors,9022005004138001,Flygvapenmuseum,day,111.27,12691,9011005020600000,0,111.27,12691
9022005001243002,Kungsgatan,9022005000050029,Linköpings resecentrum,day,181.73,14142,9011005020600000,0,181.73,14142
9022005001259002,Barnhemsgatan,9022005000046006,Trädgårdstorget,day,195.74,1574,9011005020600000,0,195.74,1574
9022005001268002,Stora Torget,9022005000050029,Linköpings resecentrum,day,365.62,262,9011005020600000,0,365.62,262
9022005001444002,Vinkännaren,9022005000221002,Tokarps skola,day,38.56,14374,9011005020600000,0,38.56,14374
9022005001446002,Fårhagsvägen,9022005001450002,Fårbetesvägen,day,58.46,14377,9011005020600000,0,58.46,14377
9022005001450002,Fårbetesvägen,9022005001452001,Kärnabrunnsgatan,day,77.4,14378,9011005020600000,0,77.4,14378
9022005001452001,Kärnabrunnsgatan,9022005001453001,Kärna skola,day,62.22,14379,9011005020600000,0,62.22,14379
9022005001453001,Kärna skola,9022005000222001,Kärna kors,day,99.28,14379,9011005020600000,0,99.28,14379
9022005001551001,Carl Cederströms gata,9022005004138001,Flygvapenmuseum,day,39.06,1690,9011005020600000,0,39.06,1690
9022005004138001,Flygvapenmuseum,9022005000215001,Gamla Linköping,day,335.44,14387,9011005020600000,0,335.44,14387
9022005000046006,Trädgårdstorget,9022005001243002,Kungsgatan,night,87.84,93343,9011005020600000,0,85.11,1715
9022005000046006,Trädgårdstorget,9022005001243002,Kungsgatan,night,87.84,93343,9011005021000000,1,91.75,9127
9022005000046006,Trädgårdstorget,9022005001243002,Kungsgatan,night,87.84,93343,9011005021100000,0,87.11,13634
9022005000046006,Trädgårdstorget,9022005001243002,Kungsgatan,night,87.84,93343,9011005021300000,0,91.99,13079
9022005000046006,Trädgårdstorget,9022005001243002,Kungsgatan,night,87.84,93343,9011005021400000,0,87.56,11205
9022005000046006,Trädgårdstorget,9022005001243002,Kungsgatan,night,87.84,93343,9011005021500000,0,87.23,11090
9022005000046006,Trädgårdstorget,9022005001243002,Kungsgatan,night,87.84,93343,9011005021600000,1,88.87,10746
9022005000046006,Trädgårdstorget,9022005001243002,Kungsgatan,night,87.84,93343,9011005021700000,0,83.62,11115
9022005000046006,Trädgårdstorget,9022005001243002,Kungsgatan,night,87.84,93343,9011005021800000,0,85.33,11632
9022005000221002,Tokarps skola,9022005001446002,Fårhagsvägen,night,45.44,15524,9011005020600000,0,45.44,15524
9022005000222001,Kärna kors,9022005001551001,Carl Cederströms gata,night,70.44,1762,9011005020600000,0,70.44,1762
9022005000222001,Kärna kors,9022005004138001,Flygvapenmuseum,night,105.02,13770,9011005020600000,0,105.02,13770
9022005001243002,Kungsgatan,9022005000050029,Linköpings resecentrum,night,188.29,15276,9011005020600000,0,188.29,15276
9022005001259002,Barnhemsgatan,9022005000046006,Trädgårdstorget,night,171.81,1715,9011005020600000,0,171.81,1715
9022005001268002,Stora Torget,9022005000050029,Linköpings resecentrum,night,385.22,275,9011005020600000,0,385.22,275
9022005001444002,Vinkännaren,9022005000221002,Tokarps skola,night,28.67,15524,9011005020600000,0,28.67,15524
9022005001446002,Fårhagsvägen,9022005001450002,Fårbetesvägen,night,51.72,15526,9011005020600000,0,51.72,15526
9022005001450002,Fårbetesvägen,9022005001452001,Kärnabrunnsgatan,night,72.52,15530,9011005020600000,0,72.52,15530
9022005001452001,Kärnabrunnsgatan,9022005001453001,Kärna skola,night,53.63,15530,9011005020600000,0,53.63,15530
9022005001453001,Kärna skola,9022005000222001,Kärna kors,night,100.38,15531,9011005020600000,0,100.38,15531
9022005001551001,Carl Cederströms gata,9022005004138001,Flygvapenmuseum,night,34.98,1762,9011005020600000,0,34.98,1762
9022005004138001,Flygvapenmuseum,9022005000215001,Gamla Linköping,night,336.03,15535,9011005020600000,0,336.03,15535
9022005000046006,Trädgårdstorget,9022005001243002,Kungsgatan,pm_rush,111.77,32750,9011005020600000,0,102.67,556
9022005000046006,Trädgårdstorget,9022005001243002,Kungsgatan,pm_rush,111.77,32750,9011005021000000,1,113.85,4833
9022005000046006,Trädgårdstorget,9022005001243002,Kungsgatan,pm_rush,111.77,32750,9011005021100000,0,109.01,4769
9022005000046006,Trädgårdstorget,9022005001243002,Kungsgatan,pm_rush,111.77,32750,9011005021300000,0,114.48,4850
9022005000046006,Trädgårdstorget,9022005001243002,Kungsgatan,pm_rush,111.77,32750,9011005021400000,0,113.19,3505
9022005000046006,Trädgårdstorget,9022005001243002,Kungsgatan,pm_rush,111.77,32750,9011005021500000,0,110.69,3618
9022005000046006,Trädgårdstorget,9022005001243002,Kungsgatan,pm_rush,111.77,32750,9011005021600000,1,113.5,3444
9022005000046006,Trädgårdstorget,9022005001243002,Kungsgatan,pm_rush,111.77,32750,9011005021700000,0,111.97,3552
9022005000046006,Trädgårdstorget,9022005001243002,Kungsgatan,pm_rush,111.77,32750,9011005021800000,0,108.25,3623
9022005000221002,Tokarps skola,9022005001446002,Fårhagsvägen,pm_rush,50.5,6449,9011005020600000,0,50.5,6449
9022005000222001,Kärna kors,9022005001551001,Carl Cederströms gata,pm_rush,79.35,781,9011005020600000,0,79.35,781
9022005000222001,Kärna kors,9022005004138001,Flygvapenmuseum,pm_rush,120.1,5669,9011005020600000,0,120.1,5669
9022005001243002,Kungsgatan,9022005000050029,Linköpings resecentrum,pm_rush,191.88,6333,9011005020600000,0,191.88,6333
9022005001259002,Barnhemsgatan,9022005000046006,Trädgårdstorget,pm_rush,215.19,556,9011005020600000,0,215.19,556
9022005001268002,Stora Torget,9022005000050029,Linköpings resecentrum,pm_rush,369.92,121,9011005020600000,0,369.92,121
9022005001444002,Vinkännaren,9022005000221002,Tokarps skola,pm_rush,41.9,6449,9011005020600000,0,41.9,6449
9022005001446002,Fårhagsvägen,9022005001450002,Fårbetesvägen,pm_rush,58.18,6449,9011005020600000,0,58.18,6449
9022005001450002,Fårbetesvägen,9022005001452001,Kärnabrunnsgatan,pm_rush,79.94,6450,9011005020600000,0,79.94,6450
9022005001452001,Kärnabrunnsgatan,9022005001453001,Kärna skola,pm_rush,65.67,6450,9011005020600000,0,65.67,6450
9022005001453001,Kärna skola,9022005000222001,Kärna kors,pm_rush,94.3,6450,9011005020600000,0,94.3,6450
9022005001551001,Carl Cederströms gata,9022005004138001,Flygvapenmuseum,pm_rush,49.17,781,9011005020600000,0,49.17,781
9022005004138001,Flygvapenmuseum,9022005000215001,Gamla Linköping,pm_rush,343.83,6450,9011005020600000,0,343.83,6450
9022005000046006,Trädgårdstorget,9022005001243002,Kungsgatan,weekend,87.48,73669,9011005020600000,0,83.28,1393
9022005000046006,Trädgårdstorget,9022005001243002,Kungsgatan,weekend,87.48,73669,9011005021000000,1,88.77,8316
9022005000046006,Trädgårdstorget,9022005001243002,Kungsgatan,weekend,87.48,73669,9011005021100000,0,88.26,10014
9022005000046006,Trädgårdstorget,9022005001243002,Kungsgatan,weekend,87.48,73669,9011005021300000,0,89.85,10898
9022005000046006,Trädgårdstorget,9022005001243002,Kungsgatan,weekend,87.48,73669,9011005021400000,0,87.67,8428
9022005000046006,Trädgårdstorget,9022005001243002,Kungsgatan,weekend,87.48,73669,9011005021500000,0,87.71,8432
9022005000046006,Trädgårdstorget,9022005001243002,Kungsgatan,weekend,87.48,73669,9011005021600000,1,86.8,8943
9022005000046006,Trädgårdstorget,9022005001243002,Kungsgatan,weekend,87.48,73669,9011005021700000,0,85.16,8819
9022005000046006,Trädgårdstorget,9022005001243002,Kungsgatan,weekend,87.48,73669,9011005021800000,0,85.67,8426
9022005000221002,Tokarps skola,9022005001446002,Fårhagsvägen,weekend,47.75,12543,9011005020600000,0,47.75,12543
9022005000222001,Kärna kors,9022005001551001,Carl Cederströms gata,weekend,71.57,1425,9011005020600000,0,71.57,1425
9022005000222001,Kärna kors,9022005004138001,Flygvapenmuseum,weekend,105.94,11120,9011005020600000,0,105.94,11120
9022005001243002,Kungsgatan,9022005000050029,Linköpings resecentrum,weekend,182.38,12351,9011005020600000,0,182.38,12351
9022005001259002,Barnhemsgatan,9022005000046006,Trädgårdstorget,weekend,171.41,1393,9011005020600000,0,171.41,1393
9022005001268002,Stora Torget,9022005000050029,Linköpings resecentrum,weekend,361.59,197,9011005020600000,0,361.59,197
9022005001444002,Vinkännaren,9022005000221002,Tokarps skola,weekend,29.52,12542,9011005020600000,0,29.52,12542
9022005001446002,Fårhagsvägen,9022005001450002,Fårbetesvägen,weekend,54.07,12543,9011005020600000,0,54.07,12543
9022005001450002,Fårbetesvägen,9022005001452001,Kärnabrunnsgatan,weekend,73.13,12545,9011005020600000,0,73.13,12545
9022005001452001,Kärnabrunnsgatan,9022005001453001,Kärna skola,weekend,54.96,12545,9011005020600000,0,54.96,12545
9022005001453001,Kärna skola,9022005000222001,Kärna kors,weekend,102.68,12545,9011005020600000,0,102.68,12545
9022005001551001,Carl Cederströms gata,9022005004138001,Flygvapenmuseum,weekend,36.77,1425,9011005020600000,0,36.77,1425
9022005004138001,Flygvapenmuseum,9022005000215001,Gamla Linköping,weekend,339.06,12546,9011005020600000,0,339.06,12546
9022005000215002,Gamla Linköping,9022005004138002,Flygvapenmuseum,am_rush,350.67,7361,9011005020600000,1,350.67,7361
9022005000221001,Tokarps skola,9022005001444001,Vinkännaren,am_rush,27.13,7366,9011005020600000,1,27.13,7366
9022005000222002,Kärna kors,9022005001453002,Kärna skola,am_rush,100.3,7366,9011005020600000,1,100.3,7366
9022005001444001,Vinkännaren,9022005001443001,Fårullsvägen,am_rush,33.85,7366,9011005020600000,1,33.85,7366
9022005001446001,Fårhagsvägen,9022005000221001,Tokarps skola,am_rush,46.27,7366,9011005020600000,1,46.27,7366
9022005001450001,Fårbetesvägen,9022005001446001,Fårhagsvägen,am_rush,46.44,7366,9011005020600000,1,46.44,7366
9022005001452002,Kärnabrunnsgatan,9022005001450001,Fårbetesvägen,am_rush,48.34,7366,9011005020600000,1,48.34,7366
9022005001453002,Kärna skola,9022005001452002,Kärnabrunnsgatan,am_rush,70.29,7366,9011005020600000,1,70.29,7366
9022005001551002,Carl Cederströms gata,9022005000222002,Kärna kors,am_rush,79.07,820,9011005020600000,1,79.07,820
9022005004138002,Flygvapenmuseum,9022005000222002,Kärna kors,am_rush,111.81,6543,9011005020600000,1,111.81,6543
9022005004138002,Flygvapenmuseum,9022005001551002,Carl Cederströms gata,am_rush,53.88,818,9011005020600000,1,53.88,818
9022005000215002,Gamla Linköping,9022005004138002,Flygvapenmuseum,day,342.17,14753,9011005020600000,1,342.17,14753
9022005000221001,Tokarps skola,9022005001444001,Vinkännaren,day,29.31,14769,9011005020600000,1,29.31,14769
9022005000222002,Kärna kors,9022005001453002,Kärna skola,day,96.51,14768,9011005020600000,1,96.51,14768
9022005001444001,Vinkännaren,9022005001443001,Fårullsvägen,day,36.1,14768,9011005020600000,1,36.1,14768
9022005001446001,Fårhagsvägen,9022005000221001,Tokarps skola,day,42.95,14769,9011005020600000,1,42.95,14769
9022005001450001,Fårbetesvägen,9022005001446001,Fårhagsvägen,day,54.05,14769,9011005020600000,1,54.05,14769
9022005001452002,Kärnabrunnsgatan,9022005001450001,Fårbetesvägen,day,51.79,14769,9011005020600000,1,51.79,14769
9022005001453002,Kärna skola,9022005001452002,Kärnabrunnsgatan,day,69.72,14769,9011005020600000,1,69.72,14769
9022005001551002,Carl Cederströms gata,9022005000222002,Kärna kors,day,79.82,1764,9011005020600000,1,79.82,1764
9022005004138002,Flygvapenmuseum,9022005000222002,Kärna kors,day,114.35,12993,9011005020600000,1,114.35,12993
9022005004138002,Flygvapenmuseum,9022005001551002,Carl Cederströms gata,day,43.38,1763,9011005020600000,1,43.38,1763
9022005000215002,Gamla Linköping,9022005004138002,Flygvapenmuseum,night,342.6,15187,9011005020600000,1,342.6,15187
9022005000221001,Tokarps skola,9022005001444001,Vinkännaren,night,30.11,15187,9011005020600000,1,30.11,15187
9022005000222002,Kärna kors,9022005001453002,Kärna skola,night,94.56,15189,9011005020600000,1,94.56,15189
9022005001444001,Vinkännaren,9022005001443001,Fårullsvägen,night,52.11,15187,9011005020600000,1,52.11,15187
9022005001446001,Fårhagsvägen,9022005000221001,Tokarps skola,night,39.3,15187,9011005020600000,1,39.3,15187
9022005001450001,Fårbetesvägen,9022005001446001,Fårhagsvägen,night,53.98,15188,9011005020600000,1,53.98,15188
9022005001452002,Kärnabrunnsgatan,9022005001450001,Fårbetesvägen,night,50.65,15189,9011005020600000,1,50.65,15189
9022005001453002,Kärna skola,9022005001452002,Kärnabrunnsgatan,night,67.62,15189,9011005020600000,1,67.62,15189
9022005001551002,Carl Cederströms gata,9022005000222002,Kärna kors,night,76.89,1758,9011005020600000,1,76.89,1758
9022005004138002,Flygvapenmuseum,9022005000222002,Kärna kors,night,110.73,13430,9011005020600000,1,110.73,13430
9022005004138002,Flygvapenmuseum,9022005001551002,Carl Cederströms gata,night,42.44,1758,9011005020600000,1,42.44,1758
9022005000215002,Gamla Linköping,9022005004138002,Flygvapenmuseum,pm_rush,355.4,6083,9011005020600000,1,355.4,6083
9022005000221001,Tokarps skola,9022005001444001,Vinkännaren,pm_rush,35.36,6085,9011005020600000,1,35.36,6085
9022005000222002,Kärna kors,9022005001453002,Kärna skola,pm_rush,108.02,6084,9011005020600000,1,108.02,6084
9022005001444001,Vinkännaren,9022005001443001,Fårullsvägen,pm_rush,36.17,6083,9011005020600000,1,36.17,6083
9022005001446001,Fårhagsvägen,9022005000221001,Tokarps skola,pm_rush,43.18,6085,9011005020600000,1,43.18,6085
9022005001450001,Fårbetesvägen,9022005001446001,Fårhagsvägen,pm_rush,63.49,6085,9011005020600000,1,63.49,6085
9022005001452002,Kärnabrunnsgatan,9022005001450001,Fårbetesvägen,pm_rush,61.35,6085,9011005020600000,1,61.35,6085
9022005001453002,Kärna skola,9022005001452002,Kärnabrunnsgatan,pm_rush,77.91,6084,9011005020600000,1,77.91,6084
9022005001551002,Carl Cederströms gata,9022005000222002,Kärna kors,pm_rush,87.63,708,9011005020600000,1,87.63,708
9022005004138002,Flygvapenmuseum,9022005000222002,Kärna kors,pm_rush,122.11,5376,9011005020600000,1,122.11,5376
9022005004138002,Flygvapenmuseum,9022005001551002,Carl Cederströms gata,pm_rush,57.17,708,9011005020600000,1,57.17,708
9022005000215002,Gamla Linköping,9022005004138002,Flygvapenmuseum,weekend,344.31,12566,9011005020600000,1,344.31,12566
9022005000221001,Tokarps skola,9022005001444001,Vinkännaren,weekend,28.68,12576,9011005020600000,1,28.68,12576
9022005000222002,Kärna kors,9022005001453002,Kärna skola,weekend,91.87,12576,9011005020600000,1,91.87,12576
9022005001444001,Vinkännaren,9022005001443001,Fårullsvägen,weekend,52.11,12573,9011005020600000,1,52.11,12573
9022005001446001,Fårhagsvägen,9022005000221001,Tokarps skola,weekend,37.76,12576,9011005020600000,1,37.76,12576
9022005001450001,Fårbetesvägen,9022005001446001,Fårhagsvägen,weekend,51.49,12576,9011005020600000,1,51.49,12576
9022005001452002,Kärnabrunnsgatan,9022005001450001,Fårbetesvägen,weekend,48.72,12576,9011005020600000,1,48.72,12576
9022005001453002,Kärna skola,9022005001452002,Kärnabrunnsgatan,weekend,66.03,12576,9011005020600000,1,66.03,12576
9022005001551002,Carl Cederströms gata,9022005000222002,Kärna kors,weekend,76.56,1428,9011005020600000,1,76.56,1428
9022005004138002,Flygvapenmuseum,9022005000222002,Kärna kors,weekend,108.19,11138,9011005020600000,1,108.19,11138
9022005004138002,Flygvapenmuseum,9022005001551002,Carl Cederströms gata,weekend,39.6,1428,9011005020600000,1,39.6,1428
9022005000050007,Linköpings resecentrum,9022005000046003,Trädgårdstorget,am_rush,293.44,98,9011005021000000,0,293.44,98
9022005000050007,Linköpings resecentrum,9022005001243001,Kungsgatan,am_rush,152.54,5417,9011005021000000,0,152.54,5417
9022005000155002,Gärstad,9022005002014002,Åby,am_rush,62.26,6500,9011005021000000,0,62.26,6500
9022005000320001,Sturefors centrum,9022005080005001,Norrbergavägen,am_rush,52.67,5520,9011005021000000,0,52.67,5520
9022005000423001,Anders Ljungstedts gy.,9022005000050007,Linköpings resecentrum,am_rush,310.68,6505,9011005021000000,0,310.68,6505
9022005000439001,Södra Ullstämma,9022005002946001,Harvestad,am_rush,50.8,5519,9011005021000000,0,50.8,5519
9022005000440002,Runstensgatan,9022005001458002,Stångebro,am_rush,57.65,6501,9011005021000000,0,57.65,6501
9022005000448001,Ekholmen Brokindsleden,9022005000439001,Södra Ullstämma,am_rush,150.0,5518,9011005021000000,0,150.0,5518
9022005001332001,Jakobsdal,9022005000448001,Ekholmen Brokindsleden,am_rush,117.16,5519,9011005021000000,0,117.16,5519
9022005001458002,Stångebro,9022005000423001,Anders Ljungstedts gy.,am_rush,38.44,6505,9011005021000000,0,38.44,6505
9022005002014002,Åby,9022005002015002,Sigbjörnsgatan,am_rush,102.79,6500,9011005021000000,0,102.79,6500
9022005002015002,Sigbjörnsgatan,9022005000440002,Runstensgatan,am_rush,66.53,6501,9011005021000000,0,66.53,6501
9022005002024002,Udden,9022005002025002,Östernäs,am_rush,80.57,6493,9011005021000000,0,80.57,6493
9022005002025002,Östernäs,9022005002026002,Hallonvägen,am_rush,66.35,6493,9011005021000000,0,66.35,6493
9022005002026002,Hallonvägen,9022005003595002,Bryggvägen,am_rush,92.25,6494,9011005021000000,0,92.25,6494
9022005002028002,Stensättersvägen,9022005002030002,Näsby allé,am_rush,121.36,6496,9011005021000000,0,121.36,6496
9022005002030002,Näsby allé,9022005000155002,Gärstad,am_rush,56.01,6499,9011005021000000,0,56.01,6499
9022005002946001,Harvestad,9022005002949001,Klampenborg,am_rush,161.26,5519,9011005021000000,0,161.26,5519
9022005002949001,Klampenborg,9022005000320001,Sturefors centrum,am_rush,125.52,5519,9011005021000000,0,125.52,5519
9022005002953001,Vist skola,9022005002954001,Kråkbärsvägen,am_rush,104.39,5519,9011005021000000,0,104.39,5519
9022005003595002,Bryggvägen,9022005002028002,Stensättersvägen,am_rush,96.09,6494,9011005021000000,0,96.09,6494
9022005080005001,Norrbergavägen,9022005002953001,Vist skola,am_rush,65.51,5520,9011005021000000,0,65.51,5520
9022005000050007,Linköpings resecentrum,9022005000046003,Trädgårdstorget,day,318.65,143,9011005021000000,0,318.65,143
9022005000050007,Linköpings resecentrum,9022005001243001,Kungsgatan,day,152.59,8568,9011005021000000,0,152.59,8568
9022005000155002,Gärstad,9022005002014002,Åby,day,61.59,8707,9011005021000000,0,61.59,8707
9022005000320001,Sturefors centrum,9022005080005001,Norrbergavägen,day,62.19,9277,9011005021000000,0,62.19,9277
9022005000423001,Anders Ljungstedts gy.,9022005000050007,Linköpings resecentrum,day,305.17,8712,9011005021000000,0,305.17,8712
9022005000439001,Södra Ullstämma,9022005002946001,Harvestad,day,57.37,9274,9011005021000000,0,57.37,9274
9022005000440002,Runstensgatan,9022005001458002,Stångebro,day,60.58,8708,9011005021000000,0,60.58,8708
9022005000448001,Ekholmen Brokindsleden,9022005000439001,Södra Ullstämma,day,155.54,9272,9011005021000000,0,155.54,9272
9022005001332001,Jakobsdal,9022005000448001,Ekholmen Brokindsleden,day,131.3,9270,9011005021000000,0,131.3,9270
9022005001458002,Stångebro,9022005000423001,Anders Ljungstedts gy.,day,49.94,8709,9011005021000000,0,49.94,8709
9022005002014002,Åby,9022005002015002,Sigbjörnsgatan,day,118.49,8707,9011005021000000,0,118.49,8707
9022005002015002,Sigbjörnsgatan,9022005000440002,Runstensgatan,day,61.72,8707,9011005021000000,0,61.72,8707
9022005002024002,Udden,9022005002025002,Östernäs,day,71.1,8698,9011005021000000,0,71.1,8698
9022005002025002,Östernäs,9022005002026002,Hallonvägen,day,54.67,8699,9011005021000000,0,54.67,8699
9022005002026002,Hallonvägen,9022005003595002,Bryggvägen,day,84.04,8703,9011005021000000,0,84.04,8703
9022005002028002,Stensättersvägen,9022005002030002,Näsby allé,day,117.6,8704,9011005021000000,0,117.6,8704
9022005002030002,Näsby allé,9022005000155002,Gärstad,day,53.45,8706,9011005021000000,0,53.45,8706
9022005002946001,Harvestad,9022005002949001,Klampenborg,day,169.04,9277,9011005021000000,0,169.04,9277
9022005002949001,Klampenborg,9022005000320001,Sturefors centrum,day,128.23,9277,9011005021000000,0,128.23,9277
9022005002953001,Vist skola,9022005002954001,Kråkbärsvägen,day,94.23,9277,9011005021000000,0,94.23,9277
9022005003595002,Bryggvägen,9022005002028002,Stensättersvägen,day,86.23,8704,9011005021000000,0,86.23,8704
9022005080005001,Norrbergavägen,9022005002953001,Vist skola,day,66.67,9277,9011005021000000,0,66.67,9277
9022005000050007,Linköpings resecentrum,9022005000046003,Trädgårdstorget,night,267.78,165,9011005021000000,0,267.78,165
9022005000050007,Linköpings resecentrum,9022005001243001,Kungsgatan,night,134.77,8963,9011005021000000,0,134.77,8963
9022005000155002,Gärstad,9022005002014002,Åby,night,62.78,9098,9011005021000000,0,62.78,9098
9022005000320001,Sturefors centrum,9022005080005001,Norrbergavägen,night,59.99,9259,9011005021000000,0,59.99,9259
9022005000423001,Anders Ljungstedts gy.,9022005000050007,Linköpings resecentrum,night,275.36,9123,9011005021000000,0,275.36,9123
9022005000439001,Södra Ullstämma,9022005002946001,Harvestad,night,53.15,9255,9011005021000000,0,53.15,9255
9022005000440002,Runstensgatan,9022005001458002,Stångebro,night,54.55,9105,9011005021000000,0,54.55,9105
9022005000448001,Ekholmen Brokindsleden,9022005000439001,Södra Ullstämma,night,151.72,9253,9011005021000000,0,151.72,9253
9022005001332001,Jakobsdal,9022005000448001,Ekholmen Brokindsleden,night,115.41,9253,9011005021000000,0,115.41,9253
9022005001458002,Stångebro,9022005000423001,Anders Ljungstedts gy.,night,31.39,9112,9011005021000000,0,31.39,9112
9022005002014002,Åby,9022005002015002,Sigbjörnsgatan,night,106.67,9099,9011005021000000,0,106.67,9099
9022005002015002,Sigbjörnsgatan,9022005000440002,Runstensgatan,night,54.3,9100,9011005021000000,0,54.3,9100
9022005002024002,Udden,9022005002025002,Östernäs,night,72.4,9090,9011005021000000,0,72.4,9090
9022005002025002,Östernäs,9022005002026002,Hallonvägen,night,49.73,9090,9011005021000000,0,49.73,9090
9022005002026002,Hallonvägen,9022005003595002,Bryggvägen,night,75.92,9092,9011005021000000,0,75.92,9092
9022005002028002,Stensättersvägen,9022005002030002,Näsby allé,night,118.27,9096,9011005021000000,0,118.27,9096
9022005002030002,Näsby allé,9022005000155002,Gärstad,night,54.63,9098,9011005021000000,0,54.63,9098
9022005002946001,Harvestad,9022005002949001,Klampenborg,night,171.5,9257,9011005021000000,0,171.5,9257
9022005002949001,Klampenborg,9022005000320001,Sturefors centrum,night,129.46,9259,9011005021000000,0,129.46,9259
9022005002953001,Vist skola,9022005002954001,Kråkbärsvägen,night,96.53,9260,9011005021000000,0,96.53,9260
9022005003595002,Bryggvägen,9022005002028002,Stensättersvägen,night,82.25,9093,9011005021000000,0,82.25,9093
9022005080005001,Norrbergavägen,9022005002953001,Vist skola,night,64.85,9259,9011005021000000,0,64.85,9259
9022005000050007,Linköpings resecentrum,9022005000046003,Trädgårdstorget,pm_rush,317.94,88,9011005021000000,0,317.94,88
9022005000050007,Linköpings resecentrum,9022005001243001,Kungsgatan,pm_rush,171.97,4861,9011005021000000,0,171.97,4861
9022005000155002,Gärstad,9022005002014002,Åby,pm_rush,64.55,4952,9011005021000000,0,64.55,4952
9022005000320001,Sturefors centrum,9022005080005001,Norrbergavägen,pm_rush,67.49,4955,9011005021000000,0,67.49,4955
9022005000423001,Anders Ljungstedts gy.,9022005000050007,Linköpings resecentrum,pm_rush,359.11,4950,9011005021000000,0,359.11,4950
9022005000439001,Södra Ullstämma,9022005002946001,Harvestad,pm_rush,64.24,4955,9011005021000000,0,64.24,4955
9022005000440002,Runstensgatan,9022005001458002,Stångebro,pm_rush,62.33,4952,9011005021000000,0,62.33,4952
9022005000448001,Ekholmen Brokindsleden,9022005000439001,Södra Ullstämma,pm_rush,172.57,4953,9011005021000000,0,172.57,4953
9022005001332001,Jakobsdal,9022005000448001,Ekholmen Brokindsleden,pm_rush,148.37,4954,9011005021000000,0,148.37,4954
9022005001458002,Stångebro,9022005000423001,Anders Ljungstedts gy.,pm_rush,48.57,4952,9011005021000000,0,48.57,4952
9022005002014002,Åby,9022005002015002,Sigbjörnsgatan,pm_rush,110.88,4952,9011005021000000,0,110.88,4952
9022005002015002,Sigbjörnsgatan,9022005000440002,Runstensgatan,pm_rush,71.95,4952,9011005021000000,0,71.95,4952
9022005002024002,Udden,9022005002025002,Östernäs,pm_rush,68.4,4949,9011005021000000,0,68.4,4949
9022005002025002,Östernäs,9022005002026002,Hallonvägen,pm_rush,52.35,4950,9011005021000000,0,52.35,4950
9022005002026002,Hallonvägen,9022005003595002,Bryggvägen,pm_rush,79.95,4952,9011005021000000,0,79.95,4952
9022005002028002,Stensättersvägen,9022005002030002,Näsby allé,pm_rush,117.75,4951,9011005021000000,0,117.75,4951
9022005002030002,Näsby allé,9022005000155002,Gärstad,pm_rush,53.19,4951,9011005021000000,0,53.19,4951
9022005002946001,Harvestad,9022005002949001,Klampenborg,pm_rush,180.59,4956,9011005021000000,0,180.59,4956
9022005002949001,Klampenborg,9022005000320001,Sturefors centrum,pm_rush,130.49,4955,9011005021000000,0,130.49,4955
9022005002953001,Vist skola,9022005002954001,Kråkbärsvägen,pm_rush,90.36,4955,9011005021000000,0,90.36,4955
9022005003595002,Bryggvägen,9022005002028002,Stensättersvägen,pm_rush,87.11,4950,9011005021000000,0,87.11,4950
9022005080005001,Norrbergavägen,9022005002953001,Vist skola,pm_rush,71.03,4955,9011005021000000,0,71.03,4955
9022005000050007,Linköpings resecentrum,9022005000046003,Trädgårdstorget,weekend,266.52,126,9011005021000000,0,266.52,126
9022005000050007,Linköpings resecentrum,9022005001243001,Kungsgatan,weekend,131.66,8157,9011005021000000,0,131.66,8157
9022005000155002,Gärstad,9022005002014002,Åby,weekend,60.91,8212,9011005021000000,0,60.91,8212
9022005000320001,Sturefors centrum,9022005080005001,Norrbergavägen,weekend,57.34,8357,9011005021000000,0,57.34,8357
9022005000423001,Anders Ljungstedts gy.,9022005000050007,Linköpings resecentrum,weekend,275.17,8262,9011005021000000,0,275.17,8262
9022005000439001,Södra Ullstämma,9022005002946001,Harvestad,weekend,51.1,8356,9011005021000000,0,51.1,8356
9022005000440002,Runstensgatan,9022005001458002,Stångebro,weekend,50.86,8227,9011005021000000,0,50.86,8227
9022005000448001,Ekholmen Brokindsleden,9022005000439001,Södra Ullstämma,weekend,149.14,8356,9011005021000000,0,149.14,8356
9022005001332001,Jakobsdal,9022005000448001,Ekholmen Brokindsleden,weekend,117.02,8356,9011005021000000,0,117.02,8356
9022005001458002,Stångebro,9022005000423001,Anders Ljungstedts gy.,weekend,29.41,8241,9011005021000000,0,29.41,8241
9022005002014002,Åby,9022005002015002,Sigbjörnsgatan,weekend,106.18,8214,9011005021000000,0,106.18,8214
9022005002015002,Sigbjörnsgatan,9022005000440002,Runstensgatan,weekend,50.45,8216,9011005021000000,0,50.45,8216
9022005002024002,Udden,9022005002025002,Östernäs,weekend,71.04,8210,9011005021000000,0,71.04,8210
9022005002025002,Östernäs,9022005002026002,Hallonvägen,weekend,50.46,8210,9011005021000000,0,50.46,8210
9022005002026002,Hallonvägen,9022005003595002,Bryggvägen,weekend,74.12,8210,9011005021000000,0,74.12,8210
9022005002028002,Stensättersvägen,9022005002030002,Näsby allé,weekend,115.7,8210,9011005021000000,0,115.7,8210
9022005002030002,Näsby allé,9022005000155002,Gärstad,weekend,53.27,8211,9011005021000000,0,53.27,8211
9022005002946001,Harvestad,9022005002949001,Klampenborg,weekend,163.78,8357,9011005021000000,0,163.78,8357
9022005002949001,Klampenborg,9022005000320001,Sturefors centrum,weekend,118.9,8357,9011005021000000,0,118.9,8357
9022005002953001,Vist skola,9022005002954001,Kråkbärsvägen,weekend,90.14,8357,9011005021000000,0,90.14,8357
9022005003595002,Bryggvägen,9022005002028002,Stensättersvägen,weekend,81.57,8210,9011005021000000,0,81.57,8210
9022005080005001,Norrbergavägen,9022005002953001,Vist skola,weekend,63.08,8357,9011005021000000,0,63.08,8357
9022005000042002,Tinnerbäcksbadet,9022005000046006,Trädgårdstorget,am_rush,95.38,40510,9011005021000000,1,97.72,7629
9022005000042002,Tinnerbäcksbadet,9022005000046006,Trädgårdstorget,am_rush,95.38,40510,9011005021300000,0,95.76,7227
9022005000042002,Tinnerbäcksbadet,9022005000046006,Trädgårdstorget,am_rush,95.38,40510,9011005021400000,0,97.68,5279
9022005000042002,Tinnerbäcksbadet,9022005000046006,Trädgårdstorget,am_rush,95.38,40510,9011005021500000,0,95.79,5449
9022005000042002,Tinnerbäcksbadet,9022005000046006,Trädgårdstorget,am_rush,95.38,40510,9011005021600000,1,93.76,4681
9022005000042002,Tinnerbäcksbadet,9022005000046006,Trädgårdstorget,am_rush,95.38,40510,9011005021700000,0,94.6,4829
9022005000042002,Tinnerbäcksbadet,9022005000046006,Trädgårdstorget,am_rush,95.38,40510,9011005021800000,0,91.03,5416
9022005000046006,Trädgårdstorget,9022005000050028,Linköpings resecentrum,am_rush,445.08,142,9011005021000000,1,445.08,142
9022005000050028,Linköpings resecentrum,9022005001458001,Stångebro,am_rush,275.78,5565,9011005021000000,1,275.78,5565
9022005000155001,Gärstad,9022005002030001,Näsby allé,am_rush,51.25,5572,9011005021000000,1,51.25,5572
9022005000320002,Sturefors centrum,9022005002949002,Klampenborg,am_rush,130.43,7611,9011005021000000,1,130.43,7611
9022005000439002,Södra Ullstämma,9022005000448002,Ekholmen Brokindsleden,am_rush,150.88,7616,9011005021000000,1,150.88,7616
9022005000440001,Runstensgatan,9022005002015001,Sigbjörnsgatan,am_rush,83.86,5570,9011005021000000,1,83.86,5570
9022005000448002,Ekholmen Brokindsleden,9022005001332002,Jakobsdal,am_rush,113.76,7618,9011005021000000,1,113.76,7618
9022005001243002,Kungsgatan,9022005000050028,Linköpings resecentrum,am_rush,269.28,7489,9011005021000000,1,269.28,7489
9022005001458001,Stångebro,9022005000440001,Runstensgatan,am_rush,50.73,5568,9011005021000000,1,50.73,5568
9022005002014001,Åby,9022005000155001,Gärstad,am_rush,67.2,5570,9011005021000000,1,67.2,5570
9022005002015001,Sigbjörnsgatan,9022005002014001,Åby,am_rush,104.19,5570,9011005021000000,1,104.19,5570
9022005002024001,Udden,9022005000153001,Roxtuna,am_rush,116.49,5574,9011005021000000,1,116.49,5574
9022005002025001,Östernäs,9022005002024001,Udden,am_rush,51.77,5574,9011005021000000,1,51.77,5574
9022005002026001,Hallonvägen,9022005002025001,Östernäs,am_rush,49.09,5574,9011005021000000,1,49.09,5574
9022005002028001,Stensättersvägen,9022005003595001,Bryggvägen,am_rush,88.69,5574,9011005021000000,1,88.69,5574
9022005002030001,Näsby allé,9022005002028001,Stensättersvägen,am_rush,124.2,5573,9011005021000000,1,124.2,5573
9022005002946002,Harvestad,9022005000439002,Södra Ullstämma,am_rush,72.66,7612,9011005021000000,1,72.66,7612
9022005002949002,Klampenborg,9022005002946002,Harvestad,am_rush,173.4,7611,9011005021000000,1,173.4,7611
9022005002953002,Vist skola,9022005080005002,Norrbergavägen,am_rush,84.85,7608,9011005021000000,1,84.85,7608
9022005003595001,Bryggvägen,9022005002026001,Hallonvägen,am_rush,58.74,5574,9011005021000000,1,58.74,5574
9022005080005002,Norrbergavägen,9022005000320002,Sturefors centrum,am_rush,89.67,7611,9011005021000000,1,89.67,7611
9022005000042002,Tinnerbäcksbadet,9022005000046006,Trädgårdstorget,day,102.8,59034,9011005021000000,1,101.31,8302
9022005000042002,Tinnerbäcksbadet,9022005000046006,Trädgårdstorget,day,102.8,59034,9011005021300000,0,105.34,11038
9022005000042002,Tinnerbäcksbadet,9022005000046006,Trädgårdstorget,day,102.8,59034,9011005021400000,0,108.6,8026
9022005000042002,Tinnerbäcksbadet,9022005000046006,Trädgårdstorget,day,102.8,59034,9011005021500000,0,100.08,7767
9022005000042002,Tinnerbäcksbadet,9022005000046006,Trädgårdstorget,day,102.8,59034,9011005021600000,1,102.14,7950
9022005000042002,Tinnerbäcksbadet,9022005000046006,Trädgårdstorget,day,102.8,59034,9011005021700000,0,100.89,8181
9022005000042002,Tinnerbäcksbadet,9022005000046006,Trädgårdstorget,day,102.8,59034,9011005021800000,0,100.18,7770
9022005000046006,Trädgårdstorget,9022005000050028,Linköpings resecentrum,day,388.64,142,9011005021000000,1,388.64,142
9022005000050028,Linköpings resecentrum,9022005001458001,Stångebro,day,279.55,8307,9011005021000000,1,279.55,8307
9022005000155001,Gärstad,9022005002030001,Näsby allé,day,53.28,8858,9011005021000000,1,53.28,8858
9022005000320002,Sturefors centrum,9022005002949002,Klampenborg,day,120.93,8291,9011005021000000,1,120.93,8291
9022005000439002,Södra Ullstämma,9022005000448002,Ekholmen Brokindsleden,day,140.37,8295,9011005021000000,1,140.37,8295
9022005000440001,Runstensgatan,9022005002015001,Sigbjörnsgatan,day,103.24,8853,9011005021000000,1,103.24,8853
9022005000448002,Ekholmen Brokindsleden,9022005001332002,Jakobsdal,day,106.82,8297,9011005021000000,1,106.82,8297
9022005001243002,Kungsgatan,9022005000050028,Linköpings resecentrum,day,260.15,8162,9011005021000000,1,260.15,8162
9022005001458001,Stångebro,9022005000440001,Runstensgatan,day,43.77,8848,9011005021000000,1,43.77,8848
9022005002014001,Åby,9022005000155001,Gärstad,day,65.64,8854,9011005021000000,1,65.64,8854
9022005002015001,Sigbjörnsgatan,9022005002014001,Åby,day,104.18,8853,9011005021000000,1,104.18,8853
9022005002024001,Udden,9022005000153001,Roxtuna,day,107.76,8866,9011005021000000,1,107.76,8866
9022005002025001,Östernäs,9022005002024001,Udden,day,56.05,8865,9011005021000000,1,56.05,8865
9022005002026001,Hallonvägen,9022005002025001,Östernäs,day,60.52,8865,9011005021000000,1,60.52,8865
9022005002028001,Stensättersvägen,9022005003595001,Bryggvägen,day,93.47,8865,9011005021000000,1,93.47,8865
9022005002030001,Näsby allé,9022005002028001,Stensättersvägen,day,130.26,8862,9011005021000000,1,130.26,8862
9022005002946002,Harvestad,9022005000439002,Södra Ullstämma,day,66.19,8292,9011005021000000,1,66.19,8292
9022005002949002,Klampenborg,9022005002946002,Harvestad,day,162.45,8291,9011005021000000,1,162.45,8291
9022005002953002,Vist skola,9022005080005002,Norrbergavägen,day,76.95,8288,9011005021000000,1,76.95,8288
9022005003595001,Bryggvägen,9022005002026001,Hallonvägen,day,67.41,8865,9011005021000000,1,67.41,8865
9022005080005002,Norrbergavägen,9022005000320002,Sturefors centrum,day,78.81,8288,9011005021000000,1,78.81,8288
9022005000042002,Tinnerbäcksbadet,9022005000046006,Trädgårdstorget,night,84.85,79413,9011005021000000,1,87.98,9290
9022005000042002,Tinnerbäcksbadet,9022005000046006,Trädgårdstorget,night,84.85,79413,9011005021300000,0,91.31,13317
9022005000042002,Tinnerbäcksbadet,9022005000046006,Trädgårdstorget,night,84.85,79413,9011005021400000,0,87.23,11414
9022005000042002,Tinnerbäcksbadet,9022005000046006,Trädgårdstorget,night,84.85,79413,9011005021500000,0,81.72,11299
9022005000042002,Tinnerbäcksbadet,9022005000046006,Trädgårdstorget,night,84.85,79413,9011005021600000,1,85.75,10941
9022005000042002,Tinnerbäcksbadet,9022005000046006,Trädgårdstorget,night,84.85,79413,9011005021700000,0,79.67,11311
9022005000042002,Tinnerbäcksbadet,9022005000046006,Trädgårdstorget,night,84.85,79413,9011005021800000,0,79.92,11841
9022005000046006,Trädgårdstorget,9022005000050028,Linköpings resecentrum,night,342.67,166,9011005021000000,1,342.67,166
9022005000050028,Linköpings resecentrum,9022005001458001,Stångebro,night,248.36,9332,9011005021000000,1,248.36,9332
9022005000155001,Gärstad,9022005002030001,Näsby allé,night,51.28,9462,9011005021000000,1,51.28,9462
9022005000320002,Sturefors centrum,9022005002949002,Klampenborg,night,113.04,9270,9011005021000000,1,113.04,9270
9022005000439002,Södra Ullstämma,9022005000448002,Ekholmen Brokindsleden,night,130.12,9277,9011005021000000,1,130.12,9277
9022005000440001,Runstensgatan,9022005002015001,Sigbjörnsgatan,night,79.69,9455,9011005021000000,1,79.69,9455
9022005000448002,Ekholmen Brokindsleden,9022005001332002,Jakobsdal,night,95.2,9276,9011005021000000,1,95.2,9276
9022005001243002,Kungsgatan,9022005000050028,Linköpings resecentrum,night,285.07,9139,9011005021000000,1,285.07,9139
9022005001458001,Stångebro,9022005000440001,Runstensgatan,night,38.66,9452,9011005021000000,1,38.66,9452
9022005002014001,Åby,9022005000155001,Gärstad,night,65.64,9457,9011005021000000,1,65.64,9457
9022005002015001,Sigbjörnsgatan,9022005002014001,Åby,night,101.91,9455,9011005021000000,1,101.91,9455
9022005002024001,Udden,9022005000153001,Roxtuna,night,108.67,9471,9011005021000000,1,108.67,9471
9022005002025001,Östernäs,9022005002024001,Udden,night,56.97,9471,9011005021000000,1,56.97,9471
9022005002026001,Hallonvägen,9022005002025001,Östernäs,night,57.8,9471,9011005021000000,1,57.8,9471
9022005002028001,Stensättersvägen,9022005003595001,Bryggvägen,night,90.38,9470,9011005021000000,1,90.38,9470
9022005002030001,Näsby allé,9022005002028001,Stensättersvägen,night,126.21,9467,9011005021000000,1,126.21,9467
9022005002946002,Harvestad,9022005000439002,Södra Ullstämma,night,54.7,9275,9011005021000000,1,54.7,9275
9022005002949002,Klampenborg,9022005002946002,Harvestad,night,156.62,9271,9011005021000000,1,156.62,9271
9022005002953002,Vist skola,9022005080005002,Norrbergavägen,night,69.56,9270,9011005021000000,1,69.56,9270
9022005003595001,Bryggvägen,9022005002026001,Hallonvägen,night,65.37,9470,9011005021000000,1,65.37,9470
9022005080005002,Norrbergavägen,9022005000320002,Sturefors centrum,night,74.81,9270,9011005021000000,1,74.81,9270
9022005000042002,Tinnerbäcksbadet,9022005000046006,Trädgårdstorget,pm_rush,111.44,27928,9011005021000000,1,112.59,4921
9022005000042002,Tinnerbäcksbadet,9022005000046006,Trädgårdstorget,pm_rush,111.44,27928,9011005021300000,0,115.09,4938
9022005000042002,Tinnerbäcksbadet,9022005000046006,Trädgårdstorget,pm_rush,111.44,27928,9011005021400000,0,116.67,3571
9022005000042002,Tinnerbäcksbadet,9022005000046006,Trädgårdstorget,pm_rush,111.44,27928,9011005021500000,0,106.76,3684
9022005000042002,Tinnerbäcksbadet,9022005000046006,Trädgårdstorget,pm_rush,111.44,27928,9011005021600000,1,110.5,3508
9022005000042002,Tinnerbäcksbadet,9022005000046006,Trädgårdstorget,pm_rush,111.44,27928,9011005021700000,0,109.12,3617
9022005000042002,Tinnerbäcksbadet,9022005000046006,Trädgårdstorget,pm_rush,111.44,27928,9011005021800000,0,107.8,3689
9022005000046006,Trädgårdstorget,9022005000050028,Linköpings resecentrum,pm_rush,389.17,88,9011005021000000,1,389.17,88
9022005000050028,Linköpings resecentrum,9022005001458001,Stångebro,pm_rush,301.08,4919,9011005021000000,1,301.08,4919
9022005000155001,Gärstad,9022005002030001,Näsby allé,pm_rush,53.53,4925,9011005021000000,1,53.53,4925
9022005000320002,Sturefors centrum,9022005002949002,Klampenborg,pm_rush,116.34,4919,9011005021000000,1,116.34,4919
9022005000439002,Södra Ullstämma,9022005000448002,Ekholmen Brokindsleden,pm_rush,143.62,4919,9011005021000000,1,143.62,4919
9022005000440001,Runstensgatan,9022005002015001,Sigbjörnsgatan,pm_rush,92.8,4924,9011005021000000,1,92.8,4924
9022005000448002,Ekholmen Brokindsleden,9022005001332002,Jakobsdal,pm_rush,111.98,4919,9011005021000000,1,111.98,4919
9022005001243002,Kungsgatan,9022005000050028,Linköpings resecentrum,pm_rush,286.61,4832,9011005021000000,1,286.61,4832
9022005001458001,Stångebro,9022005000440001,Runstensgatan,pm_rush,44.33,4920,9011005021000000,1,44.33,4920
9022005002014001,Åby,9022005000155001,Gärstad,pm_rush,64.5,4925,9011005021000000,1,64.5,4925
9022005002015001,Sigbjörnsgatan,9022005002014001,Åby,pm_rush,98.15,4925,9011005021000000,1,98.15,4925
9022005002024001,Udden,9022005000153001,Roxtuna,pm_rush,104.66,4928,9011005021000000,1,104.66,4928
9022005002025001,Östernäs,9022005002024001,Udden,pm_rush,54.88,4928,9011005021000000,1,54.88,4928
9022005002026001,Hallonvägen,9022005002025001,Östernäs,pm_rush,63.43,4928,9011005021000000,1,63.43,4928
9022005002028001,Stensättersvägen,9022005003595001,Bryggvägen,pm_rush,98.48,4928,9011005021000000,1,98.48,4928
9022005002030001,Näsby allé,9022005002028001,Stensättersvägen,pm_rush,136.41,4926,9011005021000000,1,136.41,4926
9022005002946002,Harvestad,9022005000439002,Södra Ullstämma,pm_rush,64.81,4919,9011005021000000,1,64.81,4919
9022005002949002,Klampenborg,9022005002946002,Harvestad,pm_rush,159.59,4919,9011005021000000,1,159.59,4919
9022005002953002,Vist skola,9022005080005002,Norrbergavägen,pm_rush,72.57,4917,9011005021000000,1,72.57,4917
9022005003595001,Bryggvägen,9022005002026001,Hallonvägen,pm_rush,71.62,4928,9011005021000000,1,71.62,4928
9022005080005002,Norrbergavägen,9022005000320002,Sturefors centrum,pm_rush,71.91,4917,9011005021000000,1,71.91,4917
9022005000042002,Tinnerbäcksbadet,9022005000046006,Trädgårdstorget,weekend,86.78,63206,9011005021000000,1,87.35,8428
9022005000042002,Tinnerbäcksbadet,9022005000046006,Trädgårdstorget,weekend,86.78,63206,9011005021300000,0,90.64,11066
9022005000042002,Tinnerbäcksbadet,9022005000046006,Trädgårdstorget,weekend,86.78,63206,9011005021400000,0,90.61,8551
9022005000042002,Tinnerbäcksbadet,9022005000046006,Trädgårdstorget,weekend,86.78,63206,9011005021500000,0,84.57,8568
9022005000042002,Tinnerbäcksbadet,9022005000046006,Trädgårdstorget,weekend,86.78,63206,9011005021600000,1,86.52,9077
9022005000042002,Tinnerbäcksbadet,9022005000046006,Trädgårdstorget,weekend,86.78,63206,9011005021700000,0,84.63,8958
9022005000042002,Tinnerbäcksbadet,9022005000046006,Trädgårdstorget,weekend,86.78,63206,9011005021800000,0,82.11,8558
9022005000046006,Trädgårdstorget,9022005000050028,Linköpings resecentrum,weekend,310.4,131,9011005021000000,1,310.4,131
9022005000050028,Linköpings resecentrum,9022005001458001,Stångebro,weekend,243.8,8553,9011005021000000,1,243.8,8553
9022005000155001,Gärstad,9022005002030001,Näsby allé,weekend,50.85,8592,9011005021000000,1,50.85,8592
9022005000320002,Sturefors centrum,9022005002949002,Klampenborg,weekend,116.86,8411,9011005021000000,1,116.86,8411
9022005000439002,Södra Ullstämma,9022005000448002,Ekholmen Brokindsleden,weekend,133.05,8412,9011005021000000,1,133.05,8412
9022005000440001,Runstensgatan,9022005002015001,Sigbjörnsgatan,weekend,69.9,8587,9011005021000000,1,69.9,8587
9022005000448002,Ekholmen Brokindsleden,9022005001332002,Jakobsdal,weekend,99.45,8413,9011005021000000,1,99.45,8413
9022005001243002,Kungsgatan,9022005000050028,Linköpings resecentrum,weekend,211.29,8369,9011005021000000,1,211.29,8369
9022005001458001,Stångebro,9022005000440001,Runstensgatan,weekend,37.79,8587,9011005021000000,1,37.79,8587
9022005002014001,Åby,9022005000155001,Gärstad,weekend,64.39,8586,9011005021000000,1,64.39,8586
9022005002015001,Sigbjörnsgatan,9022005002014001,Åby,weekend,101.93,8587,9011005021000000,1,101.93,8587
9022005002024001,Udden,9022005000153001,Roxtuna,weekend,107.25,8603,9011005021000000,1,107.25,8603
9022005002025001,Östernäs,9022005002024001,Udden,weekend,56.87,8603,9011005021000000,1,56.87,8603
9022005002026001,Hallonvägen,9022005002025001,Östernäs,weekend,55.19,8603,9011005021000000,1,55.19,8603
9022005002028001,Stensättersvägen,9022005003595001,Bryggvägen,weekend,86.08,8600,9011005021000000,1,86.08,8600
9022005002030001,Näsby allé,9022005002028001,Stensättersvägen,weekend,123.6,8598,9011005021000000,1,123.6,8598
9022005002946002,Harvestad,9022005000439002,Södra Ullstämma,weekend,57.71,8412,9011005021000000,1,57.71,8412
9022005002949002,Klampenborg,9022005002946002,Harvestad,weekend,158.67,8411,9011005021000000,1,158.67,8411
9022005002953002,Vist skola,9022005080005002,Norrbergavägen,weekend,71.89,8408,9011005021000000,1,71.89,8408
9022005003595001,Bryggvägen,9022005002026001,Hallonvägen,weekend,61.01,8603,9011005021000000,1,61.01,8603
9022005080005002,Norrbergavägen,9022005000320002,Sturefors centrum,weekend,77.59,8410,9011005021000000,1,77.59,8410
9022005000046006,Trädgårdstorget,9022005000050008,Linköpings resecentrum,am_rush,330.46,129,9011005021100000,0,330.46,129
9022005000216001,Johannelunds centrum,9022005001262002,Ödegårdsgatan 24,am_rush,57.61,14521,9011005021100000,0,54.35,7297
9022005000216001,Johannelunds centrum,9022005001262002,Ödegårdsgatan 24,am_rush,57.61,14521,9011005021300000,0,60.9,7224
9022005000230002,Sandgårdsgatan,9022005001321002,Tegelbruksgatan,am_rush,67.13,7299,9011005021100000,0,67.13,7299
9022005001243002,Kungsgatan,9022005000050008,Linköpings resecentrum,am_rush,149.7,7177,9011005021100000,0,149.7,7177
9022005001261002,Ödegårdsgatan 11,9022005001323001,Stationsgatan,am_rush,120.98,7297,9011005021100000,0,120.98,7297
9022005001262002,Ödegårdsgatan 24,9022005001261002,Ödegårdsgatan 11,am_rush,46.34,14521,9011005021100000,0,43.87,7297
9022005001262002,Ödegårdsgatan 24,9022005001261002,Ödegårdsgatan 11,am_rush,46.34,14521,9011005021300000,0,48.83,7224
9022005001319002,Drottningtorget,9022005000046006,Trädgårdstorget,am_rush,147.15,7307,9011005021100000,0,147.15,7307
9022005001320002,Loftgatan,9022005001319002,Drottningtorget,am_rush,67.79,7306,9011005021100000,0,67.79,7306
9022005001321002,Tegelbruksgatan,9022005001320002,Loftgatan,am_rush,65.48,7303,9011005021100000,0,65.48,7303
9022005001323001,Stationsgatan,9022005000230002,Sandgårdsgatan,am_rush,78.5,7298,9011005021100000,0,78.5,7298
9022005003854002,Tenndosan,9022005000216001,Johannelunds centrum,am_rush,78.52,7297,9011005021100000,0,78.52,7297
9022005000046006,Trädgårdstorget,9022005000050008,Linköpings resecentrum,day,311.5,208,9011005021100000,0,311.5,208
9022005000216001,Johannelunds centrum,9022005001262002,Ödegårdsgatan 24,day,53.02,22077,9011005021100000,0,51.99,11043
9022005000216001,Johannelunds centrum,9022005001262002,Ödegårdsgatan 24,day,53.02,22077,9011005021300000,0,54.06,11034
9022005000230002,Sandgårdsgatan,9022005001321002,Tegelbruksgatan,day,72.13,11052,9011005021100000,0,72.13,11052
9022005001243002,Kungsgatan,9022005000050008,Linköpings resecentrum,day,151.12,10861,9011005021100000,0,151.12,10861
9022005001261002,Ödegårdsgatan 11,9022005001323001,Stationsgatan,day,109.15,11047,9011005021100000,0,109.15,11047
9022005001262002,Ödegårdsgatan 24,9022005001261002,Ödegårdsgatan 11,day,41.19,22081,9011005021100000,0,40.2,11046
9022005001262002,Ödegårdsgatan 24,9022005001261002,Ödegårdsgatan 11,day,41.19,22081,9011005021300000,0,42.19,11035
9022005001319002,Drottningtorget,9022005000046006,Trädgårdstorget,day,154.37,11069,9011005021100000,0,154.37,11069
9022005001320002,Loftgatan,9022005001319002,Drottningtorget,day,64.39,11069,9011005021100000,0,64.39,11069
9022005001321002,Tegelbruksgatan,9022005001320002,Loftgatan,day,66.74,11062,9011005021100000,0,66.74,11062
9022005001323001,Stationsgatan,9022005000230002,Sandgårdsgatan,day,72.03,11048,9011005021100000,0,72.03,11048
9022005003854002,Tenndosan,9022005000216001,Johannelunds centrum,day,83.02,11042,9011005021100000,0,83.02,11042
9022005000046006,Trädgårdstorget,9022005000050008,Linköpings resecentrum,night,297.88,253,9011005021100000,0,297.88,253
9022005000216001,Johannelunds centrum,9022005001262002,Ödegårdsgatan 24,night,47.1,27181,9011005021100000,0,46.92,13869
9022005000216001,Johannelunds centrum,9022005001262002,Ödegårdsgatan 24,night,47.1,27181,9011005021300000,0,47.29,13312
9022005000230002,Sandgårdsgatan,9022005001321002,Tegelbruksgatan,night,56.06,13884,9011005021100000,0,56.06,13884
9022005001243002,Kungsgatan,9022005000050008,Linköpings resecentrum,night,157.28,13633,9011005021100000,0,157.28,13633
9022005001261002,Ödegårdsgatan 11,9022005001323001,Stationsgatan,night,100.76,13874,9011005021100000,0,100.76,13874
9022005001262002,Ödegårdsgatan 24,9022005001261002,Ödegårdsgatan 11,night,36.65,27186,9011005021100000,0,36.64,13871
9022005001262002,Ödegårdsgatan 24,9022005001261002,Ödegårdsgatan 11,night,36.65,27186,9011005021300000,0,36.66,13315
9022005001319002,Drottningtorget,9022005000046006,Trädgårdstorget,night,131.12,13888,9011005021100000,0,131.12,13888
9022005001320002,Loftgatan,9022005001319002,Drottningtorget,night,58.87,13889,9011005021100000,0,58.87,13889
9022005001321002,Tegelbruksgatan,9022005001320002,Loftgatan,night,54.74,13888,9011005021100000,0,54.74,13888
9022005001323001,Stationsgatan,9022005000230002,Sandgårdsgatan,night,64.02,13875,9011005021100000,0,64.02,13875
9022005003854002,Tenndosan,9022005000216001,Johannelunds centrum,night,71.9,13869,9011005021100000,0,71.9,13869
9022005000046006,Trädgårdstorget,9022005000050008,Linköpings resecentrum,pm_rush,302.15,88,9011005021100000,0,302.15,88
9022005000216001,Johannelunds centrum,9022005001262002,Ödegårdsgatan 24,pm_rush,51.47,9792,9011005021100000,0,50.95,4857
9022005000216001,Johannelunds centrum,9022005001262002,Ödegårdsgatan 24,pm_rush,51.47,9792,9011005021300000,0,51.98,4935
9022005000230002,Sandgårdsgatan,9022005001321002,Tegelbruksgatan,pm_rush,74.68,4856,9011005021100000,0,74.68,4856
9022005001243002,Kungsgatan,9022005000050008,Linköpings resecentrum,pm_rush,152.33,4768,9011005021100000,0,152.33,4768
9022005001261002,Ödegårdsgatan 11,9022005001323001,Stationsgatan,pm_rush,140.87,4856,9011005021100000,0,140.87,4856
9022005001262002,Ödegårdsgatan 24,9022005001261002,Ödegårdsgatan 11,pm_rush,39.77,9793,9011005021100000,0,38.93,4857
9022005001262002,Ödegårdsgatan 24,9022005001261002,Ödegårdsgatan 11,pm_rush,39.77,9793,9011005021300000,0,40.6,4936
9022005001319002,Drottningtorget,9022005000046006,Trädgårdstorget,pm_rush,182.14,4857,9011005021100000,0,182.14,4857
9022005001320002,Loftgatan,9022005001319002,Drottningtorget,pm_rush,74.95,4856,9011005021100000,0,74.95,4856
9022005001321002,Tegelbruksgatan,9022005001320002,Loftgatan,pm_rush,70.82,4856,9011005021100000,0,70.82,4856
9022005001323001,Stationsgatan,9022005000230002,Sandgårdsgatan,pm_rush,73.45,4856,9011005021100000,0,73.45,4856
9022005003854002,Tenndosan,9022005000216001,Johannelunds centrum,pm_rush,82.32,4857,9011005021100000,0,82.32,4857
9022005000046006,Trädgårdstorget,9022005000050008,Linköpings resecentrum,weekend,286.48,160,9011005021100000,0,286.48,160
9022005000216001,Johannelunds centrum,9022005001262002,Ödegårdsgatan 24,weekend,48.79,21211,9011005021100000,0,48.93,10147
9022005000216001,Johannelunds centrum,9022005001262002,Ödegårdsgatan 24,weekend,48.79,21211,9011005021300000,0,48.67,11064
9022005000230002,Sandgårdsgatan,9022005001321002,Tegelbruksgatan,weekend,58.41,10162,9011005021100000,0,58.41,10162
9022005001243002,Kungsgatan,9022005000050008,Linköpings resecentrum,weekend,149.15,10014,9011005021100000,0,149.15,10014
9022005001261002,Ödegårdsgatan 11,9022005001323001,Stationsgatan,weekend,97.22,10151,9011005021100000,0,97.22,10151
9022005001262002,Ödegårdsgatan 24,9022005001261002,Ödegårdsgatan 11,weekend,38.5,21214,9011005021100000,0,38.56,10149
9022005001262002,Ödegårdsgatan 24,9022005001261002,Ödegårdsgatan 11,weekend,38.5,21214,9011005021300000,0,38.45,11065
9022005001319002,Drottningtorget,9022005000046006,Trädgårdstorget,weekend,133.06,10174,9011005021100000,0,133.06,10174
9022005001320002,Loftgatan,9022005001319002,Drottningtorget,weekend,59.06,10174,9011005021100000,0,59.06,10174
9022005001321002,Tegelbruksgatan,9022005001320002,Loftgatan,weekend,55.86,10171,9011005021100000,0,55.86,10171
9022005001323001,Stationsgatan,9022005000230002,Sandgårdsgatan,weekend,64.97,10153,9011005021100000,0,64.97,10153
9022005003854002,Tenndosan,9022005000216001,Johannelunds centrum,weekend,75.59,10147,9011005021100000,0,75.59,10147
9022005000046003,Trädgårdstorget,9022005001319001,Drottningtorget,am_rush,158.83,6768,9011005021100000,1,158.83,6768
9022005000216002,Johannelunds centrum,9022005003854001,Tenndosan,am_rush,60.31,6771,9011005021100000,1,60.31,6771
9022005000230001,Sandgårdsgatan,9022005001323003,Stationsgatan,am_rush,80.32,6770,9011005021100000,1,80.32,6770
9022005001261001,Ödegårdsgatan 11,9022005001262001,Ödegårdsgatan 24,am_rush,29.4,13495,9011005021100000,1,30.31,6771
9022005001261001,Ödegårdsgatan 11,9022005001262001,Ödegårdsgatan 24,am_rush,29.4,13495,9011005021300000,1,28.49,6724
9022005001262001,Ödegårdsgatan 24,9022005000216002,Johannelunds centrum,am_rush,60.18,13495,9011005021100000,1,60.43,6771
9022005001262001,Ödegårdsgatan 24,9022005000216002,Johannelunds centrum,am_rush,60.18,13495,9011005021300000,1,59.93,6724
9022005001319001,Drottningtorget,9022005001320001,Loftgatan,am_rush,41.21,6768,9011005021100000,1,41.21,6768
9022005001320001,Loftgatan,9022005001321001,Tegelbruksgatan,am_rush,47.67,6770,9011005021100000,1,47.67,6770
9022005001321001,Tegelbruksgatan,9022005000230001,Sandgårdsgatan,am_rush,47.97,6770,9011005021100000,1,47.97,6770
9022005001323003,Stationsgatan,9022005001261001,Ödegårdsgatan 11,am_rush,97.88,6771,9011005021100000,1,97.88,6771
9022005003854001,Tenndosan,9022005000231001,Övre Johannelund,am_rush,93.08,6771,9011005021100000,1,93.08,6771
9022005000046003,Trädgårdstorget,9022005001319001,Drottningtorget,day,162.56,10548,9011005021100000,1,162.56,10548
9022005000216002,Johannelunds centrum,9022005003854001,Tenndosan,day,67.41,10552,9011005021100000,1,67.41,10552
9022005000230001,Sandgårdsgatan,9022005001323003,Stationsgatan,day,77.29,10554,9011005021100000,1,77.29,10554
9022005001261001,Ödegårdsgatan 11,9022005001262001,Ödegårdsgatan 24,day,34.26,21663,9011005021100000,1,33.79,10552
9022005001261001,Ödegårdsgatan 11,9022005001262001,Ödegårdsgatan 24,day,34.26,21663,9011005021300000,1,34.71,11111
9022005001262001,Ödegårdsgatan 24,9022005000216002,Johannelunds centrum,day,64.02,21663,9011005021100000,1,62.39,10552
9022005001262001,Ödegårdsgatan 24,9022005000216002,Johannelunds centrum,day,64.02,21663,9011005021300000,1,65.56,11111
9022005001319001,Drottningtorget,9022005001320001,Loftgatan,day,39.41,10549,9011005021100000,1,39.41,10549
9022005001320001,Loftgatan,9022005001321001,Tegelbruksgatan,day,51.99,10554,9011005021100000,1,51.99,10554
9022005001321001,Tegelbruksgatan,9022005000230001,Sandgårdsgatan,day,52.16,10554,9011005021100000,1,52.16,10554
9022005001323003,Stationsgatan,9022005001261001,Ödegårdsgatan 11,day,97.88,10552,9011005021100000,1,97.88,10552
9022005003854001,Tenndosan,9022005000231001,Övre Johannelund,day,85.96,10552,9011005021100000,1,85.96,10552
9022005000046003,Trädgårdstorget,9022005001319001,Drottningtorget,night,147.63,13925,9011005021100000,1,147.63,13925
9022005000216002,Johannelunds centrum,9022005003854001,Tenndosan,night,66.5,13927,9011005021100000,1,66.5,13927
9022005000230001,Sandgårdsgatan,9022005001323003,Stationsgatan,night,73.17,13929,9011005021100000,1,73.17,13929
9022005001261001,Ödegårdsgatan 11,9022005001262001,Ödegårdsgatan 24,night,34.57,27365,9011005021100000,1,34.48,13929
9022005001261001,Ödegårdsgatan 11,9022005001262001,Ödegårdsgatan 24,night,34.57,27365,9011005021300000,1,34.66,13436
9022005001262001,Ödegårdsgatan 24,9022005000216002,Johannelunds centrum,night,59.18,27368,9011005021100000,1,59.04,13927
9022005001262001,Ödegårdsgatan 24,9022005000216002,Johannelunds centrum,night,59.18,27368,9011005021300000,1,59.33,13441
9022005001319001,Drottningtorget,9022005001320001,Loftgatan,night,37.33,13926,9011005021100000,1,37.33,13926
9022005001320001,Loftgatan,9022005001321001,Tegelbruksgatan,night,45.07,13929,9011005021100000,1,45.07,13929
9022005001321001,Tegelbruksgatan,9022005000230001,Sandgårdsgatan,night,48.31,13930,9011005021100000,1,48.31,13930
9022005001323003,Stationsgatan,9022005001261001,Ödegårdsgatan 11,night,96.33,13929,9011005021100000,1,96.33,13929
9022005003854001,Tenndosan,9022005000231001,Övre Johannelund,night,89.92,13926,9011005021100000,1,89.92,13926
9022005000046003,Trädgårdstorget,9022005001319001,Drottningtorget,pm_rush,187.0,4877,9011005021100000,1,187.0,4877
9022005000216002,Johannelunds centrum,9022005003854001,Tenndosan,pm_rush,75.72,4880,9011005021100000,1,75.72,4880
9022005000230001,Sandgårdsgatan,9022005001323003,Stationsgatan,pm_rush,84.16,4881,9011005021100000,1,84.16,4881
9022005001261001,Ödegårdsgatan 11,9022005001262001,Ödegårdsgatan 24,pm_rush,38.67,9843,9011005021100000,1,37.79,4880
9022005001261001,Ödegårdsgatan 11,9022005001262001,Ödegårdsgatan 24,pm_rush,38.67,9843,9011005021300000,1,39.53,4963
9022005001262001,Ödegårdsgatan 24,9022005000216002,Johannelunds centrum,pm_rush,67.43,9844,9011005021100000,1,66.35,4880
9022005001262001,Ödegårdsgatan 24,9022005000216002,Johannelunds centrum,pm_rush,67.43,9844,9011005021300000,1,68.49,4964
9022005001319001,Drottningtorget,9022005001320001,Loftgatan,pm_rush,44.66,4877,9011005021100000,1,44.66,4877
9022005001320001,Loftgatan,9022005001321001,Tegelbruksgatan,pm_rush,54.76,4878,9011005021100000,1,54.76,4878
9022005001321001,Tegelbruksgatan,9022005000230001,Sandgårdsgatan,pm_rush,57.63,4879,9011005021100000,1,57.63,4879
9022005001323003,Stationsgatan,9022005001261001,Ödegårdsgatan 11,pm_rush,124.57,4881,9011005021100000,1,124.57,4881
9022005003854001,Tenndosan,9022005000231001,Övre Johannelund,pm_rush,80.59,4880,9011005021100000,1,80.59,4880
9022005000046003,Trädgårdstorget,9022005001319001,Drottningtorget,weekend,144.92,10042,9011005021100000,1,144.92,10042
9022005000216002,Johannelunds centrum,9022005003854001,Tenndosan,weekend,64.97,10043,9011005021100000,1,64.97,10043
9022005000230001,Sandgårdsgatan,9022005001323003,Stationsgatan,weekend,71.74,10042,9011005021100000,1,71.74,10042
9022005001261001,Ödegårdsgatan 11,9022005001262001,Ödegårdsgatan 24,weekend,33.47,21120,9011005021100000,1,33.8,10042
9022005001261001,Ödegårdsgatan 11,9022005001262001,Ödegårdsgatan 24,weekend,33.47,21120,9011005021300000,1,33.17,11078
9022005001262001,Ödegårdsgatan 24,9022005000216002,Johannelunds centrum,weekend,60.64,21121,9011005021100000,1,59.6,10043
9022005001262001,Ödegårdsgatan 24,9022005000216002,Johannelunds centrum,weekend,60.64,21121,9011005021300000,1,61.58,11078
9022005001319001,Drottningtorget,9022005001320001,Loftgatan,weekend,35.98,10042,9011005021100000,1,35.98,10042
9022005001320001,Loftgatan,9022005001321001,Tegelbruksgatan,weekend,44.59,10042,9011005021100000,1,44.59,10042
9022005001321001,Tegelbruksgatan,9022005000230001,Sandgårdsgatan,weekend,46.82,10042,9011005021100000,1,46.82,10042
9022005001323003,Stationsgatan,9022005001261001,Ödegårdsgatan 11,weekend,94.35,10042,9011005021100000,1,94.35,10042
9022005003854001,Tenndosan,9022005000231001,Övre Johannelund,weekend,93.91,10043,9011005021100000,1,93.91,10043
9022005000213001,Isberget,9022005003870001,Bygärdesgatan,am_rush,60.93,5895,9011005021200000,0,60.93,5895
9022005001223001,Klostergatan,9022005000050013,Linköpings resecentrum,am_rush,138.42,5676,9011005021200000,0,138.42,5676
9022005001243002,Kungsgatan,9022005000050013,Linköpings resecentrum,am_rush,94.22,230,9011005021200000,0,94.22,230
9022005001253001,Parkgatan,9022005003848001,Länsstyrelsen,am_rush,151.21,5677,9011005021200000,0,151.21,5677
9022005001256002,Universitetet,9022005000215001,Gamla Linköping,am_rush,175.08,5899,9011005021200000,0,175.08,5899
9022005001257002,Mäster Mattias väg,9022005001256002,Universitetet,am_rush,36.34,5899,9011005021200000,0,36.34,5899
9022005001259002,Barnhemsgatan,9022005001243002,Kungsgatan,am_rush,273.52,230,9011005021200000,0,273.52,230
9022005003847001,Forskningsbyn,9022005001257002,Mäster Mattias väg,am_rush,70.88,5899,9011005021200000,0,70.88,5899
9022005003848001,Länsstyrelsen,9022005000417001,Konsert & Kongress,am_rush,113.89,5677,9011005021200000,0,113.89,5677
9022005003870001,Bygärdesgatan,9022005004232001,Mjärdevi Center,am_rush,156.05,5895,9011005021200000,0,156.05,5895
9022005004232001,Mjärdevi Center,9022005003847001,Forskningsbyn,am_rush,50.83,6482,9011005021200000,0,50.24,5896
9022005004232001,Mjärdevi Center,9022005003847001,Forskningsbyn,am_rush,50.83,6482,9011005022600000,1,56.8,586
9022005000213001,Isberget,9022005003870001,Bygärdesgatan,day,49.89,10146,9011005021200000,0,49.89,10146
9022005001223001,Klostergatan,9022005000050013,Linköpings resecentrum,day,130.67,9731,9011005021200000,0,130.67,9731
9022005001243002,Kungsgatan,9022005000050013,Linköpings resecentrum,day,93.57,435,9011005021200000,0,93.57,435
9022005001253001,Parkgatan,9022005003848001,Länsstyrelsen,day,150.65,9728,9011005021200000,0,150.65,9728
9022005001256002,Universitetet,9022005000215001,Gamla Linköping,day,171.75,10155,9011005021200000,0,171.75,10155
9022005001257002,Mäster Mattias väg,9022005001256002,Universitetet,day,56.01,11787,9011005021200000,0,54.1,10152
9022005001257002,Mäster Mattias väg,9022005001256002,Universitetet,day,56.01,11787,9011005022000000,0,67.85,1635
9022005001259002,Barnhemsgatan,9022005001243002,Kungsgatan,day,308.96,435,9011005021200000,0,308.96,435
9022005003847001,Forskningsbyn,9022005001257002,Mäster Mattias väg,day,82.13,11787,9011005021200000,0,80.79,10152
9022005003847001,Forskningsbyn,9022005001257002,Mäster Mattias väg,day,82.13,11787,9011005022000000,0,90.46,1635
9022005003848001,Länsstyrelsen,9022005000417001,Konsert & Kongress,day,110.7,9731,9011005021200000,0,110.7,9731
9022005003870001,Bygärdesgatan,9022005004232001,Mjärdevi Center,day,146.54,10146,9011005021200000,0,146.54,10146
9022005004232001,Mjärdevi Center,9022005003847001,Forskningsbyn,day,61.17,15378,9011005021200000,0,62.21,10149
9022005004232001,Mjärdevi Center,9022005003847001,Forskningsbyn,day,61.17,15378,9011005022000000,0,68.59,1635
9022005004232001,Mjärdevi Center,9022005003847001,Forskningsbyn,day,61.17,15378,9011005022600000,1,54.84,3594
9022005000213001,Isberget,9022005003870001,Bygärdesgatan,night,45.13,5345,9011005021200000,0,45.13,5345
9022005001223001,Klostergatan,9022005000050013,Linköpings resecentrum,night,135.14,5073,9011005021200000,0,135.14,5073
9022005001243002,Kungsgatan,9022005000050013,Linköpings resecentrum,night,104.99,280,9011005021200000,0,104.99,280
9022005001253001,Parkgatan,9022005003848001,Länsstyrelsen,night,130.96,5072,9011005021200000,0,130.96,5072
9022005001256002,Universitetet,9022005000215001,Gamla Linköping,night,172.19,5347,9011005021200000,0,172.19,5347
9022005001257002,Mäster Mattias väg,9022005001256002,Universitetet,night,54.98,6516,9011005021200000,0,52.46,5347
9022005001257002,Mäster Mattias väg,9022005001256002,Universitetet,night,54.98,6516,9011005022000000,0,66.53,1169
9022005001259002,Barnhemsgatan,9022005001243002,Kungsgatan,night,274.56,280,9011005021200000,0,274.56,280
9022005003847001,Forskningsbyn,9022005001257002,Mäster Mattias väg,night,80.83,6516,9011005021200000,0,78.03,5347
9022005003847001,Forskningsbyn,9022005001257002,Mäster Mattias väg,night,80.83,6516,9011005022000000,0,93.62,1169
9022005003848001,Länsstyrelsen,9022005000417001,Konsert & Kongress,night,102.45,5073,9011005021200000,0,102.45,5073
9022005003870001,Bygärdesgatan,9022005004232001,Mjärdevi Center,night,147.9,5346,9011005021200000,0,147.9,5346
9022005004232001,Mjärdevi Center,9022005003847001,Forskningsbyn,night,58.22,7741,9011005021200000,0,57.16,5347
9022005004232001,Mjärdevi Center,9022005003847001,Forskningsbyn,night,58.22,7741,9011005022000000,0,66.5,1169
9022005004232001,Mjärdevi Center,9022005003847001,Forskningsbyn,night,58.22,7741,9011005022200000,0,68.06,616
9022005004232001,Mjärdevi Center,9022005003847001,Forskningsbyn,night,58.22,7741,9011005022600000,1,41.73,609
9022005000213001,Isberget,9022005003870001,Bygärdesgatan,pm_rush,49.68,3675,9011005021200000,0,49.68,3675
9022005001223001,Klostergatan,9022005000050013,Linköpings resecentrum,pm_rush,145.65,3534,9011005021200000,0,145.65,3534
9022005001243002,Kungsgatan,9022005000050013,Linköpings resecentrum,pm_rush,95.25,150,9011005021200000,0,95.25,150
9022005001253001,Parkgatan,9022005003848001,Länsstyrelsen,pm_rush,177.01,3532,9011005021200000,0,177.01,3532
9022005001256002,Universitetet,9022005000215001,Gamla Linköping,pm_rush,182.47,3678,9011005021200000,0,182.47,3678
9022005001257002,Mäster Mattias väg,9022005001256002,Universitetet,pm_rush,65.97,7277,9011005021200000,0,63.43,3678
9022005001257002,Mäster Mattias väg,9022005001256002,Universitetet,pm_rush,65.97,7277,9011005022000000,0,68.57,3599
9022005001259002,Barnhemsgatan,9022005001243002,Kungsgatan,pm_rush,350.83,150,9011005021200000,0,350.83,150
9022005003847001,Forskningsbyn,9022005001257002,Mäster Mattias väg,pm_rush,97.75,7276,9011005021200000,0,97.92,3677
9022005003847001,Forskningsbyn,9022005001257002,Mäster Mattias väg,pm_rush,97.75,7276,9011005022000000,0,97.58,3599
9022005003848001,Länsstyrelsen,9022005000417001,Konsert & Kongress,pm_rush,125.43,3533,9011005021200000,0,125.43,3533
9022005003870001,Bygärdesgatan,9022005004232001,Mjärdevi Center,pm_rush,167.13,3675,9011005021200000,0,167.13,3675
9022005004232001,Mjärdevi Center,9022005003847001,Forskningsbyn,pm_rush,68.23,10341,9011005021200000,0,71.59,3677
9022005004232001,Mjärdevi Center,9022005003847001,Forskningsbyn,pm_rush,68.23,10341,9011005022000000,0,68.56,3599
9022005004232001,Mjärdevi Center,9022005003847001,Forskningsbyn,pm_rush,68.23,10341,9011005022200000,0,69.92,1853
9022005004232001,Mjärdevi Center,9022005003847001,Forskningsbyn,pm_rush,68.23,10341,9011005022600000,1,54.5,1212
9022005000213001,Isberget,9022005003870001,Bygärdesgatan,weekend,48.04,3910,9011005021200000,0,48.04,3910
9022005001223001,Klostergatan,9022005000050013,Linköpings resecentrum,weekend,132.89,3696,9011005021200000,0,132.89,3696
9022005001243002,Kungsgatan,9022005000050013,Linköpings resecentrum,weekend,89.62,210,9011005021200000,0,89.62,210
9022005001253001,Parkgatan,9022005003848001,Länsstyrelsen,weekend,134.08,3698,9011005021200000,0,134.08,3698
9022005001256002,Universitetet,9022005000215001,Gamla Linköping,weekend,172.2,3910,9011005021200000,0,172.2,3910
9022005001257002,Mäster Mattias väg,9022005001256002,Universitetet,weekend,37.17,3910,9011005021200000,0,37.17,3910
9022005001259002,Barnhemsgatan,9022005001243002,Kungsgatan,weekend,284.37,210,9011005021200000,0,284.37,210
9022005003847001,Forskningsbyn,9022005001257002,Mäster Mattias väg,weekend,63.13,3910,9011005021200000,0,63.13,3910
9022005003848001,Länsstyrelsen,9022005000417001,Konsert & Kongress,weekend,96.32,3696,9011005021200000,0,96.32,3696
9022005003870001,Bygärdesgatan,9022005004232001,Mjärdevi Center,weekend,131.51,3910,9011005021200000,0,131.51,3910
9022005004232001,Mjärdevi Center,9022005003847001,Forskningsbyn,weekend,41.59,5616,9011005021200000,0,42.78,3910
9022005004232001,Mjärdevi Center,9022005003847001,Forskningsbyn,weekend,41.59,5616,9011005022600000,1,38.86,1706
9022005000215002,Gamla Linköping,9022005001256001,Universitetet,am_rush,197.52,5899,9011005021200000,1,197.52,5899
9022005000417002,Konsert & Kongress,9022005003848002,Länsstyrelsen,am_rush,123.2,5666,9011005021200000,1,123.2,5666
9022005001223002,Klostergatan,9022005000417002,Konsert & Kongress,am_rush,107.2,5666,9011005021200000,1,107.2,5666
9022005001243001,Kungsgatan,9022005001259001,Barnhemsgatan,am_rush,255.51,230,9011005021200000,1,255.51,230
9022005001256001,Universitetet,9022005001257001,Mäster Mattias väg,am_rush,56.81,9880,9011005021200000,1,56.95,5900
9022005001256001,Universitetet,9022005001257001,Mäster Mattias väg,am_rush,56.81,9880,9011005022000000,1,56.6,3980
9022005001257001,Mäster Mattias väg,9022005003847002,Forskningsbyn,am_rush,91.24,9887,9011005021200000,1,88.83,5904
9022005001257001,Mäster Mattias väg,9022005003847002,Forskningsbyn,am_rush,91.24,9887,9011005022000000,1,94.81,3983
9022005001275002,Boställsgatan,9022005000418003,Änggårdsskolan,am_rush,57.94,5904,9011005021200000,1,57.94,5904
9022005003847002,Forskningsbyn,9022005004232002,Mjärdevi Center,am_rush,86.26,5903,9011005021200000,1,86.26,5903
9022005003848002,Länsstyrelsen,9022005001253002,Parkgatan,am_rush,113.18,5667,9011005021200000,1,113.18,5667
9022005003870002,Bygärdesgatan,9022005000213002,Isberget,am_rush,43.76,5905,9011005021200000,1,43.76,5905
9022005004232002,Mjärdevi Center,9022005003870002,Bygärdesgatan,am_rush,118.98,5904,9011005021200000,1,118.98,5904
9022005000215002,Gamla Linköping,9022005001256001,Universitetet,day,195.44,10455,9011005021200000,1,195.44,10455
9022005000417002,Konsert & Kongress,9022005003848002,Länsstyrelsen,day,119.65,10017,9011005021200000,1,119.65,10017
9022005001223002,Klostergatan,9022005000417002,Konsert & Kongress,day,105.77,10018,9011005021200000,1,105.77,10018
9022005001243001,Kungsgatan,9022005001259001,Barnhemsgatan,day,285.6,435,9011005021200000,1,285.6,435
9022005001256001,Universitetet,9022005001257001,Mäster Mattias väg,day,54.08,11535,9011005021200000,1,53.73,10456
9022005001256001,Universitetet,9022005001257001,Mäster Mattias väg,day,54.08,11535,9011005022000000,1,57.52,1079
9022005001257001,Mäster Mattias väg,9022005003847002,Forskningsbyn,day,79.51,11539,9011005021200000,1,79.64,10460
9022005001257001,Mäster Mattias väg,9022005003847002,Forskningsbyn,day,79.51,11539,9011005022000000,1,78.26,1079
9022005001275002,Boställsgatan,9022005000418003,Änggårdsskolan,day,60.02,10464,9011005021200000,1,60.02,10464
9022005003847002,Forskningsbyn,9022005004232002,Mjärdevi Center,day,82.05,10461,9011005021200000,1,82.05,10461
9022005003848002,Länsstyrelsen,9022005001253002,Parkgatan,day,107.43,10018,9011005021200000,1,107.43,10018
9022005003870002,Bygärdesgatan,9022005000213002,Isberget,day,44.54,10462,9011005021200000,1,44.54,10462
9022005004232002,Mjärdevi Center,9022005003870002,Bygärdesgatan,day,114.4,10463,9011005021200000,1,114.4,10463
9022005000215002,Gamla Linköping,9022005001256001,Universitetet,night,184.95,5443,9011005021200000,1,184.95,5443
9022005000417002,Konsert & Kongress,9022005001254002,Vallaplan,night,31.5,6,9011005021200000,1,31.5,6
9022005000417002,Konsert & Kongress,9022005003848002,Länsstyrelsen,night,104.56,5156,9011005021200000,1,104.56,5156
9022005001223002,Klostergatan,9022005000417002,Konsert & Kongress,night,93.72,5162,9011005021200000,1,93.72,5162
9022005001243001,Kungsgatan,9022005001259001,Barnhemsgatan,night,263.4,278,9011005021200000,1,263.4,278
9022005001256001,Universitetet,9022005001257001,Mäster Mattias väg,night,40.37,5443,9011005021200000,1,40.37,5443
9022005001257001,Mäster Mattias väg,9022005003847002,Forskningsbyn,night,61.37,5446,9011005021200000,1,61.37,5446
9022005001275002,Boställsgatan,9022005000418003,Änggårdsskolan,night,62.21,5446,9011005021200000,1,62.21,5446
9022005003847002,Forskningsbyn,9022005004232002,Mjärdevi Center,night,75.87,5446,9011005021200000,1,75.87,5446
9022005003848002,Länsstyrelsen,9022005001253002,Parkgatan,night,97.04,5156,9011005021200000,1,97.04,5156
9022005003870002,Bygärdesgatan,9022005000213002,Isberget,night,44.28,5446,9011005021200000,1,44.28,5446
9022005004232002,Mjärdevi Center,9022005003870002,Bygärdesgatan,night,113.09,5446,9011005021200000,1,113.09,5446
9022005000215002,Gamla Linköping,9022005001256001,Universitetet,pm_rush,197.52,4228,9011005021200000,1,197.52,4228
9022005000417002,Konsert & Kongress,9022005003848002,Länsstyrelsen,pm_rush,152.69,4074,9011005021200000,1,152.69,4074
9022005001223002,Klostergatan,9022005000417002,Konsert & Kongress,pm_rush,110.03,4076,9011005021200000,1,110.03,4076
9022005001243001,Kungsgatan,9022005001259001,Barnhemsgatan,pm_rush,309.58,155,9011005021200000,1,309.58,155
9022005001256001,Universitetet,9022005001257001,Mäster Mattias väg,pm_rush,45.69,4228,9011005021200000,1,45.69,4228
9022005001257001,Mäster Mattias väg,9022005003847002,Forskningsbyn,pm_rush,79.13,4229,9011005021200000,1,79.13,4229
9022005001275002,Boställsgatan,9022005000418003,Änggårdsskolan,pm_rush,62.64,4228,9011005021200000,1,62.64,4228
9022005003847002,Forskningsbyn,9022005004232002,Mjärdevi Center,pm_rush,80.78,4230,9011005021200000,1,80.78,4230
9022005003848002,Länsstyrelsen,9022005001253002,Parkgatan,pm_rush,121.78,4073,9011005021200000,1,121.78,4073
9022005003870002,Bygärdesgatan,9022005000213002,Isberget,pm_rush,52.21,4229,9011005021200000,1,52.21,4229
9022005004232002,Mjärdevi Center,9022005003870002,Bygärdesgatan,pm_rush,130.4,4230,9011005021200000,1,130.4,4230
9022005000215002,Gamla Linköping,9022005001256001,Universitetet,weekend,181.76,3905,9011005021200000,1,181.76,3905
9022005000417002,Konsert & Kongress,9022005003848002,Länsstyrelsen,weekend,97.43,3695,9011005021200000,1,97.43,3695
9022005001223002,Klostergatan,9022005000417002,Konsert & Kongress,weekend,89.56,3695,9011005021200000,1,89.56,3695
9022005001243001,Kungsgatan,9022005001259001,Barnhemsgatan,weekend,262.25,210,9011005021200000,1,262.25,210
9022005001256001,Universitetet,9022005001257001,Mäster Mattias väg,weekend,37.63,3907,9011005021200000,1,37.63,3907
9022005001257001,Mäster Mattias väg,9022005003847002,Forskningsbyn,weekend,57.88,3907,9011005021200000,1,57.88,3907
9022005001275002,Boställsgatan,9022005000418003,Änggårdsskolan,weekend,70.92,3907,9011005021200000,1,70.92,3907
9022005003847002,Forskningsbyn,9022005004232002,Mjärdevi Center,weekend,77.62,3907,9011005021200000,1,77.62,3907
9022005003848002,Länsstyrelsen,9022005001253002,Parkgatan,weekend,94.21,3695,9011005021200000,1,94.21,3695
9022005003870002,Bygärdesgatan,9022005000213002,Isberget,weekend,42.43,3907,9011005021200000,1,42.43,3907
9022005004232002,Mjärdevi Center,9022005003870002,Bygärdesgatan,weekend,112.12,3907,9011005021200000,1,112.12,3907
9022005000046006,Trädgårdstorget,9022005000050011,Linköpings resecentrum,am_rush,479.06,129,9011005021300000,0,479.06,129
9022005000050011,Linköpings resecentrum,9022005000423002,Anders Ljungstedts gy.,am_rush,292.47,7228,9011005021300000,0,292.47,7228
9022005000095002,Tallboda skola,9022005001604002,Gullringsvägen,am_rush,47.79,818,9011005021300000,0,47.79,818
9022005000096002,Staby bro,9022005004078002,Sidvindsvägen,am_rush,40.97,7245,9011005021300000,0,40.97,7245
9022005000351002,Linköping Arena,9022005001610002,Masugnen,am_rush,113.33,7238,9011005021300000,0,113.33,7238
9022005000423002,Anders Ljungstedts gy.,9022005000351002,Linköping Arena,am_rush,84.03,7231,9011005021300000,0,84.03,7231
9022005001243002,Kungsgatan,9022005000050011,Linköpings resecentrum,am_rush,278.97,7098,9011005021300000,0,278.97,7098
9022005001261002,Ödegårdsgatan 11,9022005001252002,Risbrinksgatan,am_rush,87.56,7225,9011005021300000,0,87.56,7225
9022005001322002,Fönvindsvägen västra,9022005001327002,Fönvindsvägen östra,am_rush,26.73,7245,9011005021300000,0,26.73,7245
9022005001346002,Munkhagsgatan 74,9022005000216001,Johannelunds centrum,am_rush,107.16,7223,9011005021300000,0,107.16,7223
9022005001348002,Spångerum,9022005001346002,Munkhagsgatan 74,am_rush,69.63,7223,9011005021300000,0,69.63,7223
9022005001460002,Tallboda centrum,9022005000095002,Tallboda skola,am_rush,85.82,817,9011005021300000,0,85.82,817
9022005001460004,Tallboda centrum,9022005001604002,Gullringsvägen,am_rush,29.48,6414,9011005021300000,0,29.48,6414
9022005001604002,Gullringsvägen,9022005000096002,Staby bro,am_rush,76.5,7244,9011005021300000,0,76.5,7244
9022005001605002,Idögatan,9022005001460002,Tallboda centrum,am_rush,66.47,817,9011005021300000,0,66.47,817
9022005001605002,Idögatan,9022005001460004,Tallboda centrum,am_rush,69.44,6414,9011005021300000,0,69.44,6414
9022005001605002,Idögatan,9022005080007002,Gränsliden,am_rush,149.17,12,9011005021300000,0,149.17,12
9022005001607002,Fågelögatan,9022005001605002,Idögatan,am_rush,119.23,7244,9011005021300000,0,119.23,7244
9022005001609002,Harstenagatan,9022005001607002,Fågelögatan,am_rush,45.16,7243,9011005021300000,0,45.16,7243
9022005001610002,Masugnen,9022005001609002,Harstenagatan,am_rush,43.48,7240,9011005021300000,0,43.48,7240
9022005004078002,Sidvindsvägen,9022005001322002,Fönvindsvägen västra,am_rush,70.27,7245,9011005021300000,0,70.27,7245
9022005080007002,Gränsliden,9022005001604002,Gullringsvägen,am_rush,35.5,12,9011005021300000,0,35.5,12
9022005000046006,Trädgårdstorget,9022005000050011,Linköpings resecentrum,day,383.17,206,9011005021300000,0,383.17,206
9022005000050011,Linköpings resecentrum,9022005000423002,Anders Ljungstedts gy.,day,281.32,11045,9011005021300000,0,281.32,11045
9022005000095002,Tallboda skola,9022005001604002,Gullringsvägen,day,50.28,1340,9011005021300000,0,50.28,1340
9022005000096002,Staby bro,9022005004078002,Sidvindsvägen,day,48.58,11074,9011005021300000,0,48.58,11074
9022005000351002,Linköping Arena,9022005001610002,Masugnen,day,110.57,11059,9011005021300000,0,110.57,11059
9022005000423002,Anders Ljungstedts gy.,9022005000351002,Linköping Arena,day,86.92,11049,9011005021300000,0,86.92,11049
9022005001243002,Kungsgatan,9022005000050011,Linköpings resecentrum,day,227.19,10836,9011005021300000,0,227.19,10836
9022005001261002,Ödegårdsgatan 11,9022005001252002,Risbrinksgatan,day,80.67,11034,9011005021300000,0,80.67,11034
9022005001322002,Fönvindsvägen västra,9022005001327002,Fönvindsvägen östra,day,25.55,11074,9011005021300000,0,25.55,11074
9022005001346002,Munkhagsgatan 74,9022005000216001,Johannelunds centrum,day,106.21,11033,9011005021300000,0,106.21,11033
9022005001348002,Spångerum,9022005001346002,Munkhagsgatan 74,day,60.3,11032,9011005021300000,0,60.3,11032
9022005001460002,Tallboda centrum,9022005000095002,Tallboda skola,day,87.99,1340,9011005021300000,0,87.99,1340
9022005001460004,Tallboda centrum,9022005001604002,Gullringsvägen,day,33.67,9715,9011005021300000,0,33.67,9715
9022005001604002,Gullringsvägen,9022005000096002,Staby bro,day,81.75,11074,9011005021300000,0,81.75,11074
9022005001605002,Idögatan,9022005001460002,Tallboda centrum,day,66.89,1340,9011005021300000,0,66.89,1340
9022005001605002,Idögatan,9022005001460004,Tallboda centrum,day,72.13,9715,9011005021300000,0,72.13,9715
9022005001605002,Idögatan,9022005080007002,Gränsliden,day,144.95,19,9011005021300000,0,144.95,19
9022005001607002,Fågelögatan,9022005001605002,Idögatan,day,108.56,11074,9011005021300000,0,108.56,11074
9022005001609002,Harstenagatan,9022005001607002,Fågelögatan,day,38.46,11073,9011005021300000,0,38.46,11073
9022005001610002,Masugnen,9022005001609002,Harstenagatan,day,39.89,11062,9011005021300000,0,39.89,11062
9022005004078002,Sidvindsvägen,9022005001322002,Fönvindsvägen västra,day,72.75,11074,9011005021300000,0,72.75,11074
9022005080007002,Gränsliden,9022005001604002,Gullringsvägen,day,52.89,19,9011005021300000,0,52.89,19
9022005000046006,Trädgårdstorget,9022005000050011,Linköpings resecentrum,night,438.6,240,9011005021300000,0,438.6,240
9022005000050011,Linköpings resecentrum,9022005000423002,Anders Ljungstedts gy.,night,247.25,13379,9011005021300000,0,247.25,13379
9022005000095002,Tallboda skola,9022005001604002,Gullringsvägen,night,48.0,1573,9011005021300000,0,48.0,1573
9022005000096002,Staby bro,9022005004078002,Sidvindsvägen,night,47.12,13487,9011005021300000,0,47.12,13487
9022005000351002,Linköping Arena,9022005001610002,Masugnen,night,99.01,13479,9011005021300000,0,99.01,13479
9022005000423002,Anders Ljungstedts gy.,9022005000351002,Linköping Arena,night,77.58,13475,9011005021300000,0,77.58,13475
9022005001243002,Kungsgatan,9022005000050011,Linköpings resecentrum,night,273.7,13084,9011005021300000,0,273.7,13084
9022005001261002,Ödegårdsgatan 11,9022005001252002,Risbrinksgatan,night,75.89,13313,9011005021300000,0,75.89,13313
9022005001322002,Fönvindsvägen västra,9022005001327002,Fönvindsvägen östra,night,26.88,13487,9011005021300000,0,26.88,13487
9022005001346002,Munkhagsgatan 74,9022005000216001,Johannelunds centrum,night,92.58,13312,9011005021300000,0,92.58,13312
9022005001348002,Spångerum,9022005001346002,Munkhagsgatan 74,night,55.28,13310,9011005021300000,0,55.28,13310
9022005001460002,Tallboda centrum,9022005000095002,Tallboda skola,night,82.73,1573,9011005021300000,0,82.73,1573
9022005001460004,Tallboda centrum,9022005001604002,Gullringsvägen,night,31.54,11893,9011005021300000,0,31.54,11893
9022005001604002,Gullringsvägen,9022005000096002,Staby bro,night,80.85,13487,9011005021300000,0,80.85,13487
9022005001605002,Idögatan,9022005001460002,Tallboda centrum,night,55.52,1573,9011005021300000,0,55.52,1573
9022005001605002,Idögatan,9022005001460004,Tallboda centrum,night,64.04,11893,9011005021300000,0,64.04,11893
9022005001605002,Idögatan,9022005080007002,Gränsliden,night,111.95,21,9011005021300000,0,111.95,21
9022005001607002,Fågelögatan,9022005001605002,Idögatan,night,106.26,13487,9011005021300000,0,106.26,13487
9022005001609002,Harstenagatan,9022005001607002,Fågelögatan,night,34.18,13484,9011005021300000,0,34.18,13484
9022005001610002,Masugnen,9022005001609002,Harstenagatan,night,31.7,13479,9011005021300000,0,31.7,13479
9022005004078002,Sidvindsvägen,9022005001322002,Fönvindsvägen västra,night,70.82,13487,9011005021300000,0,70.82,13487
9022005080007002,Gränsliden,9022005001604002,Gullringsvägen,night,75.1,21,9011005021300000,0,75.1,21
9022005000046006,Trädgårdstorget,9022005000050011,Linköpings resecentrum,pm_rush,435.91,88,9011005021300000,0,435.91,88
9022005000050011,Linköpings resecentrum,9022005000423002,Anders Ljungstedts gy.,pm_rush,319.67,4938,9011005021300000,0,319.67,4938
9022005000095002,Tallboda skola,9022005001604002,Gullringsvägen,pm_rush,57.51,568,9011005021300000,0,57.51,568
9022005000096002,Staby bro,9022005004078002,Sidvindsvägen,pm_rush,55.57,4950,9011005021300000,0,55.57,4950
9022005000351002,Linköping Arena,9022005001610002,Masugnen,pm_rush,164.09,4942,9011005021300000,0,164.09,4942
9022005000423002,Anders Ljungstedts gy.,9022005000351002,Linköping Arena,pm_rush,89.37,4939,9011005021300000,0,89.37,4939
9022005001243002,Kungsgatan,9022005000050011,Linköpings resecentrum,pm_rush,260.22,4849,9011005021300000,0,260.22,4849
9022005001261002,Ödegårdsgatan 11,9022005001252002,Risbrinksgatan,pm_rush,96.63,4937,9011005021300000,0,96.63,4937
9022005001322002,Fönvindsvägen västra,9022005001327002,Fönvindsvägen östra,pm_rush,30.51,4950,9011005021300000,0,30.51,4950
9022005001346002,Munkhagsgatan 74,9022005000216001,Johannelunds centrum,pm_rush,107.37,4935,9011005021300000,0,107.37,4935
9022005001348002,Spångerum,9022005001346002,Munkhagsgatan 74,pm_rush,55.21,4935,9011005021300000,0,55.21,4935
9022005001460002,Tallboda centrum,9022005000095002,Tallboda skola,pm_rush,94.98,568,9011005021300000,0,94.98,568
9022005001460004,Tallboda centrum,9022005001604002,Gullringsvägen,pm_rush,38.75,4374,9011005021300000,0,38.75,4374
9022005001604002,Gullringsvägen,9022005000096002,Staby bro,pm_rush,88.07,4950,9011005021300000,0,88.07,4950
9022005001605002,Idögatan,9022005001460002,Tallboda centrum,pm_rush,88.73,568,9011005021300000,0,88.73,568
9022005001605002,Idögatan,9022005001460004,Tallboda centrum,pm_rush,91.57,4374,9011005021300000,0,91.57,4374
9022005001605002,Idögatan,9022005080007002,Gränsliden,pm_rush,144.0,8,9011005021300000,0,144.0,8
9022005001607002,Fågelögatan,9022005001605002,Idögatan,pm_rush,113.35,4949,9011005021300000,0,113.35,4949
9022005001609002,Harstenagatan,9022005001607002,Fågelögatan,pm_rush,36.69,4948,9011005021300000,0,36.69,4948
9022005001610002,Masugnen,9022005001609002,Harstenagatan,pm_rush,38.71,4943,9011005021300000,0,38.71,4943
9022005004078002,Sidvindsvägen,9022005001322002,Fönvindsvägen västra,pm_rush,81.13,4950,9011005021300000,0,81.13,4950
9022005080007002,Gränsliden,9022005001604002,Gullringsvägen,pm_rush,76.25,8,9011005021300000,0,76.25,8
9022005000046006,Trädgårdstorget,9022005000050011,Linköpings resecentrum,weekend,410.1,174,9011005021300000,0,410.1,174
9022005000050011,Linköpings resecentrum,9022005000423002,Anders Ljungstedts gy.,weekend,238.2,11215,9011005021300000,0,238.2,11215
9022005000095002,Tallboda skola,9022005001604002,Gullringsvägen,weekend,45.56,1286,9011005021300000,0,45.56,1286
9022005000096002,Staby bro,9022005004078002,Sidvindsvägen,weekend,46.06,11315,9011005021300000,0,46.06,11315
9022005000351002,Linköping Arena,9022005001610002,Masugnen,weekend,99.98,11300,9011005021300000,0,99.98,11300
9022005000423002,Anders Ljungstedts gy.,9022005000351002,Linköping Arena,weekend,76.36,11292,9011005021300000,0,76.36,11292
9022005001243002,Kungsgatan,9022005000050011,Linköpings resecentrum,weekend,275.28,10918,9011005021300000,0,275.28,10918
9022005001261002,Ödegårdsgatan 11,9022005001252002,Risbrinksgatan,weekend,75.03,11065,9011005021300000,0,75.03,11065
9022005001322002,Fönvindsvägen västra,9022005001327002,Fönvindsvägen östra,weekend,24.57,11315,9011005021300000,0,24.57,11315
9022005001346002,Munkhagsgatan 74,9022005000216001,Johannelunds centrum,weekend,94.59,11064,9011005021300000,0,94.59,11064
9022005001348002,Spångerum,9022005001346002,Munkhagsgatan 74,weekend,58.94,11064,9011005021300000,0,58.94,11064
9022005001460002,Tallboda centrum,9022005000095002,Tallboda skola,weekend,82.21,1286,9011005021300000,0,82.21,1286
9022005001460004,Tallboda centrum,9022005001604002,Gullringsvägen,weekend,29.52,10024,9011005021300000,0,29.52,10024
9022005001604002,Gullringsvägen,9022005000096002,Staby bro,weekend,79.8,11315,9011005021300000,0,79.8,11315
9022005001605002,Idögatan,9022005001460002,Tallboda centrum,weekend,53.12,1286,9011005021300000,0,53.12,1286
9022005001605002,Idögatan,9022005001460004,Tallboda centrum,weekend,62.37,10024,9011005021300000,0,62.37,10024
9022005001605002,Idögatan,9022005080007002,Gränsliden,weekend,89.8,5,9011005021300000,0,89.8,5
9022005001607002,Fågelögatan,9022005001605002,Idögatan,weekend,100.63,11315,9011005021300000,0,100.63,11315
9022005001609002,Harstenagatan,9022005001607002,Fågelögatan,weekend,31.91,11315,9011005021300000,0,31.91,11315
9022005001610002,Masugnen,9022005001609002,Harstenagatan,weekend,30.04,11306,9011005021300000,0,30.04,11306
9022005004078002,Sidvindsvägen,9022005001322002,Fönvindsvägen västra,weekend,68.93,11315,9011005021300000,0,68.93,11315
9022005080007002,Gränsliden,9022005001604002,Gullringsvägen,weekend,91.8,5,9011005021300000,0,91.8,5
9022005000050008,Linköpings resecentrum,9022005000046003,Trädgårdstorget,am_rush,338.51,119,9011005021300000,1,338.51,119
9022005000050008,Linköpings resecentrum,9022005001243001,Kungsgatan,am_rush,165.65,6600,9011005021300000,1,165.65,6600
9022005000095001,Tallboda skola,9022005001460001,Tallboda centrum,am_rush,108.98,748,9011005021300000,1,108.98,748
9022005000096001,Staby bro,9022005001604001,Gullringsvägen,am_rush,91.27,6714,9011005021300000,1,91.27,6714
9022005000216002,Johannelunds centrum,9022005001346001,Munkhagsgatan 74,am_rush,97.71,6724,9011005021300000,1,97.71,6724
9022005000351001,Linköping Arena,9022005000423001,Anders Ljungstedts gy.,am_rush,101.99,6717,9011005021300000,1,101.99,6717
9022005000423001,Anders Ljungstedts gy.,9022005000050008,Linköpings resecentrum,am_rush,243.23,6717,9011005021300000,1,243.23,6717
9022005001252001,Risbrinksgatan,9022005001261001,Ödegårdsgatan 11,am_rush,63.41,6723,9011005021300000,1,63.41,6723
9022005001322001,Fönvindsvägen västra,9022005004078001,Sidvindsvägen,am_rush,83.5,6711,9011005021300000,1,83.5,6711
9022005001346001,Munkhagsgatan 74,9022005001348001,Spångerum,am_rush,43.17,6724,9011005021300000,1,43.17,6724
9022005001348001,Spångerum,9022005000217003,Nedre Johannelund,am_rush,88.79,6724,9011005021300000,1,88.79,6724
9022005001460001,Tallboda centrum,9022005001605001,Idögatan,am_rush,64.72,748,9011005021300000,1,64.72,748
9022005001460003,Tallboda centrum,9022005001605001,Idögatan,am_rush,65.55,5956,9011005021300000,1,65.55,5956
9022005001604001,Gullringsvägen,9022005000095001,Tallboda skola,am_rush,58.46,748,9011005021300000,1,58.46,748
9022005001604001,Gullringsvägen,9022005001460003,Tallboda centrum,am_rush,47.72,5957,9011005021300000,1,47.72,5957
9022005001604001,Gullringsvägen,9022005080007001,Gränsliden,am_rush,39.0,11,9011005021300000,1,39.0,11
9022005001605001,Idögatan,9022005001607001,Fågelögatan,am_rush,90.37,6359,9011005021300000,1,90.37,6359
9022005001605001,Idögatan,9022005001609001,Harstenagatan,am_rush,134.22,356,9011005021300000,1,134.22,356
9022005001607001,Fågelögatan,9022005001609001,Harstenagatan,am_rush,35.47,6360,9011005021300000,1,35.47,6360
9022005001609001,Harstenagatan,9022005001610001,Masugnen,am_rush,39.0,6717,9011005021300000,1,39.0,6717
9022005001610001,Masugnen,9022005000351001,Linköping Arena,am_rush,121.0,6717,9011005021300000,1,121.0,6717
9022005004078001,Sidvindsvägen,9022005000096001,Staby bro,am_rush,59.71,6711,9011005021300000,1,59.71,6711
9022005080007001,Gränsliden,9022005001605001,Idögatan,am_rush,192.82,11,9011005021300000,1,192.82,11
9022005000050008,Linköpings resecentrum,9022005000046003,Trädgårdstorget,day,330.03,205,9011005021300000,1,330.03,205
9022005000050008,Linköpings resecentrum,9022005001243001,Kungsgatan,day,161.04,10882,9011005021300000,1,161.04,10882
9022005000095001,Tallboda skola,9022005001460001,Tallboda centrum,day,94.8,1334,9011005021300000,1,94.8,1334
9022005000096001,Staby bro,9022005001604001,Gullringsvägen,day,84.3,11067,9011005021300000,1,84.3,11067
9022005000216002,Johannelunds centrum,9022005001346001,Munkhagsgatan 74,day,97.34,11112,9011005021300000,1,97.34,11112
9022005000351001,Linköping Arena,9022005000423001,Anders Ljungstedts gy.,day,114.44,11078,9011005021300000,1,114.44,11078
9022005000423001,Anders Ljungstedts gy.,9022005000050008,Linköpings resecentrum,day,256.61,11082,9011005021300000,1,256.61,11082
9022005001252001,Risbrinksgatan,9022005001261001,Ödegårdsgatan 11,day,68.89,11110,9011005021300000,1,68.89,11110
9022005001322001,Fönvindsvägen västra,9022005004078001,Sidvindsvägen,day,71.73,11067,9011005021300000,1,71.73,11067
9022005001346001,Munkhagsgatan 74,9022005001348001,Spångerum,day,48.71,11112,9011005021300000,1,48.71,11112
9022005001348001,Spångerum,9022005000217003,Nedre Johannelund,day,88.44,11112,9011005021300000,1,88.44,11112
9022005001460001,Tallboda centrum,9022005001605001,Idögatan,day,63.92,1334,9011005021300000,1,63.92,1334
9022005001460003,Tallboda centrum,9022005001605001,Idögatan,day,67.07,9719,9011005021300000,1,67.07,9719
9022005001604001,Gullringsvägen,9022005000095001,Tallboda skola,day,50.88,1333,9011005021300000,1,50.88,1333
9022005001604001,Gullringsvägen,9022005001460003,Tallboda centrum,day,42.5,9716,9011005021300000,1,42.5,9716
9022005001604001,Gullringsvägen,9022005080007001,Gränsliden,day,24.79,19,9011005021300000,1,24.79,19
9022005001605001,Idögatan,9022005001607001,Fågelögatan,day,91.17,10451,9011005021300000,1,91.17,10451
9022005001605001,Idögatan,9022005001609001,Harstenagatan,day,144.91,620,9011005021300000,1,144.91,620
9022005001607001,Fågelögatan,9022005001609001,Harstenagatan,day,47.32,10452,9011005021300000,1,47.32,10452
9022005001609001,Harstenagatan,9022005001610001,Masugnen,day,45.45,11075,9011005021300000,1,45.45,11075
9022005001610001,Masugnen,9022005000351001,Linköping Arena,day,123.93,11075,9011005021300000,1,123.93,11075
9022005004078001,Sidvindsvägen,9022005000096001,Staby bro,day,52.64,11067,9011005021300000,1,52.64,11067
9022005080007001,Gränsliden,9022005001605001,Idögatan,day,178.32,19,9011005021300000,1,178.32,19
9022005000050008,Linköpings resecentrum,9022005000046003,Trädgårdstorget,night,279.41,243,9011005021300000,1,279.41,243
9022005000050008,Linköpings resecentrum,9022005001243001,Kungsgatan,night,142.39,13192,9011005021300000,1,142.39,13192
9022005000095001,Tallboda skola,9022005001460001,Tallboda centrum,night,84.45,1559,9011005021300000,1,84.45,1559
9022005000096001,Staby bro,9022005001604001,Gullringsvägen,night,79.58,13422,9011005021300000,1,79.58,13422
9022005000216002,Johannelunds centrum,9022005001346001,Munkhagsgatan 74,night,98.21,13441,9011005021300000,1,98.21,13441
9022005000351001,Linköping Arena,9022005000423001,Anders Ljungstedts gy.,night,89.86,13431,9011005021300000,1,89.86,13431
9022005000423001,Anders Ljungstedts gy.,9022005000050008,Linköpings resecentrum,night,242.09,13433,9011005021300000,1,242.09,13433
9022005001222001,Bergdalsgatan,9022005001262001,Ödegårdsgatan 24,night,30.2,5,9011005021300000,1,30.2,5
9022005001252001,Risbrinksgatan,9022005001261001,Ödegårdsgatan 11,night,68.0,13436,9011005021300000,1,68.0,13436
9022005001322001,Fönvindsvägen västra,9022005004078001,Sidvindsvägen,night,68.33,13418,9011005021300000,1,68.33,13418
9022005001346001,Munkhagsgatan 74,9022005001348001,Spångerum,night,47.33,13441,9011005021300000,1,47.33,13441
9022005001348001,Spångerum,9022005000217003,Nedre Johannelund,night,94.44,13442,9011005021300000,1,94.44,13442
9022005001460001,Tallboda centrum,9022005001605001,Idögatan,night,62.01,1559,9011005021300000,1,62.01,1559
9022005001460003,Tallboda centrum,9022005001605001,Idögatan,night,64.35,11843,9011005021300000,1,64.35,11843
9022005001604001,Gullringsvägen,9022005000095001,Tallboda skola,night,45.71,1559,9011005021300000,1,45.71,1559
9022005001604001,Gullringsvägen,9022005001460003,Tallboda centrum,night,34.28,11842,9011005021300000,1,34.28,11842
9022005001604001,Gullringsvägen,9022005080007001,Gränsliden,night,30.05,22,9011005021300000,1,30.05,22
9022005001605001,Idögatan,9022005001607001,Fågelögatan,night,91.72,12679,9011005021300000,1,91.72,12679
9022005001605001,Idögatan,9022005001609001,Harstenagatan,night,137.81,746,9011005021300000,1,137.81,746
9022005001607001,Fågelögatan,9022005001609001,Harstenagatan,night,39.45,12681,9011005021300000,1,39.45,12681
9022005001609001,Harstenagatan,9022005001610001,Masugnen,night,42.09,13429,9011005021300000,1,42.09,13429
9022005001610001,Masugnen,9022005000351001,Linköping Arena,night,103.34,13430,9011005021300000,1,103.34,13430
9022005004078001,Sidvindsvägen,9022005000096001,Staby bro,night,48.72,13418,9011005021300000,1,48.72,13418
9022005080007001,Gränsliden,9022005001605001,Idögatan,night,170.45,22,9011005021300000,1,170.45,22
9022005000050008,Linköpings resecentrum,9022005000046003,Trädgårdstorget,pm_rush,316.66,88,9011005021300000,1,316.66,88
9022005000050008,Linköpings resecentrum,9022005001243001,Kungsgatan,pm_rush,181.58,4869,9011005021300000,1,181.58,4869
9022005000095001,Tallboda skola,9022005001460001,Tallboda centrum,pm_rush,92.69,568,9011005021300000,1,92.69,568
9022005000096001,Staby bro,9022005001604001,Gullringsvägen,pm_rush,84.39,4955,9011005021300000,1,84.39,4955
9022005000216002,Johannelunds centrum,9022005001346001,Munkhagsgatan 74,pm_rush,103.13,4964,9011005021300000,1,103.13,4964
9022005000351001,Linköping Arena,9022005000423001,Anders Ljungstedts gy.,pm_rush,111.79,4956,9011005021300000,1,111.79,4956
9022005000423001,Anders Ljungstedts gy.,9022005000050008,Linköpings resecentrum,pm_rush,295.38,4956,9011005021300000,1,295.38,4956
9022005001252001,Risbrinksgatan,9022005001261001,Ödegårdsgatan 11,pm_rush,92.31,4963,9011005021300000,1,92.31,4963
9022005001322001,Fönvindsvägen västra,9022005004078001,Sidvindsvägen,pm_rush,72.71,4954,9011005021300000,1,72.71,4954
9022005001346001,Munkhagsgatan 74,9022005001348001,Spångerum,pm_rush,51.79,4964,9011005021300000,1,51.79,4964
9022005001348001,Spångerum,9022005000217003,Nedre Johannelund,pm_rush,89.56,4964,9011005021300000,1,89.56,4964
9022005001460001,Tallboda centrum,9022005001605001,Idögatan,pm_rush,77.07,568,9011005021300000,1,77.07,568
9022005001460003,Tallboda centrum,9022005001605001,Idögatan,pm_rush,81.41,4379,9011005021300000,1,81.41,4379
9022005001604001,Gullringsvägen,9022005000095001,Tallboda skola,pm_rush,53.47,568,9011005021300000,1,53.47,568
9022005001604001,Gullringsvägen,9022005001460003,Tallboda centrum,pm_rush,39.88,4379,9011005021300000,1,39.88,4379
9022005001604001,Gullringsvägen,9022005080007001,Gränsliden,pm_rush,19.75,8,9011005021300000,1,19.75,8
9022005001605001,Idögatan,9022005001607001,Fågelögatan,pm_rush,103.6,4690,9011005021300000,1,103.6,4690
9022005001605001,Idögatan,9022005001609001,Harstenagatan,pm_rush,157.92,265,9011005021300000,1,157.92,265
9022005001607001,Fågelögatan,9022005001609001,Harstenagatan,pm_rush,58.75,4691,9011005021300000,1,58.75,4691
9022005001609001,Harstenagatan,9022005001610001,Masugnen,pm_rush,54.48,4956,9011005021300000,1,54.48,4956
9022005001610001,Masugnen,9022005000351001,Linköping Arena,pm_rush,166.72,4956,9011005021300000,1,166.72,4956
9022005004078001,Sidvindsvägen,9022005000096001,Staby bro,pm_rush,52.25,4954,9011005021300000,1,52.25,4954
9022005080007001,Gränsliden,9022005001605001,Idögatan,pm_rush,210.12,8,9011005021300000,1,210.12,8
9022005000050008,Linköpings resecentrum,9022005000046003,Trädgårdstorget,weekend,265.78,172,9011005021300000,1,265.78,172
9022005000050008,Linköpings resecentrum,9022005001243001,Kungsgatan,weekend,135.34,10899,9011005021300000,1,135.34,10899
9022005000095001,Tallboda skola,9022005001460001,Tallboda centrum,weekend,88.13,1245,9011005021300000,1,88.13,1245
9022005000096001,Staby bro,9022005001604001,Gullringsvägen,weekend,78.92,11069,9011005021300000,1,78.92,11069
9022005000216002,Johannelunds centrum,9022005001346001,Munkhagsgatan 74,weekend,99.85,11078,9011005021300000,1,99.85,11078
9022005000351001,Linköping Arena,9022005000423001,Anders Ljungstedts gy.,weekend,88.26,11071,9011005021300000,1,88.26,11071
9022005000423001,Anders Ljungstedts gy.,9022005000050008,Linköpings resecentrum,weekend,263.48,11071,9011005021300000,1,263.48,11071
9022005001252001,Risbrinksgatan,9022005001261001,Ödegårdsgatan 11,weekend,65.49,11078,9011005021300000,1,65.49,11078
9022005001322001,Fönvindsvägen västra,9022005004078001,Sidvindsvägen,weekend,69.12,11067,9011005021300000,1,69.12,11067
9022005001346001,Munkhagsgatan 74,9022005001348001,Spångerum,weekend,48.07,11078,9011005021300000,1,48.07,11078
9022005001348001,Spångerum,9022005000217003,Nedre Johannelund,weekend,109.23,11078,9011005021300000,1,109.23,11078
9022005001460001,Tallboda centrum,9022005001605001,Idögatan,weekend,57.82,1245,9011005021300000,1,57.82,1245
9022005001460003,Tallboda centrum,9022005001605001,Idögatan,weekend,59.41,9820,9011005021300000,1,59.41,9820
9022005001604001,Gullringsvägen,9022005000095001,Tallboda skola,weekend,46.59,1245,9011005021300000,1,46.59,1245
9022005001604001,Gullringsvägen,9022005001460003,Tallboda centrum,weekend,34.33,9820,9011005021300000,1,34.33,9820
9022005001605001,Idögatan,9022005001607001,Fågelögatan,weekend,86.92,10417,9011005021300000,1,86.92,10417
9022005001605001,Idögatan,9022005001609001,Harstenagatan,weekend,128.3,652,9011005021300000,1,128.3,652
9022005001607001,Fågelögatan,9022005001609001,Harstenagatan,weekend,33.64,10417,9011005021300000,1,33.64,10417
9022005001609001,Harstenagatan,9022005001610001,Masugnen,weekend,41.4,11070,9011005021300000,1,41.4,11070
9022005001610001,Masugnen,9022005000351001,Linköping Arena,weekend,103.38,11071,9011005021300000,1,103.38,11071
9022005004078001,Sidvindsvägen,9022005000096001,Staby bro,weekend,49.92,11067,9011005021300000,1,49.92,11067
9022005000046006,Trädgårdstorget,9022005000050012,Linköpings resecentrum,am_rush,363.91,196,9011005021400000,0,409.04,98
9022005000046006,Trädgårdstorget,9022005000050012,Linköpings resecentrum,am_rush,363.91,196,9011005021800000,0,318.78,98
9022005000050012,Linköpings resecentrum,9022005001405002,Timmermansplatsen,am_rush,218.41,4874,9011005021400000,0,218.41,4874
9022005000226002,Lövsbergsvägen,9022005001394002,Ekdalsvägen,am_rush,56.02,9819,9011005021400000,0,57.22,5268
9022005000226002,Lövsbergsvägen,9022005001394002,Ekdalsvägen,am_rush,56.02,9819,9011005021600000,0,54.64,4551
9022005000437002,Vårdsbergsvägen,9022005001398002,Strandängsvägen,am_rush,101.17,5268,9011005021400000,0,101.17,5268
9022005001243002,Kungsgatan,9022005000050012,Linköpings resecentrum,am_rush,166.76,10501,9011005021400000,0,215.94,5183
9022005001243002,Kungsgatan,9022005000050012,Linköpings resecentrum,am_rush,166.76,10501,9011005021800000,0,118.82,5318
9022005001309002,Tornhagen,9022005000215002,Gamla Linköping,am_rush,145.03,116,9011005021400000,0,145.03,116
9022005001309002,Tornhagen,9022005000215004,Gamla Linköping,am_rush,163.57,4808,9011005021400000,0,163.57,4808
9022005001318002,Ekhaga,9022005001330002,Kattfotstigen,am_rush,85.48,5269,9011005021400000,0,85.48,5269
9022005001329002,Kryddvägen,9022005000045002,Resedan,am_rush,61.92,5270,9011005021400000,0,61.92,5270
9022005001330002,Kattfotstigen,9022005001329002,Kryddvägen,am_rush,37.68,5269,9011005021400000,0,37.68,5269
9022005001394002,Ekdalsvägen,9022005000437002,Vårdsbergsvägen,am_rush,50.85,9820,9011005021400000,0,53.42,5268
9022005001394002,Ekdalsvägen,9022005000437002,Vårdsbergsvägen,am_rush,50.85,9820,9011005021600000,0,47.87,4552
9022005001398002,Strandängsvägen,9022005001400002,Aspeliden,am_rush,89.52,5260,9011005021400000,0,89.52,5260
9022005001398002,Strandängsvägen,9022005003850002,Ektunavägen,am_rush,81.5,8,9011005021400000,0,81.5,8
9022005001400002,Aspeliden,9022005001401002,Kvinnebystigen,am_rush,63.61,5260,9011005021400000,0,63.61,5260
9022005001401002,Kvinnebystigen,9022005003850002,Ektunavägen,am_rush,53.11,5260,9011005021400000,0,53.11,5260
9022005001405002,Timmermansplatsen,9022005003849002,Abisko centrum,am_rush,76.51,4881,9011005021400000,0,76.51,4881
9022005003748002,Gärdesgatan,9022005003908002,Lektorshagen,am_rush,48.67,4924,9011005021400000,0,48.67,4924
9022005003849002,Abisko centrum,9022005003748002,Gärdesgatan,am_rush,112.91,4924,9011005021400000,0,112.91,4924
9022005003850002,Ektunavägen,9022005000054002,Ekholmens centrum,am_rush,106.59,5268,9011005021400000,0,106.59,5268
9022005003908002,Lektorshagen,9022005001309002,Tornhagen,am_rush,99.6,4924,9011005021400000,0,99.6,4924
9022005000046006,Trädgårdstorget,9022005000050012,Linköpings resecentrum,day,367.16,274,9011005021400000,0,437.89,142
9022005000046006,Trädgårdstorget,9022005000050012,Linköpings resecentrum,day,367.16,274,9011005021800000,0,291.08,132
9022005000050012,Linköpings resecentrum,9022005001405002,Timmermansplatsen,day,218.7,8030,9011005021400000,0,218.7,8030
9022005000226002,Lövsbergsvägen,9022005001394002,Ekdalsvägen,day,48.66,15298,9011005021400000,0,51.84,8012
9022005000226002,Lövsbergsvägen,9022005001394002,Ekdalsvägen,day,48.66,15298,9011005021600000,0,45.16,7286
9022005000437002,Vårdsbergsvägen,9022005001398002,Strandängsvägen,day,94.49,8015,9011005021400000,0,94.49,8015
9022005001243002,Kungsgatan,9022005000050012,Linköpings resecentrum,day,183.21,15524,9011005021400000,0,247.63,7887
9022005001243002,Kungsgatan,9022005000050012,Linköpings resecentrum,day,183.21,15524,9011005021800000,0,116.69,7637
9022005001309002,Tornhagen,9022005000215004,Gamla Linköping,day,176.29,8105,9011005021400000,0,176.29,8105
9022005001318002,Ekhaga,9022005001330002,Kattfotstigen,day,84.63,8020,9011005021400000,0,84.63,8020
9022005001329002,Kryddvägen,9022005000045002,Resedan,day,54.29,8021,9011005021400000,0,54.29,8021
9022005001330002,Kattfotstigen,9022005001329002,Kryddvägen,day,32.28,8021,9011005021400000,0,32.28,8021
9022005001394002,Ekdalsvägen,9022005000437002,Vårdsbergsvägen,day,42.99,15299,9011005021400000,0,47.23,8014
9022005001394002,Ekdalsvägen,9022005000437002,Vårdsbergsvägen,day,42.99,15299,9011005021600000,0,38.32,7285
9022005001398002,Strandängsvägen,9022005001400002,Aspeliden,day,81.43,8013,9011005021400000,0,81.43,8013
9022005001400002,Aspeliden,9022005001401002,Kvinnebystigen,day,56.44,8014,9011005021400000,0,56.44,8014
9022005001401002,Kvinnebystigen,9022005003850002,Ektunavägen,day,52.0,8015,9011005021400000,0,52.0,8015
9022005001405002,Timmermansplatsen,9022005003849002,Abisko centrum,day,74.47,8043,9011005021400000,0,74.47,8043
9022005003748002,Gärdesgatan,9022005003908002,Lektorshagen,day,53.56,8105,9011005021400000,0,53.56,8105
9022005003849002,Abisko centrum,9022005003748002,Gärdesgatan,day,114.48,8105,9011005021400000,0,114.48,8105
9022005003850002,Ektunavägen,9022005000054002,Ekholmens centrum,day,114.54,8017,9011005021400000,0,114.54,8017
9022005003908002,Lektorshagen,9022005001309002,Tornhagen,day,96.78,8105,9011005021400000,0,96.78,8105
9022005000046006,Trädgårdstorget,9022005000050012,Linköpings resecentrum,night,313.47,419,9011005021400000,0,365.55,210
9022005000046006,Trädgårdstorget,9022005000050012,Linköpings resecentrum,night,313.47,419,9011005021800000,0,261.15,209
9022005000050012,Linköpings resecentrum,9022005001405002,Timmermansplatsen,night,199.87,11428,9011005021400000,0,199.87,11428
9022005000226002,Lövsbergsvägen,9022005001394002,Ekdalsvägen,night,44.85,23154,9011005021400000,0,45.67,11402
9022005000226002,Lövsbergsvägen,9022005001394002,Ekdalsvägen,night,44.85,23154,9011005021600000,0,43.97,11132
9022005000226002,Lövsbergsvägen,9022005001394002,Ekdalsvägen,night,44.85,23154,9011005022200000,0,45.75,620
9022005000437002,Vårdsbergsvägen,9022005001398002,Strandängsvägen,night,90.13,12025,9011005021400000,0,90.24,11402
9022005000437002,Vårdsbergsvägen,9022005001398002,Strandängsvägen,night,90.13,12025,9011005022200000,0,88.21,623
9022005001243002,Kungsgatan,9022005000050012,Linköpings resecentrum,night,177.15,22848,9011005021400000,0,242.9,11215
9022005001243002,Kungsgatan,9022005000050012,Linköpings resecentrum,night,177.15,22848,9011005021800000,0,113.76,11633
9022005001309002,Tornhagen,9022005000215004,Gamla Linköping,night,178.96,11561,9011005021400000,0,178.96,11561
9022005001318002,Ekhaga,9022005001330002,Kattfotstigen,night,75.86,11408,9011005021400000,0,75.86,11408
9022005001329002,Kryddvägen,9022005000045002,Resedan,night,49.68,11409,9011005021400000,0,49.68,11409
9022005001330002,Kattfotstigen,9022005001329002,Kryddvägen,night,26.76,11408,9011005021400000,0,26.76,11408
9022005001394002,Ekdalsvägen,9022005000437002,Vårdsbergsvägen,night,36.59,23159,9011005021400000,0,38.15,11402
9022005001394002,Ekdalsvägen,9022005000437002,Vårdsbergsvägen,night,36.59,23159,9011005021600000,0,34.92,11134
9022005001394002,Ekdalsvägen,9022005000437002,Vårdsbergsvägen,night,36.59,23159,9011005022200000,0,37.94,623
9022005001398002,Strandängsvägen,9022005001400002,Aspeliden,night,75.42,12025,9011005021400000,0,75.57,11402
9022005001398002,Strandängsvägen,9022005001400002,Aspeliden,night,75.42,12025,9011005022200000,0,72.62,623
9022005001400002,Aspeliden,9022005001401002,Kvinnebystigen,night,48.03,12026,9011005021400000,0,48.19,11403
9022005001400002,Aspeliden,9022005001401002,Kvinnebystigen,night,48.03,12026,9011005022200000,0,45.07,623
9022005001401002,Kvinnebystigen,9022005003850002,Ektunavägen,night,42.7,12027,9011005021400000,0,42.83,11404
9022005001401002,Kvinnebystigen,9022005003850002,Ektunavägen,night,42.7,12027,9011005022200000,0,40.37,623
9022005001405002,Timmermansplatsen,9022005003849002,Abisko centrum,night,70.99,11496,9011005021400000,0,70.99,11496
9022005001405002,Timmermansplatsen,9022005003908002,Lektorshagen,night,59.0,7,9011005021400000,0,59.0,7
9022005003748002,Gärdesgatan,9022005003908002,Lektorshagen,night,49.96,11551,9011005021400000,0,49.96,11551
9022005003849002,Abisko centrum,9022005003748002,Gärdesgatan,night,104.39,11551,9011005021400000,0,104.39,11551
9022005003850002,Ektunavägen,9022005000054002,Ekholmens centrum,night,101.37,12028,9011005021400000,0,101.17,11405
9022005003850002,Ektunavägen,9022005000054002,Ekholmens centrum,night,101.37,12028,9011005022200000,0,104.97,623
9022005003908002,Lektorshagen,9022005001309002,Tornhagen,night,87.29,11560,9011005021400000,0,87.29,11560
9022005000046006,Trädgårdstorget,9022005000050012,Linköpings resecentrum,pm_rush,338.68,132,9011005021400000,0,384.65,66
9022005000046006,Trädgårdstorget,9022005000050012,Linköpings resecentrum,pm_rush,338.68,132,9011005021800000,0,292.7,66
9022005000050012,Linköpings resecentrum,9022005001405002,Timmermansplatsen,pm_rush,244.23,3571,9011005021400000,0,244.23,3571
9022005000226002,Lövsbergsvägen,9022005001394002,Ekdalsvägen,pm_rush,50.17,8852,9011005021400000,0,52.75,3569
9022005000226002,Lövsbergsvägen,9022005001394002,Ekdalsvägen,pm_rush,50.17,8852,9011005021600000,0,46.74,3426
9022005000226002,Lövsbergsvägen,9022005001394002,Ekdalsvägen,pm_rush,50.17,8852,9011005022200000,0,51.55,1857
9022005000437002,Vårdsbergsvägen,9022005001398002,Strandängsvägen,pm_rush,98.62,5430,9011005021400000,0,100.32,3569
9022005000437002,Vårdsbergsvägen,9022005001398002,Strandängsvägen,pm_rush,98.62,5430,9011005022200000,0,95.35,1861
9022005001243002,Kungsgatan,9022005000050012,Linköpings resecentrum,pm_rush,177.06,7128,9011005021400000,0,230.61,3505
9022005001243002,Kungsgatan,9022005000050012,Linköpings resecentrum,pm_rush,177.06,7128,9011005021800000,0,125.25,3623
9022005001309002,Tornhagen,9022005000215004,Gamla Linköping,pm_rush,158.59,3598,9011005021400000,0,158.59,3598
9022005001318002,Ekhaga,9022005001330002,Kattfotstigen,pm_rush,93.76,3570,9011005021400000,0,93.76,3570
9022005001329002,Kryddvägen,9022005000045002,Resedan,pm_rush,57.64,3570,9011005021400000,0,57.64,3570
9022005001330002,Kattfotstigen,9022005001329002,Kryddvägen,pm_rush,33.64,3570,9011005021400000,0,33.64,3570
9022005001394002,Ekdalsvägen,9022005000437002,Vårdsbergsvägen,pm_rush,43.06,8855,9011005021400000,0,46.65,3569
9022005001394002,Ekdalsvägen,9022005000437002,Vårdsbergsvägen,pm_rush,43.06,8855,9011005021600000,0,39.11,3426
9022005001394002,Ekdalsvägen,9022005000437002,Vårdsbergsvägen,pm_rush,43.06,8855,9011005022200000,0,43.46,1860
9022005001398002,Strandängsvägen,9022005001400002,Aspeliden,pm_rush,80.92,5430,9011005021400000,0,83.03,3569
9022005001398002,Strandängsvägen,9022005001400002,Aspeliden,pm_rush,80.92,5430,9011005022200000,0,76.86,1861
9022005001400002,Aspeliden,9022005001401002,Kvinnebystigen,pm_rush,53.36,5431,9011005021400000,0,56.87,3570
9022005001400002,Aspeliden,9022005001401002,Kvinnebystigen,pm_rush,53.36,5431,9011005022200000,0,46.63,1861
9022005001401002,Kvinnebystigen,9022005003850002,Ektunavägen,pm_rush,48.3,5431,9011005021400000,0,51.92,3570
9022005001401002,Kvinnebystigen,9022005003850002,Ektunavägen,pm_rush,48.3,5431,9011005022200000,0,41.35,1861
9022005001405002,Timmermansplatsen,9022005003849002,Abisko centrum,pm_rush,80.23,3573,9011005021400000,0,80.23,3573
9022005003748002,Gärdesgatan,9022005003908002,Lektorshagen,pm_rush,55.93,3596,9011005021400000,0,55.93,3596
9022005003849002,Abisko centrum,9022005003748002,Gärdesgatan,pm_rush,119.26,3595,9011005021400000,0,119.26,3595
9022005003850002,Ektunavägen,9022005000054002,Ekholmens centrum,pm_rush,118.6,5430,9011005021400000,0,122.79,3570
9022005003850002,Ektunavägen,9022005000054002,Ekholmens centrum,pm_rush,118.6,5430,9011005022200000,0,110.55,1860
9022005003908002,Lektorshagen,9022005001309002,Tornhagen,pm_rush,98.81,3598,9011005021400000,0,98.81,3598
9022005000046006,Trädgårdstorget,9022005000050012,Linköpings resecentrum,weekend,329.83,269,9011005021400000,0,390.68,136
9022005000046006,Trädgårdstorget,9022005000050012,Linköpings resecentrum,weekend,329.83,269,9011005021800000,0,267.6,133
9022005000050012,Linköpings resecentrum,9022005001309002,Tornhagen,weekend,140.61,67,9011005021400000,0,140.61,67
9022005000050012,Linköpings resecentrum,9022005001405002,Timmermansplatsen,weekend,201.31,8550,9011005021400000,0,201.31,8550
9022005000226002,Lövsbergsvägen,9022005001394002,Ekdalsvägen,weekend,45.36,17252,9011005021400000,0,46.79,8536
9022005000226002,Lövsbergsvägen,9022005001394002,Ekdalsvägen,weekend,45.36,17252,9011005021600000,0,43.96,8716
9022005000437002,Vårdsbergsvägen,9022005001398002,Strandängsvägen,weekend,90.89,8537,9011005021400000,0,90.89,8537
9022005001243002,Kungsgatan,9022005000050012,Linköpings resecentrum,weekend,186.82,16889,9011005021400000,0,261.87,8463
9022005001243002,Kungsgatan,9022005000050012,Linköpings resecentrum,weekend,186.82,16889,9011005021800000,0,111.44,8426
9022005001309002,Tornhagen,9022005000215004,Gamla Linköping,weekend,181.64,8695,9011005021400000,0,181.64,8695
9022005001318002,Ekhaga,9022005001330002,Kattfotstigen,weekend,77.51,8540,9011005021400000,0,77.51,8540
9022005001329002,Kryddvägen,9022005000045002,Resedan,weekend,51.54,8542,9011005021400000,0,51.54,8542
9022005001330002,Kattfotstigen,9022005001329002,Kryddvägen,weekend,28.47,8542,9011005021400000,0,28.47,8542
9022005001394002,Ekdalsvägen,9022005000437002,Vårdsbergsvägen,weekend,38.25,17253,9011005021400000,0,40.53,8537
9022005001394002,Ekdalsvägen,9022005000437002,Vårdsbergsvägen,weekend,38.25,17253,9011005021600000,0,36.01,8716
9022005001398002,Strandängsvägen,9022005001400002,Aspeliden,weekend,76.38,8537,9011005021400000,0,76.38,8537
9022005001400002,Aspeliden,9022005001401002,Kvinnebystigen,weekend,49.87,8539,9011005021400000,0,49.87,8539
9022005001401002,Kvinnebystigen,9022005003850002,Ektunavägen,weekend,43.92,8540,9011005021400000,0,43.92,8540
9022005001405002,Timmermansplatsen,9022005003849002,Abisko centrum,weekend,71.84,8598,9011005021400000,0,71.84,8598
9022005003748002,Gärdesgatan,9022005003908002,Lektorshagen,weekend,49.86,8628,9011005021400000,0,49.86,8628
9022005003849002,Abisko centrum,9022005003748002,Gärdesgatan,weekend,104.56,8628,9011005021400000,0,104.56,8628
9022005003850002,Ektunavägen,9022005000054002,Ekholmens centrum,weekend,104.38,8540,9011005021400000,0,104.38,8540
9022005003908002,Lektorshagen,9022005001309002,Tornhagen,weekend,86.22,8628,9011005021400000,0,86.22,8628
9022005000050001,Linköpings resecentrum,9022005000046003,Trädgårdstorget,am_rush,293.2,86,9011005021400000,1,293.2,86
9022005000050001,Linköpings resecentrum,9022005001243001,Kungsgatan,am_rush,146.09,4672,9011005021400000,1,146.09,4672
9022005000054001,Ekholmens centrum,9022005003850001,Ektunavägen,am_rush,84.21,7767,9011005021400000,1,85.88,4766
9022005000054001,Ekholmens centrum,9022005003850001,Ektunavägen,am_rush,84.21,7767,9011005022200000,1,81.55,3001
9022005000226001,Lövsbergsvägen,9022005000416002,Aspnäset,am_rush,94.11,7772,9011005021400000,1,78.06,4766
9022005000226001,Lövsbergsvägen,9022005000416002,Aspnäset,am_rush,94.11,7772,9011005022200000,1,119.56,3006
9022005000437001,Vårdsbergsvägen,9022005001394001,Ekdalsvägen,am_rush,49.35,12505,9011005021400000,1,49.3,4766
9022005000437001,Vårdsbergsvägen,9022005001394001,Ekdalsvägen,am_rush,49.35,12505,9011005021600000,1,44.75,4733
9022005000437001,Vårdsbergsvägen,9022005001394001,Ekdalsvägen,am_rush,49.35,12505,9011005022200000,1,56.68,3006
9022005001224001,Åleryd,9022005001329001,Kryddvägen,am_rush,28.5,4764,9011005021400000,1,28.5,4764
9022005001231001,Ridhusgatan,9022005001224001,Åleryd,am_rush,80.48,4764,9011005021400000,1,80.48,4764
9022005001309001,Tornhagen,9022005003908001,Lektorshagen,am_rush,98.44,4758,9011005021400000,1,98.44,4758
9022005001329001,Kryddvägen,9022005001330001,Kattfotstigen,am_rush,29.62,4765,9011005021400000,1,29.62,4765
9022005001330001,Kattfotstigen,9022005001318001,Ekhaga,am_rush,69.35,4766,9011005021400000,1,69.35,4766
9022005001394001,Ekdalsvägen,9022005000226001,Lövsbergsvägen,am_rush,49.47,12505,9011005021400000,1,46.8,4766
9022005001394001,Ekdalsvägen,9022005000226001,Lövsbergsvägen,am_rush,49.47,12505,9011005021600000,1,46.93,4733
9022005001394001,Ekdalsvägen,9022005000226001,Lövsbergsvägen,am_rush,49.47,12505,9011005022200000,1,57.71,3006
9022005001398001,Strandängsvägen,9022005000437001,Vårdsbergsvägen,am_rush,84.91,7771,9011005021400000,1,86.1,4766
9022005001398001,Strandängsvägen,9022005000437001,Vårdsbergsvägen,am_rush,84.91,7771,9011005022200000,1,83.03,3005
9022005001400001,Aspeliden,9022005001398001,Strandängsvägen,am_rush,68.04,7771,9011005021400000,1,65.82,4766
9022005001400001,Aspeliden,9022005001398001,Strandängsvägen,am_rush,68.04,7771,9011005022200000,1,71.56,3005
9022005001401001,Kvinnebystigen,9022005001400001,Aspeliden,am_rush,51.43,7770,9011005021400000,1,51.71,4766
9022005001401001,Kvinnebystigen,9022005001400001,Aspeliden,am_rush,51.43,7770,9011005022200000,1,50.98,3004
9022005001405001,Timmermansplatsen,9022005000050001,Linköpings resecentrum,am_rush,303.52,4758,9011005021400000,1,303.52,4758
9022005003748001,Gärdesgatan,9022005003849001,Abisko centrum,am_rush,115.81,4759,9011005021400000,1,115.81,4759
9022005003849001,Abisko centrum,9022005001405001,Timmermansplatsen,am_rush,84.29,4759,9011005021400000,1,84.29,4759
9022005003850001,Ektunavägen,9022005001401001,Kvinnebystigen,am_rush,55.87,7769,9011005021400000,1,57.26,4766
9022005003850001,Ektunavägen,9022005001401001,Kvinnebystigen,am_rush,55.87,7769,9011005022200000,1,53.67,3003
9022005003908001,Lektorshagen,9022005003748001,Gärdesgatan,am_rush,62.15,4758,9011005021400000,1,62.15,4758
9022005000050001,Linköpings resecentrum,9022005000046003,Trädgårdstorget,day,328.03,143,9011005021400000,1,328.03,143
9022005000050001,Linköpings resecentrum,9022005001243001,Kungsgatan,day,154.71,8340,9011005021400000,1,154.71,8340
9022005000054001,Ekholmens centrum,9022005003850001,Ektunavägen,day,91.03,8500,9011005021400000,1,91.03,8500
9022005000226001,Lövsbergsvägen,9022005000416002,Aspnäset,day,72.32,8501,9011005021400000,1,72.32,8501
9022005000437001,Vårdsbergsvägen,9022005001394001,Ekdalsvägen,day,51.43,16508,9011005021400000,1,54.67,8501
9022005000437001,Vårdsbergsvägen,9022005001394001,Ekdalsvägen,day,51.43,16508,9011005021600000,1,47.99,8007
9022005001224001,Åleryd,9022005001329001,Kryddvägen,day,31.35,8499,9011005021400000,1,31.35,8499
9022005001231001,Ridhusgatan,9022005001224001,Åleryd,day,78.81,8499,9011005021400000,1,78.81,8499
9022005001309001,Tornhagen,9022005003908001,Lektorshagen,day,94.58,8479,9011005021400000,1,94.58,8479
9022005001329001,Kryddvägen,9022005001330001,Kattfotstigen,day,32.15,8500,9011005021400000,1,32.15,8500
9022005001330001,Kattfotstigen,9022005001318001,Ekhaga,day,76.12,8500,9011005021400000,1,76.12,8500
9022005001394001,Ekdalsvägen,9022005000226001,Lövsbergsvägen,day,48.7,16508,9011005021400000,1,49.65,8501
9022005001394001,Ekdalsvägen,9022005000226001,Lövsbergsvägen,day,48.7,16508,9011005021600000,1,47.69,8007
9022005001398001,Strandängsvägen,9022005000437001,Vårdsbergsvägen,day,92.17,8501,9011005021400000,1,92.17,8501
9022005001400001,Aspeliden,9022005001398001,Strandängsvägen,day,71.01,8501,9011005021400000,1,71.01,8501
9022005001401001,Kvinnebystigen,9022005001400001,Aspeliden,day,56.74,8501,9011005021400000,1,56.74,8501
9022005001405001,Timmermansplatsen,9022005000050001,Linköpings resecentrum,day,325.48,8484,9011005021400000,1,325.48,8484
9022005003748001,Gärdesgatan,9022005003849001,Abisko centrum,day,115.56,8483,9011005021400000,1,115.56,8483
9022005003849001,Abisko centrum,9022005001405001,Timmermansplatsen,day,84.04,8484,9011005021400000,1,84.04,8484
9022005003850001,Ektunavägen,9022005001401001,Kvinnebystigen,day,60.17,8501,9011005021400000,1,60.17,8501
9022005003908001,Lektorshagen,9022005003748001,Gärdesgatan,day,62.98,8480,9011005021400000,1,62.98,8480
9022005000050001,Linköpings resecentrum,9022005000046003,Trädgårdstorget,night,261.2,199,9011005021400000,1,261.2,199
9022005000050001,Linköpings resecentrum,9022005001243001,Kungsgatan,night,133.52,11323,9011005021400000,1,133.52,11323
9022005000054001,Ekholmens centrum,9022005003850001,Ektunavägen,night,76.06,11597,9011005021400000,1,76.06,11597
9022005000226001,Lövsbergsvägen,9022005000416002,Aspnäset,night,74.17,11597,9011005021400000,1,74.17,11597
9022005000437001,Vårdsbergsvägen,9022005001394001,Ekdalsvägen,night,48.0,22733,9011005021400000,1,51.41,11597
9022005000437001,Vårdsbergsvägen,9022005001394001,Ekdalsvägen,night,48.0,22733,9011005021600000,1,44.45,11136
9022005001224001,Åleryd,9022005001329001,Kryddvägen,night,30.48,11596,9011005021400000,1,30.48,11596
9022005001231001,Ridhusgatan,9022005001224001,Åleryd,night,74.92,11584,9011005021400000,1,74.92,11584
9022005001309001,Tornhagen,9022005003908001,Lektorshagen,night,89.88,11521,9011005021400000,1,89.88,11521
9022005001329001,Kryddvägen,9022005001330001,Kattfotstigen,night,29.56,11597,9011005021400000,1,29.56,11597
9022005001330001,Kattfotstigen,9022005001318001,Ekhaga,night,68.9,11597,9011005021400000,1,68.9,11597
9022005001394001,Ekdalsvägen,9022005000226001,Lövsbergsvägen,night,47.74,22734,9011005021400000,1,48.94,11597
9022005001394001,Ekdalsvägen,9022005000226001,Lövsbergsvägen,night,47.74,22734,9011005021600000,1,46.5,11137
9022005001398001,Strandängsvägen,9022005000437001,Vårdsbergsvägen,night,86.8,11597,9011005021400000,1,86.8,11597
9022005001400001,Aspeliden,9022005001398001,Strandängsvägen,night,69.36,11597,9011005021400000,1,69.36,11597
9022005001401001,Kvinnebystigen,9022005001400001,Aspeliden,night,53.66,11597,9011005021400000,1,53.66,11597
9022005001405001,Timmermansplatsen,9022005000050001,Linköpings resecentrum,night,296.65,11520,9011005021400000,1,296.65,11520
9022005003748001,Gärdesgatan,9022005003849001,Abisko centrum,night,103.43,11519,9011005021400000,1,103.43,11519
9022005003849001,Abisko centrum,9022005001405001,Timmermansplatsen,night,72.35,11520,9011005021400000,1,72.35,11520
9022005003850001,Ektunavägen,9022005001401001,Kvinnebystigen,night,57.74,11597,9011005021400000,1,57.74,11597
9022005003908001,Lektorshagen,9022005003748001,Gärdesgatan,night,53.15,11520,9011005021400000,1,53.15,11520
9022005000050001,Linköpings resecentrum,9022005000046003,Trädgårdstorget,pm_rush,313.98,66,9011005021400000,1,313.98,66
9022005000050001,Linköpings resecentrum,9022005001243001,Kungsgatan,pm_rush,171.44,3638,9011005021400000,1,171.44,3638
9022005000054001,Ekholmens centrum,9022005003850001,Ektunavägen,pm_rush,106.09,3708,9011005021400000,1,106.09,3708
9022005000226001,Lövsbergsvägen,9022005000416002,Aspnäset,pm_rush,78.89,3709,9011005021400000,1,78.89,3709
9022005000437001,Vårdsbergsvägen,9022005001394001,Ekdalsvägen,pm_rush,57.26,7252,9011005021400000,1,60.46,3709
9022005000437001,Vårdsbergsvägen,9022005001394001,Ekdalsvägen,pm_rush,57.26,7252,9011005021600000,1,53.91,3543
9022005001224001,Åleryd,9022005001329001,Kryddvägen,pm_rush,39.36,3709,9011005021400000,1,39.36,3709
9022005001231001,Ridhusgatan,9022005001224001,Åleryd,pm_rush,83.17,3709,9011005021400000,1,83.17,3709
9022005001309001,Tornhagen,9022005003908001,Lektorshagen,pm_rush,97.77,3702,9011005021400000,1,97.77,3702
9022005001329001,Kryddvägen,9022005001330001,Kattfotstigen,pm_rush,39.67,3709,9011005021400000,1,39.67,3709
9022005001330001,Kattfotstigen,9022005001318001,Ekhaga,pm_rush,84.93,3708,9011005021400000,1,84.93,3708
9022005001394001,Ekdalsvägen,9022005000226001,Lövsbergsvägen,pm_rush,55.18,7252,9011005021400000,1,57.72,3709
9022005001394001,Ekdalsvägen,9022005000226001,Lövsbergsvägen,pm_rush,55.18,7252,9011005021600000,1,52.53,3543
9022005001398001,Strandängsvägen,9022005000437001,Vårdsbergsvägen,pm_rush,106.08,3709,9011005021400000,1,106.08,3709
9022005001400001,Aspeliden,9022005001398001,Strandängsvägen,pm_rush,78.33,3709,9011005021400000,1,78.33,3709
9022005001401001,Kvinnebystigen,9022005001400001,Aspeliden,pm_rush,63.75,3708,9011005021400000,1,63.75,3708
9022005001405001,Timmermansplatsen,9022005000050001,Linköpings resecentrum,pm_rush,340.55,3703,9011005021400000,1,340.55,3703
9022005003748001,Gärdesgatan,9022005003849001,Abisko centrum,pm_rush,119.05,3702,9011005021400000,1,119.05,3702
9022005003849001,Abisko centrum,9022005001405001,Timmermansplatsen,pm_rush,85.5,3702,9011005021400000,1,85.5,3702
9022005003850001,Ektunavägen,9022005001401001,Kvinnebystigen,pm_rush,67.3,3708,9011005021400000,1,67.3,3708
9022005003908001,Lektorshagen,9022005003748001,Gärdesgatan,pm_rush,65.96,3702,9011005021400000,1,65.96,3702
9022005000050001,Linköpings resecentrum,9022005000046003,Trädgårdstorget,weekend,255.97,140,9011005021400000,1,255.97,140
9022005000050001,Linköpings resecentrum,9022005001243001,Kungsgatan,weekend,128.81,8954,9011005021400000,1,128.81,8954
9022005000054001,Ekholmens centrum,9022005003850001,Ektunavägen,weekend,77.34,9212,9011005021400000,1,77.34,9212
9022005000226001,Lövsbergsvägen,9022005000416002,Aspnäset,weekend,77.93,9212,9011005021400000,1,77.93,9212
9022005000437001,Vårdsbergsvägen,9022005001394001,Ekdalsvägen,weekend,47.3,18470,9011005021400000,1,50.76,9212
9022005000437001,Vårdsbergsvägen,9022005001394001,Ekdalsvägen,weekend,47.3,18470,9011005021600000,1,43.85,9258
9022005001224001,Åleryd,9022005001329001,Kryddvägen,weekend,28.95,9211,9011005021400000,1,28.95,9211
9022005001231001,Ridhusgatan,9022005001224001,Åleryd,weekend,74.86,9206,9011005021400000,1,74.86,9206
9022005001309001,Tornhagen,9022005003908001,Lektorshagen,weekend,89.49,9163,9011005021400000,1,89.49,9163
9022005001329001,Kryddvägen,9022005001330001,Kattfotstigen,weekend,28.48,9211,9011005021400000,1,28.48,9211
9022005001330001,Kattfotstigen,9022005001318001,Ekhaga,weekend,70.15,9211,9011005021400000,1,70.15,9211
9022005001394001,Ekdalsvägen,9022005000226001,Lövsbergsvägen,weekend,46.1,18470,9011005021400000,1,46.98,9212
9022005001394001,Ekdalsvägen,9022005000226001,Lövsbergsvägen,weekend,46.1,18470,9011005021600000,1,45.23,9258
9022005001398001,Strandängsvägen,9022005000437001,Vårdsbergsvägen,weekend,86.94,9212,9011005021400000,1,86.94,9212
9022005001400001,Aspeliden,9022005001398001,Strandängsvägen,weekend,67.8,9212,9011005021400000,1,67.8,9212
9022005001401001,Kvinnebystigen,9022005001400001,Aspeliden,weekend,50.28,9212,9011005021400000,1,50.28,9212
9022005001405001,Timmermansplatsen,9022005000050001,Linköpings resecentrum,weekend,304.24,9094,9011005021400000,1,304.24,9094
9022005003748001,Gärdesgatan,9022005003849001,Abisko centrum,weekend,105.6,9094,9011005021400000,1,105.6,9094
9022005003849001,Abisko centrum,9022005001405001,Timmermansplatsen,weekend,73.66,9094,9011005021400000,1,73.66,9094
9022005003850001,Ektunavägen,9022005001401001,Kvinnebystigen,weekend,54.59,9212,9011005021400000,1,54.59,9212
9022005003908001,Lektorshagen,9022005001243001,Kungsgatan,weekend,137.89,70,9011005021400000,1,137.89,70
9022005003908001,Lektorshagen,9022005003748001,Gärdesgatan,weekend,54.8,9094,9011005021400000,1,54.8,9094
9022005000046006,Trädgårdstorget,9022005000050001,Linköpings resecentrum,am_rush,329.12,98,9011005021500000,0,329.12,98
9022005000507002,Fagottgatan,9022005004088002,Fornvägen,am_rush,114.15,5439,9011005021500000,0,114.15,5439
9022005001243002,Kungsgatan,9022005000050001,Linköpings resecentrum,am_rush,138.29,5352,9011005021500000,0,138.29,5352
9022005001598002,Ullstämma by,9022005003838001,Morgongatan,am_rush,68.56,13238,9011005021500000,0,78.89,5441
9022005001598002,Ullstämma by,9022005003838001,Morgongatan,am_rush,68.56,13238,9011005021700000,0,58.95,4791
9022005001598002,Ullstämma by,9022005003838001,Morgongatan,am_rush,68.56,13238,9011005022200000,1,65.16,3006
9022005003838001,Morgongatan,9022005001233002,Grindgatan,am_rush,80.58,8448,9011005021500000,0,80.95,5442
9022005003838001,Morgongatan,9022005001233002,Grindgatan,am_rush,80.58,8448,9011005022200000,1,79.9,3006
9022005004087002,Ullstämmavägen,9022005001598002,Ullstämma by,am_rush,88.12,5440,9011005021500000,0,88.12,5440
9022005004088002,Fornvägen,9022005004087002,Ullstämmavägen,am_rush,50.48,5439,9011005021500000,0,50.48,5439
9022005000046006,Trädgårdstorget,9022005000050001,Linköpings resecentrum,day,317.38,132,9011005021500000,0,317.38,132
9022005000507002,Fagottgatan,9022005004088002,Fornvägen,day,105.95,7745,9011005021500000,0,105.95,7745
9022005001243002,Kungsgatan,9022005000050001,Linköpings resecentrum,day,141.47,7634,9011005021500000,0,141.47,7634
9022005001598002,Ullstämma by,9022005003838001,Morgongatan,day,63.98,15864,9011005021500000,0,73.13,7750
9022005001598002,Ullstämma by,9022005003838001,Morgongatan,day,63.98,15864,9011005021700000,0,55.25,8114
9022005003838001,Morgongatan,9022005001233002,Grindgatan,day,73.67,7751,9011005021500000,0,73.67,7751
9022005004087002,Ullstämmavägen,9022005001598002,Ullstämma by,day,78.15,7747,9011005021500000,0,78.15,7747
9022005004088002,Fornvägen,9022005004087002,Ullstämmavägen,day,43.49,7745,9011005021500000,0,43.49,7745
9022005000046006,Trädgårdstorget,9022005000050001,Linköpings resecentrum,night,292.88,210,9011005021500000,0,292.88,210
9022005000507002,Fagottgatan,9022005004088002,Fornvägen,night,103.35,11216,9011005021500000,0,103.35,11216
9022005001243002,Kungsgatan,9022005000050001,Linköpings resecentrum,night,148.09,11090,9011005021500000,0,148.09,11090
9022005001598002,Ullstämma by,9022005003838001,Morgongatan,night,59.0,22511,9011005021500000,0,67.14,11284
9022005001598002,Ullstämma by,9022005003838001,Morgongatan,night,59.0,22511,9011005021700000,0,50.82,11227
9022005003838001,Morgongatan,9022005001233002,Grindgatan,night,71.52,11285,9011005021500000,0,71.52,11285
9022005004087002,Ullstämmavägen,9022005001598002,Ullstämma by,night,70.95,11269,9011005021500000,0,70.95,11269
9022005004088002,Fornvägen,9022005004087002,Ullstämmavägen,night,37.91,11220,9011005021500000,0,37.91,11220
9022005000046006,Trädgårdstorget,9022005000050001,Linköpings resecentrum,pm_rush,318.83,66,9011005021500000,0,318.83,66
9022005000507002,Fagottgatan,9022005004088002,Fornvägen,pm_rush,106.15,3682,9011005021500000,0,106.15,3682
9022005001243002,Kungsgatan,9022005000050001,Linköpings resecentrum,pm_rush,148.06,3618,9011005021500000,0,148.06,3618
9022005001598002,Ullstämma by,9022005003838001,Morgongatan,pm_rush,63.53,7277,9011005021500000,0,70.36,3682
9022005001598002,Ullstämma by,9022005003838001,Morgongatan,pm_rush,63.53,7277,9011005021700000,0,56.54,3595
9022005003838001,Morgongatan,9022005001233002,Grindgatan,pm_rush,73.82,3682,9011005021500000,0,73.82,3682
9022005004087002,Ullstämmavägen,9022005001598002,Ullstämma by,pm_rush,76.82,3682,9011005021500000,0,76.82,3682
9022005004088002,Fornvägen,9022005004087002,Ullstämmavägen,pm_rush,40.68,3682,9011005021500000,0,40.68,3682
9022005000046006,Trädgårdstorget,9022005000050001,Linköpings resecentrum,weekend,298.15,136,9011005021500000,0,298.15,136
9022005000507002,Fagottgatan,9022005004088002,Fornvägen,weekend,102.92,8502,9011005021500000,0,102.92,8502
9022005001243002,Kungsgatan,9022005000050001,Linköpings resecentrum,weekend,145.26,8432,9011005021500000,0,145.26,8432
9022005001598002,Ullstämma by,9022005003838001,Morgongatan,weekend,60.36,17439,9011005021500000,0,69.46,8550
9022005001598002,Ullstämma by,9022005003838001,Morgongatan,weekend,60.36,17439,9011005021700000,0,51.6,8889
9022005003838001,Morgongatan,9022005001233002,Grindgatan,weekend,72.59,8550,9011005021500000,0,72.59,8550
9022005004087002,Ullstämmavägen,9022005001598002,Ullstämma by,weekend,71.66,8535,9011005021500000,0,71.66,8535
9022005004088002,Fornvägen,9022005004087002,Ullstämmavägen,weekend,39.51,8503,9011005021500000,0,39.51,8503
9022005000507001,Fagottgatan,9022005000508001,Klarinettgatan,am_rush,60.44,5454,9011005021500000,1,60.44,5454
9022005001233001,Grindgatan,9022005003838002,Morgongatan,am_rush,82.53,5455,9011005021500000,1,82.53,5455
9022005001598001,Ullstämma by,9022005004087001,Ullstämmavägen,am_rush,60.06,5454,9011005021500000,1,60.06,5454
9022005003838002,Morgongatan,9022005001598001,Ullstämma by,am_rush,59.45,10288,9011005021500000,1,61.62,5455
9022005003838002,Morgongatan,9022005001598001,Ullstämma by,am_rush,59.45,10288,9011005021700000,1,57.0,4833
9022005004087001,Ullstämmavägen,9022005004088001,Fornvägen,am_rush,35.75,5454,9011005021500000,1,35.75,5454
9022005004088001,Fornvägen,9022005000507001,Fagottgatan,am_rush,106.65,5454,9011005021500000,1,106.65,5454
9022005000507001,Fagottgatan,9022005000508001,Klarinettgatan,day,62.16,8340,9011005021500000,1,62.16,8340
9022005001233001,Grindgatan,9022005003838002,Morgongatan,day,86.59,8343,9011005021500000,1,86.59,8343
9022005001598001,Ullstämma by,9022005004087001,Ullstämmavägen,day,62.92,8343,9011005021500000,1,62.92,8343
9022005003838002,Morgongatan,9022005001598001,Ullstämma by,day,61.71,16557,9011005021500000,1,67.11,8343
9022005003838002,Morgongatan,9022005001598001,Ullstämma by,day,61.71,16557,9011005021700000,1,56.23,8214
9022005004087001,Ullstämmavägen,9022005004088001,Fornvägen,day,39.78,8341,9011005021500000,1,39.78,8341
9022005004088001,Fornvägen,9022005000507001,Fagottgatan,day,107.46,8340,9011005021500000,1,107.46,8340
9022005000507001,Fagottgatan,9022005000508001,Klarinettgatan,night,56.43,9933,9011005021500000,1,56.43,9933
9022005001233001,Grindgatan,9022005003838002,Morgongatan,night,86.56,10553,9011005021500000,1,86.86,9936
9022005001233001,Grindgatan,9022005003838002,Morgongatan,night,86.56,10553,9011005022200000,0,81.76,617
9022005001598001,Ullstämma by,9022005004087001,Ullstämmavägen,night,61.31,9935,9011005021500000,1,61.31,9935
9022005003838002,Morgongatan,9022005001598001,Ullstämma by,night,60.29,21268,9011005021500000,1,65.21,9935
9022005003838002,Morgongatan,9022005001598001,Ullstämma by,night,60.29,21268,9011005021700000,1,55.57,10716
9022005003838002,Morgongatan,9022005001598001,Ullstämma by,night,60.29,21268,9011005022200000,0,62.9,617
9022005004087001,Ullstämmavägen,9022005004088001,Fornvägen,night,38.38,9933,9011005021500000,1,38.38,9933
9022005004088001,Fornvägen,9022005000507001,Fagottgatan,night,104.31,9933,9011005021500000,1,104.31,9933
9022005000507001,Fagottgatan,9022005000508001,Klarinettgatan,pm_rush,60.06,3698,9011005021500000,1,60.06,3698
9022005001233001,Grindgatan,9022005003838002,Morgongatan,pm_rush,95.67,5553,9011005021500000,1,100.84,3698
9022005001233001,Grindgatan,9022005003838002,Morgongatan,pm_rush,95.67,5553,9011005022200000,0,85.35,1855
9022005001598001,Ullstämma by,9022005004087001,Ullstämmavägen,pm_rush,70.62,3698,9011005021500000,1,70.62,3698
9022005003838002,Morgongatan,9022005001598001,Ullstämma by,pm_rush,71.22,8643,9011005021500000,1,78.01,3698
9022005003838002,Morgongatan,9022005001598001,Ullstämma by,pm_rush,71.22,8643,9011005021700000,1,65.6,3090
9022005003838002,Morgongatan,9022005001598001,Ullstämma by,pm_rush,71.22,8643,9011005022200000,0,67.06,1855
9022005004087001,Ullstämmavägen,9022005004088001,Fornvägen,pm_rush,44.27,3698,9011005021500000,1,44.27,3698
9022005004088001,Fornvägen,9022005000507001,Fagottgatan,pm_rush,115.24,3698,9011005021500000,1,115.24,3698
9022005000507001,Fagottgatan,9022005000508001,Klarinettgatan,weekend,64.11,8584,9011005021500000,1,64.11,8584
9022005001233001,Grindgatan,9022005003838002,Morgongatan,weekend,81.09,8584,9011005021500000,1,81.09,8584
9022005001598001,Ullstämma by,9022005004087001,Ullstämmavägen,weekend,58.34,8584,9011005021500000,1,58.34,8584
9022005003838002,Morgongatan,9022005001598001,Ullstämma by,weekend,57.45,17496,9011005021500000,1,61.22,8584
9022005003838002,Morgongatan,9022005001598001,Ullstämma by,weekend,57.45,17496,9011005021700000,1,53.82,8912
9022005004087001,Ullstämmavägen,9022005004088001,Fornvägen,weekend,35.48,8584,9011005021500000,1,35.48,8584
9022005004088001,Fornvägen,9022005000507001,Fagottgatan,weekend,102.18,8584,9011005021500000,1,102.18,8584
9022005000050019,Linköpings resecentrum,9022005000046003,Trädgårdstorget,am_rush,380.23,87,9011005021600000,0,380.23,87
9022005000050019,Linköpings resecentrum,9022005001243001,Kungsgatan,am_rush,204.42,4469,9011005021600000,0,204.42,4469
9022005000412001,Rotegatan,9022005001430002,Berga centrum,am_rush,519.71,137,9011005021600000,0,519.71,137
9022005000412001,Rotegatan,9022005001431001,Pionjärgatan,am_rush,94.83,9575,9011005021600000,0,90.78,4872
9022005000412001,Rotegatan,9022005001431001,Pionjärgatan,am_rush,94.83,9575,9011005021700000,1,99.03,4703
9022005000421001,Tannefors center,9022005001424001,Korngatan,am_rush,70.12,4559,9011005021600000,0,70.12,4559
9022005000422001,Ljunghagsvägen,9022005001435001,Vårgård,am_rush,58.74,4552,9011005021600000,0,58.74,4552
9022005000437002,Vårdsbergsvägen,9022005001396001,Hjulsbro skola,am_rush,87.61,4552,9011005021600000,0,87.61,4552
9022005001249001,US Södra entrén,9022005004186001,Tinnerbäcksgränd,am_rush,93.36,9829,9011005021600000,0,92.86,5007
9022005001249001,US Södra entrén,9022005004186001,Tinnerbäcksgränd,am_rush,93.36,9829,9011005021700000,1,93.88,4822
9022005001323001,Stationsgatan,9022005001426001,Vetegatan,am_rush,96.47,4558,9011005021600000,0,96.47,4558
9022005001396001,Hjulsbro skola,9022005001433001,Roshagsvägen,am_rush,77.21,4551,9011005021600000,0,77.21,4551
9022005001418001,Saab Södra,9022005001323001,Stationsgatan,am_rush,70.58,4556,9011005021600000,0,70.58,4556
9022005001419001,Saab Civila,9022005001418001,Saab Södra,am_rush,94.81,4553,9011005021600000,0,94.81,4553
9022005001421002,Landerydsvägen,9022005001419001,Saab Civila,am_rush,85.81,4553,9011005021600000,0,85.81,4553
9022005001422001,Humlegatan,9022005000050019,Linköpings resecentrum,am_rush,397.88,4557,9011005021600000,0,397.88,4557
9022005001424001,Korngatan,9022005001422001,Humlegatan,am_rush,69.52,4560,9011005021600000,0,69.52,4560
9022005001426001,Vetegatan,9022005000421001,Tannefors center,am_rush,46.59,4559,9011005021600000,0,46.59,4559
9022005001431001,Pionjärgatan,9022005001430001,Berga centrum,am_rush,71.0,9577,9011005021600000,0,60.21,4873
9022005001431001,Pionjärgatan,9022005001430001,Berga centrum,am_rush,71.0,9577,9011005021700000,1,82.17,4704
9022005001433001,Roshagsvägen,9022005000422001,Ljunghagsvägen,am_rush,62.39,4552,9011005021600000,0,62.39,4552
9022005001435001,Vårgård,9022005001445001,Hackefors södra,am_rush,54.94,4552,9011005021600000,0,54.94,4552
9022005001437001,Hackefors,9022005001421002,Landerydsvägen,am_rush,127.02,4008,9011005021600000,0,127.02,4008
9022005001437002,Hackefors,9022005001421002,Landerydsvägen,am_rush,130.54,545,9011005021600000,0,130.54,545
9022005001445001,Hackefors södra,9022005001437001,Hackefors,am_rush,65.71,4009,9011005021600000,0,65.71,4009
9022005001445001,Hackefors södra,9022005001437002,Hackefors,am_rush,53.95,545,9011005021600000,0,53.95,545
9022005004186001,Tinnerbäcksgränd,9022005000412001,Rotegatan,am_rush,110.33,9831,9011005021600000,0,107.76,5009
9022005004186001,Tinnerbäcksgränd,9022005000412001,Rotegatan,am_rush,110.33,9831,9011005021700000,1,112.99,4822
9022005000050019,Linköpings resecentrum,9022005000046003,Trädgårdstorget,day,357.78,132,9011005021600000,0,357.78,132
9022005000050019,Linköpings resecentrum,9022005001243001,Kungsgatan,day,187.29,7165,9011005021600000,0,187.29,7165
9022005000412001,Rotegatan,9022005001430002,Berga centrum,day,508.13,180,9011005021600000,0,508.13,180
9022005000412001,Rotegatan,9022005001431001,Pionjärgatan,day,102.39,15225,9011005021600000,0,101.57,7235
9022005000412001,Rotegatan,9022005001431001,Pionjärgatan,day,102.39,15225,9011005021700000,1,103.14,7990
9022005000421001,Tannefors center,9022005001424001,Korngatan,day,65.27,7298,9011005021600000,0,65.27,7298
9022005000422001,Ljunghagsvägen,9022005001435001,Vårgård,day,49.96,7286,9011005021600000,0,49.96,7286
9022005000437002,Vårdsbergsvägen,9022005001396001,Hjulsbro skola,day,82.36,7285,9011005021600000,0,82.36,7285
9022005001249001,US Södra entrén,9022005004186001,Tinnerbäcksgränd,day,100.23,15595,9011005021600000,0,98.87,7412
9022005001249001,US Södra entrén,9022005004186001,Tinnerbäcksgränd,day,100.23,15595,9011005021700000,1,101.47,8183
9022005001323001,Stationsgatan,9022005001426001,Vetegatan,day,102.93,7294,9011005021600000,0,102.93,7294
9022005001396001,Hjulsbro skola,9022005001433001,Roshagsvägen,day,72.61,7285,9011005021600000,0,72.61,7285
9022005001418001,Saab Södra,9022005001323001,Stationsgatan,day,59.02,7294,9011005021600000,0,59.02,7294
9022005001419001,Saab Civila,9022005001418001,Saab Södra,day,90.53,7908,9011005021600000,0,89.6,7293
9022005001419001,Saab Civila,9022005001418001,Saab Södra,day,90.53,7908,9011005022100000,0,101.5,615
9022005001421002,Landerydsvägen,9022005001419001,Saab Civila,day,83.72,7291,9011005021600000,0,83.72,7291
9022005001422001,Humlegatan,9022005000050019,Linköpings resecentrum,day,343.33,7297,9011005021600000,0,343.33,7297
9022005001424001,Korngatan,9022005001422001,Humlegatan,day,63.22,7919,9011005021600000,0,63.75,7298
9022005001424001,Korngatan,9022005001422001,Humlegatan,day,63.22,7919,9011005022100000,0,56.96,621
9022005001426001,Vetegatan,9022005000421001,Tannefors center,day,51.68,7295,9011005021600000,0,51.68,7295
9022005001431001,Pionjärgatan,9022005001430001,Berga centrum,day,76.75,15227,9011005021600000,0,57.89,7235
9022005001431001,Pionjärgatan,9022005001430001,Berga centrum,day,76.75,15227,9011005021700000,1,93.83,7992
9022005001433001,Roshagsvägen,9022005000422001,Ljunghagsvägen,day,55.06,7286,9011005021600000,0,55.06,7286
9022005001435001,Vårgård,9022005001445001,Hackefors södra,day,53.37,7291,9011005021600000,0,53.37,7291
9022005001437001,Hackefors,9022005001421002,Landerydsvägen,day,118.32,6448,9011005021600000,0,118.32,6448
9022005001437002,Hackefors,9022005001421002,Landerydsvägen,day,128.88,843,9011005021600000,0,128.88,843
9022005001445001,Hackefors södra,9022005001437001,Hackefors,day,65.2,6448,9011005021600000,0,65.2,6448
9022005001445001,Hackefors södra,9022005001437002,Hackefors,day,52.86,843,9011005021600000,0,52.86,843
9022005004186001,Tinnerbäcksgränd,9022005000412001,Rotegatan,day,113.17,15598,9011005021600000,0,111.59,7415
9022005004186001,Tinnerbäcksgränd,9022005000412001,Rotegatan,day,113.17,15598,9011005021700000,1,114.6,8183
9022005000050019,Linköpings resecentrum,9022005000046003,Trädgårdstorget,night,298.2,210,9011005021600000,0,298.2,210
9022005000050019,Linköpings resecentrum,9022005001243001,Kungsgatan,night,171.03,10951,9011005021600000,0,171.03,10951
9022005000412001,Rotegatan,9022005001430002,Berga centrum,night,509.97,284,9011005021600000,0,509.97,284
9022005000412001,Rotegatan,9022005001431001,Pionjärgatan,night,98.47,22078,9011005021600000,0,95.46,11060
9022005000412001,Rotegatan,9022005001431001,Pionjärgatan,night,98.47,22078,9011005021700000,1,101.65,10417
9022005000412001,Rotegatan,9022005001431001,Pionjärgatan,night,98.47,22078,9011005022200000,0,98.59,601
9022005000421001,Tannefors center,9022005001424001,Korngatan,night,58.66,11159,9011005021600000,0,58.66,11159
9022005000422001,Ljunghagsvägen,9022005001435001,Vårgård,night,43.49,11154,9011005021600000,0,43.49,11154
9022005000437002,Vårdsbergsvägen,9022005001396001,Hjulsbro skola,night,76.09,11135,9011005021600000,0,76.09,11135
9022005001249001,US Södra entrén,9022005004186001,Tinnerbäcksgränd,night,90.64,22015,9011005021600000,0,88.64,11342
9022005001249001,US Södra entrén,9022005004186001,Tinnerbäcksgränd,night,90.64,22015,9011005021700000,1,92.77,10673
9022005001323001,Stationsgatan,9022005001426001,Vetegatan,night,92.2,11156,9011005021600000,0,92.2,11156
9022005001396001,Hjulsbro skola,9022005001433001,Roshagsvägen,night,71.79,11137,9011005021600000,0,71.79,11137
9022005001418001,Saab Södra,9022005001323001,Stationsgatan,night,53.09,11155,9011005021600000,0,53.09,11155
9022005001419001,Saab Civila,9022005001418001,Saab Södra,night,85.81,12389,9011005021600000,0,84.7,11156
9022005001419001,Saab Civila,9022005001418001,Saab Södra,night,85.81,12389,9011005022100000,0,95.85,1233
9022005001421002,Landerydsvägen,9022005001419001,Saab Civila,night,105.35,11154,9011005021600000,0,105.35,11154
9022005001422001,Humlegatan,9022005000050019,Linköpings resecentrum,night,377.3,11159,9011005021600000,0,377.3,11159
9022005001424001,Korngatan,9022005001422001,Humlegatan,night,58.34,12396,9011005021600000,0,58.47,11160
9022005001424001,Korngatan,9022005001422001,Humlegatan,night,58.34,12396,9011005022100000,0,57.18,1236
9022005001426001,Vetegatan,9022005000421001,Tannefors center,night,38.83,11158,9011005021600000,0,38.83,11158
9022005001431001,Pionjärgatan,9022005001430001,Berga centrum,night,73.16,22078,9011005021600000,0,57.68,11060
9022005001431001,Pionjärgatan,9022005001430001,Berga centrum,night,73.16,22078,9011005021700000,1,88.76,10417
9022005001431001,Pionjärgatan,9022005001430001,Berga centrum,night,73.16,22078,9011005022200000,0,87.53,601
9022005001433001,Roshagsvägen,9022005000422001,Ljunghagsvägen,night,49.21,11144,9011005021600000,0,49.21,11144
9022005001435001,Vårgård,9022005001445001,Hackefors södra,night,52.0,11154,9011005021600000,0,52.0,11154
9022005001437001,Hackefors,9022005001421002,Landerydsvägen,night,115.36,9808,9011005021600000,0,115.36,9808
9022005001437002,Hackefors,9022005001421002,Landerydsvägen,night,123.16,1346,9011005021600000,0,123.16,1346
9022005001445001,Hackefors södra,9022005001437001,Hackefors,night,57.86,9808,9011005021600000,0,57.86,9808
9022005001445001,Hackefors södra,9022005001437002,Hackefors,night,51.91,1346,9011005021600000,0,51.91,1346
9022005004186001,Tinnerbäcksgränd,9022005000412001,Rotegatan,night,111.26,22016,9011005021600000,0,108.5,11343
9022005004186001,Tinnerbäcksgränd,9022005000412001,Rotegatan,night,111.26,22016,9011005021700000,1,114.2,10673
9022005000050019,Linköpings resecentrum,9022005000046003,Trädgårdstorget,pm_rush,352.61,66,9011005021600000,0,352.61,66
9022005000050019,Linköpings resecentrum,9022005001243001,Kungsgatan,pm_rush,228.55,3359,9011005021600000,0,228.55,3359
9022005000412001,Rotegatan,9022005001430002,Berga centrum,pm_rush,523.03,89,9011005021600000,0,523.03,89
9022005000412001,Rotegatan,9022005001431001,Pionjärgatan,pm_rush,108.56,8211,9011005021600000,0,107.72,3390
9022005000412001,Rotegatan,9022005001431001,Pionjärgatan,pm_rush,108.56,8211,9011005021700000,1,112.7,3013
9022005000412001,Rotegatan,9022005001431001,Pionjärgatan,pm_rush,108.56,8211,9011005022200000,0,103.23,1808
9022005000421001,Tannefors center,9022005001424001,Korngatan,pm_rush,65.76,3427,9011005021600000,0,65.76,3427
9022005000422001,Ljunghagsvägen,9022005001435001,Vårgård,pm_rush,47.34,3424,9011005021600000,0,47.34,3424
9022005000437002,Vårdsbergsvägen,9022005001396001,Hjulsbro skola,pm_rush,88.63,3425,9011005021600000,0,88.63,3425
9022005001249001,US Södra entrén,9022005004186001,Tinnerbäcksgränd,pm_rush,103.96,6567,9011005021600000,0,102.34,3479
9022005001249001,US Södra entrén,9022005004186001,Tinnerbäcksgränd,pm_rush,103.96,6567,9011005021700000,1,105.78,3088
9022005001323001,Stationsgatan,9022005001426001,Vetegatan,pm_rush,109.03,3426,9011005021600000,0,109.03,3426
9022005001396001,Hjulsbro skola,9022005001433001,Roshagsvägen,pm_rush,72.73,3424,9011005021600000,0,72.73,3424
9022005001418001,Saab Södra,9022005001323001,Stationsgatan,pm_rush,77.15,3425,9011005021600000,0,77.15,3425
9022005001419001,Saab Civila,9022005001418001,Saab Södra,pm_rush,126.43,6941,9011005021600000,0,126.15,3423
9022005001419001,Saab Civila,9022005001418001,Saab Södra,pm_rush,126.43,6941,9011005022100000,0,126.7,3518
9022005001421002,Landerydsvägen,9022005001419001,Saab Civila,pm_rush,107.12,3423,9011005021600000,0,107.12,3423
9022005001422001,Humlegatan,9022005000050019,Linköpings resecentrum,pm_rush,375.15,3425,9011005021600000,0,375.15,3425
9022005001424001,Korngatan,9022005001422001,Humlegatan,pm_rush,64.9,6970,9011005021600000,0,67.84,3426
9022005001424001,Korngatan,9022005001422001,Humlegatan,pm_rush,64.9,6970,9011005022100000,0,62.05,3544
9022005001426001,Vetegatan,9022005000421001,Tannefors center,pm_rush,51.51,3427,9011005021600000,0,51.51,3427
9022005001431001,Pionjärgatan,9022005001430001,Berga centrum,pm_rush,80.97,8210,9011005021600000,0,61.04,3390
9022005001431001,Pionjärgatan,9022005001430001,Berga centrum,pm_rush,80.97,8210,9011005021700000,1,95.22,3012
9022005001431001,Pionjärgatan,9022005001430001,Berga centrum,pm_rush,80.97,8210,9011005022200000,0,94.6,1808
9022005001433001,Roshagsvägen,9022005000422001,Ljunghagsvägen,pm_rush,54.05,3424,9011005021600000,0,54.05,3424
9022005001435001,Vårgård,9022005001445001,Hackefors södra,pm_rush,64.42,3423,9011005021600000,0,64.42,3423
9022005001437001,Hackefors,9022005001421002,Landerydsvägen,pm_rush,132.32,2998,9011005021600000,0,132.32,2998
9022005001437002,Hackefors,9022005001421002,Landerydsvägen,pm_rush,144.21,425,9011005021600000,0,144.21,425
9022005001445001,Hackefors södra,9022005001437001,Hackefors,pm_rush,71.59,2998,9011005021600000,0,71.59,2998
9022005001445001,Hackefors södra,9022005001437002,Hackefors,pm_rush,55.68,425,9011005021600000,0,55.68,425
9022005004186001,Tinnerbäcksgränd,9022005000412001,Rotegatan,pm_rush,120.35,6567,9011005021600000,0,118.68,3479
9022005004186001,Tinnerbäcksgränd,9022005000412001,Rotegatan,pm_rush,120.35,6567,9011005021700000,1,122.23,3088
9022005000050019,Linköpings resecentrum,9022005000046003,Trädgårdstorget,weekend,304.73,142,9011005021600000,0,304.73,142
9022005000050019,Linköpings resecentrum,9022005001243001,Kungsgatan,weekend,164.62,8584,9011005021600000,0,164.62,8584
9022005000412001,Rotegatan,9022005001430002,Berga centrum,weekend,507.41,213,9011005021600000,0,507.41,213
9022005000412001,Rotegatan,9022005001431001,Pionjärgatan,weekend,97.4,17299,9011005021600000,0,95.86,8623
9022005000412001,Rotegatan,9022005001431001,Pionjärgatan,weekend,97.4,17299,9011005021700000,1,98.94,8676
9022005000421001,Tannefors center,9022005001424001,Korngatan,weekend,58.08,8727,9011005021600000,0,58.08,8727
9022005000422001,Ljunghagsvägen,9022005001435001,Vårgård,weekend,44.61,8723,9011005021600000,0,44.61,8723
9022005000437002,Vårdsbergsvägen,9022005001396001,Hjulsbro skola,weekend,76.49,8718,9011005021600000,0,76.49,8718
9022005001249001,US Södra entrén,9022005004186001,Tinnerbäcksgränd,weekend,90.45,17717,9011005021600000,0,89.55,8837
9022005001249001,US Södra entrén,9022005004186001,Tinnerbäcksgränd,weekend,90.45,17717,9011005021700000,1,91.34,8880
9022005001323001,Stationsgatan,9022005001426001,Vetegatan,weekend,88.57,8727,9011005021600000,0,88.57,8727
9022005001396001,Hjulsbro skola,9022005001433001,Roshagsvägen,weekend,70.7,8716,9011005021600000,0,70.7,8716
9022005001418001,Saab Södra,9022005001323001,Stationsgatan,weekend,47.8,8724,9011005021600000,0,47.8,8724
9022005001419001,Saab Civila,9022005001418001,Saab Södra,weekend,77.32,8724,9011005021600000,0,77.32,8724
9022005001421002,Landerydsvägen,9022005001419001,Saab Civila,weekend,104.17,8724,9011005021600000,0,104.17,8724
9022005001422001,Humlegatan,9022005000050019,Linköpings resecentrum,weekend,360.88,8726,9011005021600000,0,360.88,8726
9022005001424001,Korngatan,9022005001422001,Humlegatan,weekend,57.75,8727,9011005021600000,0,57.75,8727
9022005001426001,Vetegatan,9022005000421001,Tannefors center,weekend,36.7,8727,9011005021600000,0,36.7,8727
9022005001431001,Pionjärgatan,9022005001430001,Berga centrum,weekend,79.1,17299,9011005021600000,0,57.36,8623
9022005001431001,Pionjärgatan,9022005001430001,Berga centrum,weekend,79.1,17299,9011005021700000,1,100.71,8676
9022005001433001,Roshagsvägen,9022005000422001,Ljunghagsvägen,weekend,50.43,8719,9011005021600000,0,50.43,8719
9022005001435001,Vårgård,9022005001445001,Hackefors södra,weekend,49.22,8723,9011005021600000,0,49.22,8723
9022005001437001,Hackefors,9022005001421002,Landerydsvägen,weekend,112.05,7701,9011005021600000,0,112.05,7701
9022005001437002,Hackefors,9022005001421002,Landerydsvägen,weekend,119.61,1023,9011005021600000,0,119.61,1023
9022005001445001,Hackefors södra,9022005001437001,Hackefors,weekend,56.04,7700,9011005021600000,0,56.04,7700
9022005001445001,Hackefors södra,9022005001437002,Hackefors,weekend,50.14,1023,9011005021600000,0,50.14,1023
9022005004186001,Tinnerbäcksgränd,9022005000412001,Rotegatan,weekend,110.81,17717,9011005021600000,0,108.69,8836
9022005004186001,Tinnerbäcksgränd,9022005000412001,Rotegatan,weekend,110.81,17717,9011005021700000,1,112.92,8881
9022005000046006,Trädgårdstorget,9022005000050018,Linköpings resecentrum,am_rush,384.99,87,9011005021600000,1,384.99,87
9022005000050018,Linköpings resecentrum,9022005001422002,Humlegatan,am_rush,293.61,4683,9011005021600000,1,293.61,4683
9022005000226001,Lövsbergsvägen,9022005000416001,Aspnäset,am_rush,80.5,4733,9011005021600000,1,80.5,4733
9022005000412002,Rotegatan,9022005004186002,Tinnerbäcksgränd,am_rush,119.39,9477,9011005021600000,1,119.17,4677
9022005000412002,Rotegatan,9022005004186002,Tinnerbäcksgränd,am_rush,119.39,9477,9011005021700000,0,119.6,4800
9022005000421002,Tannefors center,9022005001426002,Vetegatan,am_rush,58.02,4689,9011005021600000,1,58.02,4689
9022005000422002,Ljunghagsvägen,9022005001433002,Roshagsvägen,am_rush,47.63,4731,9011005021600000,1,47.63,4731
9022005001243002,Kungsgatan,9022005000050018,Linköpings resecentrum,am_rush,220.49,4595,9011005021600000,1,220.49,4595
9022005001323002,Stationsgatan,9022005001418002,Saab Södra,am_rush,101.84,4688,9011005021600000,1,101.84,4688
9022005001396002,Hjulsbro skola,9022005000437001,Vårdsbergsvägen,am_rush,82.38,4732,9011005021600000,1,82.38,4732
9022005001418002,Saab Södra,9022005001419002,Saab Civila,am_rush,94.0,9975,9011005021600000,1,93.85,4687
9022005001418002,Saab Södra,9022005001419002,Saab Civila,am_rush,94.0,9975,9011005022100000,1,94.13,5288
9022005001419002,Saab Civila,9022005001421001,Landerydsvägen,am_rush,65.71,9976,9011005021600000,1,70.63,4688
9022005001419002,Saab Civila,9022005001421001,Landerydsvägen,am_rush,65.71,9976,9011005022100000,1,61.34,5288
9022005001421001,Landerydsvägen,9022005001437001,Hackefors,am_rush,94.56,3996,9011005021600000,1,94.56,3996
9022005001421001,Landerydsvägen,9022005001437002,Hackefors,am_rush,98.27,694,9011005021600000,1,98.27,694
9022005001422002,Humlegatan,9022005001424002,Korngatan,am_rush,52.64,9945,9011005021600000,1,50.93,4685
9022005001422002,Humlegatan,9022005001424002,Korngatan,am_rush,52.64,9945,9011005022100000,1,54.16,5260
9022005001424002,Korngatan,9022005000421002,Tannefors center,am_rush,62.77,4689,9011005021600000,1,62.77,4689
9022005001426002,Vetegatan,9022005001323002,Stationsgatan,am_rush,103.85,4688,9011005021600000,1,103.85,4688
9022005001431002,Pionjärgatan,9022005000412002,Rotegatan,am_rush,98.41,12479,9011005021600000,1,97.54,4677
9022005001431002,Pionjärgatan,9022005000412002,Rotegatan,am_rush,98.41,12479,9011005021700000,0,98.79,4795
9022005001431002,Pionjärgatan,9022005000412002,Rotegatan,am_rush,98.41,12479,9011005022200000,1,99.15,3007
9022005001433002,Roshagsvägen,9022005001396002,Hjulsbro skola,am_rush,60.24,4732,9011005021600000,1,60.24,4732
9022005001435002,Vårgård,9022005000422002,Ljunghagsvägen,am_rush,38.77,4729,9011005021600000,1,38.77,4729
9022005001437001,Hackefors,9022005001445002,Hackefors södra,am_rush,69.05,4004,9011005021600000,1,69.05,4004
9022005001437002,Hackefors,9022005001445002,Hackefors södra,am_rush,64.14,694,9011005021600000,1,64.14,694
9022005001445002,Hackefors södra,9022005001435002,Vårgård,am_rush,55.65,4721,9011005021600000,1,55.65,4721
9022005004186002,Tinnerbäcksgränd,9022005001249002,US Södra entrén,am_rush,97.28,9479,9011005021600000,1,96.17,4678
9022005004186002,Tinnerbäcksgränd,9022005001249002,US Södra entrén,am_rush,97.28,9479,9011005021700000,0,98.36,4801
9022005000046006,Trädgårdstorget,9022005000050018,Linköpings resecentrum,day,387.08,142,9011005021600000,1,387.08,142
9022005000050018,Linköpings resecentrum,9022005001422002,Humlegatan,day,289.39,7955,9011005021600000,1,289.39,7955
9022005000226001,Lövsbergsvägen,9022005000416001,Aspnäset,day,76.83,8007,9011005021600000,1,76.83,8007
9022005000412002,Rotegatan,9022005004186002,Tinnerbäcksgränd,day,117.72,16074,9011005021600000,1,117.3,7946
9022005000412002,Rotegatan,9022005004186002,Tinnerbäcksgränd,day,117.72,16074,9011005021700000,0,118.13,8128
9022005000421002,Tannefors center,9022005001426002,Vetegatan,day,55.09,7971,9011005021600000,1,55.09,7971
9022005000422002,Ljunghagsvägen,9022005001433002,Roshagsvägen,day,51.76,8007,9011005021600000,1,51.76,8007
9022005001243002,Kungsgatan,9022005000050018,Linköpings resecentrum,day,226.85,7811,9011005021600000,1,226.85,7811
9022005001323002,Stationsgatan,9022005001418002,Saab Södra,day,71.2,7972,9011005021600000,1,71.2,7972
9022005001396002,Hjulsbro skola,9022005000437001,Vårdsbergsvägen,day,86.91,8007,9011005021600000,1,86.91,8007
9022005001418002,Saab Södra,9022005001419002,Saab Civila,day,77.89,7973,9011005021600000,1,77.89,7973
9022005001419002,Saab Civila,9022005001421001,Landerydsvägen,day,59.4,7974,9011005021600000,1,59.4,7974
9022005001421001,Landerydsvägen,9022005001437001,Hackefors,day,88.82,6788,9011005021600000,1,88.82,6788
9022005001421001,Landerydsvägen,9022005001437002,Hackefors,day,92.57,1186,9011005021600000,1,92.57,1186
9022005001422002,Humlegatan,9022005001424002,Korngatan,day,52.79,7963,9011005021600000,1,52.79,7963
9022005001424002,Korngatan,9022005000421002,Tannefors center,day,60.69,7971,9011005021600000,1,60.69,7971
9022005001426002,Vetegatan,9022005001323002,Stationsgatan,day,96.39,7972,9011005021600000,1,96.39,7972
9022005001431002,Pionjärgatan,9022005000412002,Rotegatan,day,97.19,16070,9011005021600000,1,96.62,7945
9022005001431002,Pionjärgatan,9022005000412002,Rotegatan,day,97.19,16070,9011005021700000,0,97.75,8125
9022005001433002,Roshagsvägen,9022005001396002,Hjulsbro skola,day,60.5,8007,9011005021600000,1,60.5,8007
9022005001435002,Vårgård,9022005000422002,Ljunghagsvägen,day,46.02,8006,9011005021600000,1,46.02,8006
9022005001437001,Hackefors,9022005001445002,Hackefors södra,day,59.96,6801,9011005021600000,1,59.96,6801
9022005001437002,Hackefors,9022005001445002,Hackefors södra,day,55.62,1186,9011005021600000,1,55.62,1186
9022005001445002,Hackefors södra,9022005001435002,Vårgård,day,59.81,8003,9011005021600000,1,59.81,8003
9022005004186002,Tinnerbäcksgränd,9022005001249002,US Södra entrén,day,94.49,16077,9011005021600000,1,93.66,7947
9022005004186002,Tinnerbäcksgränd,9022005001249002,US Södra entrén,day,94.49,16077,9011005021700000,0,95.31,8130
9022005000046006,Trädgårdstorget,9022005000050018,Linköpings resecentrum,night,328.94,199,9011005021600000,1,328.94,199
9022005000050018,Linköpings resecentrum,9022005001422002,Humlegatan,night,250.27,10964,9011005021600000,1,250.27,10964
9022005000226001,Lövsbergsvägen,9022005000416001,Aspnäset,night,85.42,11138,9011005021600000,1,85.42,11138
9022005000412002,Rotegatan,9022005004186002,Tinnerbäcksgränd,night,107.45,22187,9011005021600000,1,108.46,10937
9022005000412002,Rotegatan,9022005004186002,Tinnerbäcksgränd,night,107.45,22187,9011005021700000,0,106.46,11250
9022005000421002,Tannefors center,9022005001426002,Vetegatan,night,46.33,11062,9011005021600000,1,46.33,11062
9022005000422002,Ljunghagsvägen,9022005001433002,Roshagsvägen,night,49.72,11137,9011005021600000,1,49.72,11137
9022005001243002,Kungsgatan,9022005000050018,Linköpings resecentrum,night,229.73,10760,9011005021600000,1,229.73,10760
9022005001323002,Stationsgatan,9022005001418002,Saab Södra,night,65.75,11061,9011005021600000,1,65.75,11061
9022005001396002,Hjulsbro skola,9022005000437001,Vårdsbergsvägen,night,81.04,11136,9011005021600000,1,81.04,11136
9022005001418002,Saab Södra,9022005001419002,Saab Civila,night,76.41,11063,9011005021600000,1,76.41,11063
9022005001419002,Saab Civila,9022005001421001,Landerydsvägen,night,58.04,11066,9011005021600000,1,58.04,11066
9022005001421001,Landerydsvägen,9022005001437001,Hackefors,night,87.61,9506,9011005021600000,1,87.61,9506
9022005001421001,Landerydsvägen,9022005001437002,Hackefors,night,89.14,1569,9011005021600000,1,89.14,1569
9022005001422002,Humlegatan,9022005001424002,Korngatan,night,51.41,11045,9011005021600000,1,51.41,11045
9022005001424002,Korngatan,9022005000421002,Tannefors center,night,54.34,11062,9011005021600000,1,54.34,11062
9022005001426002,Vetegatan,9022005001323002,Stationsgatan,night,90.83,11062,9011005021600000,1,90.83,11062
9022005001431002,Pionjärgatan,9022005000412002,Rotegatan,night,87.12,22180,9011005021600000,1,86.88,10937
9022005001431002,Pionjärgatan,9022005000412002,Rotegatan,night,87.12,22180,9011005021700000,0,87.36,11243
9022005001433002,Roshagsvägen,9022005001396002,Hjulsbro skola,night,57.75,11136,9011005021600000,1,57.75,11136
9022005001435002,Vårgård,9022005000422002,Ljunghagsvägen,night,44.41,11133,9011005021600000,1,44.41,11133
9022005001437001,Hackefors,9022005001445002,Hackefors södra,night,58.39,9523,9011005021600000,1,58.39,9523
9022005001437002,Hackefors,9022005001445002,Hackefors södra,night,52.24,1571,9011005021600000,1,52.24,1571
9022005001445002,Hackefors södra,9022005001435002,Vårgård,night,57.27,11125,9011005021600000,1,57.27,11125
9022005004186002,Tinnerbäcksgränd,9022005001249002,US Södra entrén,night,88.39,22199,9011005021600000,1,89.21,10937
9022005004186002,Tinnerbäcksgränd,9022005001249002,US Södra entrén,night,88.39,22199,9011005021700000,0,87.59,11262
9022005000046006,Trädgårdstorget,9022005000050018,Linköpings resecentrum,pm_rush,363.55,66,9011005021600000,1,363.55,66
9022005000050018,Linköpings resecentrum,9022005001422002,Humlegatan,pm_rush,332.92,3512,9011005021600000,1,332.92,3512
9022005000226001,Lövsbergsvägen,9022005000416001,Aspnäset,pm_rush,85.06,3543,9011005021600000,1,85.06,3543
9022005000412002,Rotegatan,9022005004186002,Tinnerbäcksgränd,pm_rush,119.21,7108,9011005021600000,1,117.71,3508
9022005000412002,Rotegatan,9022005004186002,Tinnerbäcksgränd,pm_rush,119.21,7108,9011005021700000,0,120.68,3600
9022005000421002,Tannefors center,9022005001426002,Vetegatan,pm_rush,53.31,3519,9011005021600000,1,53.31,3519
9022005000422002,Ljunghagsvägen,9022005001433002,Roshagsvägen,pm_rush,57.52,3543,9011005021600000,1,57.52,3543
9022005001243002,Kungsgatan,9022005000050018,Linköpings resecentrum,pm_rush,210.91,3444,9011005021600000,1,210.91,3444
9022005001323002,Stationsgatan,9022005001418002,Saab Södra,pm_rush,103.57,3521,9011005021600000,1,103.57,3521
9022005001396002,Hjulsbro skola,9022005000437001,Vårdsbergsvägen,pm_rush,96.82,3543,9011005021600000,1,96.82,3543
9022005001418002,Saab Södra,9022005001419002,Saab Civila,pm_rush,90.46,3521,9011005021600000,1,90.46,3521
9022005001419002,Saab Civila,9022005001421001,Landerydsvägen,pm_rush,61.5,3522,9011005021600000,1,61.5,3522
9022005001421001,Landerydsvägen,9022005001437001,Hackefors,pm_rush,92.83,2987,9011005021600000,1,92.83,2987
9022005001421001,Landerydsvägen,9022005001437002,Hackefors,pm_rush,92.72,535,9011005021600000,1,92.72,535
9022005001422002,Humlegatan,9022005001424002,Korngatan,pm_rush,58.57,3513,9011005021600000,1,58.57,3513
9022005001424002,Korngatan,9022005000421002,Tannefors center,pm_rush,61.85,3518,9011005021600000,1,61.85,3518
9022005001426002,Vetegatan,9022005001323002,Stationsgatan,pm_rush,129.27,3520,9011005021600000,1,129.27,3520
9022005001431002,Pionjärgatan,9022005000412002,Rotegatan,pm_rush,102.17,7104,9011005021600000,1,101.34,3507
9022005001431002,Pionjärgatan,9022005000412002,Rotegatan,pm_rush,102.17,7104,9011005021700000,0,102.97,3597
9022005001433002,Roshagsvägen,9022005001396002,Hjulsbro skola,pm_rush,62.16,3543,9011005021600000,1,62.16,3543
9022005001435002,Vårgård,9022005000422002,Ljunghagsvägen,pm_rush,54.01,3535,9011005021600000,1,54.01,3535
9022005001437001,Hackefors,9022005001445002,Hackefors södra,pm_rush,61.81,2986,9011005021600000,1,61.81,2986
9022005001437002,Hackefors,9022005001445002,Hackefors södra,pm_rush,54.41,535,9011005021600000,1,54.41,535
9022005001445002,Hackefors södra,9022005001435002,Vårgård,pm_rush,66.8,3525,9011005021600000,1,66.8,3525
9022005004186002,Tinnerbäcksgränd,9022005001249002,US Södra entrén,pm_rush,96.14,7110,9011005021600000,1,96.22,3508
9022005004186002,Tinnerbäcksgränd,9022005001249002,US Södra entrén,pm_rush,96.14,7110,9011005021700000,0,96.07,3602
9022005000046006,Trädgårdstorget,9022005000050018,Linköpings resecentrum,weekend,369.11,146,9011005021600000,1,369.11,146
9022005000050018,Linköpings resecentrum,9022005001422002,Humlegatan,weekend,249.04,9149,9011005021600000,1,249.04,9149
9022005000226001,Lövsbergsvägen,9022005000416001,Aspnäset,weekend,86.48,9257,9011005021600000,1,86.48,9257
9022005000412002,Rotegatan,9022005004186002,Tinnerbäcksgränd,weekend,110.67,17974,9011005021600000,1,110.61,9074
9022005000412002,Rotegatan,9022005004186002,Tinnerbäcksgränd,weekend,110.67,17974,9011005021700000,0,110.73,8900
9022005000421002,Tannefors center,9022005001426002,Vetegatan,weekend,43.67,9187,9011005021600000,1,43.67,9187
9022005000422002,Ljunghagsvägen,9022005001433002,Roshagsvägen,weekend,48.57,9257,9011005021600000,1,48.57,9257
9022005001243002,Kungsgatan,9022005000050018,Linköpings resecentrum,weekend,259.01,8995,9011005021600000,1,259.01,8995
9022005001323002,Stationsgatan,9022005001418002,Saab Södra,weekend,59.15,9184,9011005021600000,1,59.15,9184
9022005001396002,Hjulsbro skola,9022005000437001,Vårdsbergsvägen,weekend,80.62,9258,9011005021600000,1,80.62,9258
9022005001418002,Saab Södra,9022005001419002,Saab Civila,weekend,69.96,9184,9011005021600000,1,69.96,9184
9022005001419002,Saab Civila,9022005001421001,Landerydsvägen,weekend,53.07,9187,9011005021600000,1,53.07,9187
9022005001421001,Landerydsvägen,9022005001437001,Hackefors,weekend,84.42,7821,9011005021600000,1,84.42,7821
9022005001421001,Landerydsvägen,9022005001437002,Hackefors,weekend,88.17,1383,9011005021600000,1,88.17,1383
9022005001422002,Humlegatan,9022005001424002,Korngatan,weekend,50.07,9177,9011005021600000,1,50.07,9177
9022005001424002,Korngatan,9022005000421002,Tannefors center,weekend,52.76,9187,9011005021600000,1,52.76,9187
9022005001426002,Vetegatan,9022005001323002,Stationsgatan,weekend,88.8,9186,9011005021600000,1,88.8,9186
9022005001431002,Pionjärgatan,9022005000412002,Rotegatan,weekend,89.98,17971,9011005021600000,1,89.63,9074
9022005001431002,Pionjärgatan,9022005000412002,Rotegatan,weekend,89.98,17971,9011005021700000,0,90.34,8897
9022005001433002,Roshagsvägen,9022005001396002,Hjulsbro skola,weekend,55.79,9258,9011005021600000,1,55.79,9258
9022005001435002,Vårgård,9022005000422002,Ljunghagsvägen,weekend,41.38,9256,9011005021600000,1,41.38,9256
9022005001437001,Hackefors,9022005001445002,Hackefors södra,weekend,56.15,7834,9011005021600000,1,56.15,7834
9022005001437002,Hackefors,9022005001445002,Hackefors södra,weekend,51.73,1383,9011005021600000,1,51.73,1383
9022005001445002,Hackefors södra,9022005001435002,Vårgård,weekend,55.79,9250,9011005021600000,1,55.79,9250
9022005004186002,Tinnerbäcksgränd,9022005001249002,US Södra entrén,weekend,87.73,17987,9011005021600000,1,87.48,9076
9022005004186002,Tinnerbäcksgränd,9022005001249002,US Södra entrén,weekend,87.73,17987,9011005021700000,0,87.99,8911
9022005000044003,Hässlegatan,9022005001596002,Ortgatan,am_rush,73.54,4792,9011005021700000,0,73.54,4792
9022005000046006,Trädgårdstorget,9022005000050019,Linköpings resecentrum,am_rush,314.23,87,9011005021700000,0,314.23,87
9022005001229001,Strågatan,9022005000044003,Hässlegatan,am_rush,61.03,4792,9011005021700000,0,61.03,4792
9022005001243002,Kungsgatan,9022005000050019,Linköpings resecentrum,am_rush,124.34,4743,9011005021700000,0,124.34,4743
9022005001300002,Lillgårdsgatan,9022005001430002,Berga centrum,am_rush,124.41,4795,9011005021700000,0,124.41,4795
9022005001301002,Yrkesvägen,9022005001300002,Lillgårdsgatan,am_rush,65.48,4793,9011005021700000,0,65.48,4793
9022005001302002,Galoppgatan,9022005001301002,Yrkesvägen,am_rush,85.02,4793,9011005021700000,0,85.02,4793
9022005001303002,Poleraregatan,9022005001302002,Galoppgatan,am_rush,118.02,4793,9011005021700000,0,118.02,4793
9022005001430002,Berga centrum,9022005001431002,Pionjärgatan,am_rush,101.16,7802,9011005021700000,0,103.46,4795
9022005001430002,Berga centrum,9022005001431002,Pionjärgatan,am_rush,101.16,7802,9011005022200000,1,97.49,3007
9022005001596002,Ortgatan,9022005001303002,Poleraregatan,am_rush,113.09,4792,9011005021700000,0,113.09,4792
9022005003838001,Morgongatan,9022005001230001,Middagsgatan,am_rush,83.81,4791,9011005021700000,0,83.81,4791
9022005000044003,Hässlegatan,9022005001596002,Ortgatan,day,72.52,8116,9011005021700000,0,72.52,8116
9022005000046006,Trädgårdstorget,9022005000050019,Linköpings resecentrum,day,318.7,143,9011005021700000,0,318.7,143
9022005001229001,Strågatan,9022005000044003,Hässlegatan,day,66.16,8116,9011005021700000,0,66.16,8116
9022005001243002,Kungsgatan,9022005000050019,Linköpings resecentrum,day,138.62,8038,9011005021700000,0,138.62,8038
9022005001300002,Lillgårdsgatan,9022005001430002,Berga centrum,day,129.23,8124,9011005021700000,0,129.23,8124
9022005001301002,Yrkesvägen,9022005001300002,Lillgårdsgatan,day,62.57,8123,9011005021700000,0,62.57,8123
9022005001302002,Galoppgatan,9022005001301002,Yrkesvägen,day,80.01,8121,9011005021700000,0,80.01,8121
9022005001303002,Poleraregatan,9022005001302002,Galoppgatan,day,113.08,8117,9011005021700000,0,113.08,8117
9022005001430002,Berga centrum,9022005001431002,Pionjärgatan,day,100.9,8124,9011005021700000,0,100.9,8124
9022005001596002,Ortgatan,9022005001303002,Poleraregatan,day,107.32,8117,9011005021700000,0,107.32,8117
9022005003838001,Morgongatan,9022005001230001,Middagsgatan,day,74.71,8115,9011005021700000,0,74.71,8115
9022005000044003,Hässlegatan,9022005001596002,Ortgatan,night,69.23,11228,9011005021700000,0,69.23,11228
9022005000046006,Trädgårdstorget,9022005000050019,Linköpings resecentrum,night,256.38,199,9011005021700000,0,256.38,199
9022005001229001,Strågatan,9022005000044003,Hässlegatan,night,52.67,11222,9011005021700000,0,52.67,11222
9022005001243002,Kungsgatan,9022005000050019,Linköpings resecentrum,night,120.01,11116,9011005021700000,0,120.01,11116
9022005001300002,Lillgårdsgatan,9022005001430002,Berga centrum,night,109.91,11236,9011005021700000,0,109.91,11236
9022005001301002,Yrkesvägen,9022005001300002,Lillgårdsgatan,night,52.59,11233,9011005021700000,0,52.59,11233
9022005001302002,Galoppgatan,9022005001301002,Yrkesvägen,night,75.53,11232,9011005021700000,0,75.53,11232
9022005001303002,Poleraregatan,9022005001302002,Galoppgatan,night,105.38,11230,9011005021700000,0,105.38,11230
9022005001430002,Berga centrum,9022005001431002,Pionjärgatan,night,83.71,11231,9011005021700000,0,83.71,11231
9022005001430002,Berga centrum,9022005004186002,Tinnerbäcksgränd,night,124.2,5,9011005021700000,0,124.2,5
9022005001596002,Ortgatan,9022005001303002,Poleraregatan,night,98.89,11229,9011005021700000,0,98.89,11229
9022005003838001,Morgongatan,9022005000044003,Hässlegatan,night,75.0,5,9011005021700000,0,75.0,5
9022005003838001,Morgongatan,9022005001230001,Middagsgatan,night,71.48,11221,9011005021700000,0,71.48,11221
9022005000044003,Hässlegatan,9022005001596002,Ortgatan,pm_rush,74.26,3596,9011005021700000,0,74.26,3596
9022005000046006,Trädgårdstorget,9022005000050019,Linköpings resecentrum,pm_rush,297.77,66,9011005021700000,0,297.77,66
9022005001229001,Strågatan,9022005000044003,Hässlegatan,pm_rush,60.03,3595,9011005021700000,0,60.03,3595
9022005001243002,Kungsgatan,9022005000050019,Linköpings resecentrum,pm_rush,133.37,3552,9011005021700000,0,133.37,3552
9022005001300002,Lillgårdsgatan,9022005001430002,Berga centrum,pm_rush,132.63,3599,9011005021700000,0,132.63,3599
9022005001301002,Yrkesvägen,9022005001300002,Lillgårdsgatan,pm_rush,56.95,3599,9011005021700000,0,56.95,3599
9022005001302002,Galoppgatan,9022005001301002,Yrkesvägen,pm_rush,79.77,3600,9011005021700000,0,79.77,3600
9022005001303002,Poleraregatan,9022005001302002,Galoppgatan,pm_rush,114.55,3599,9011005021700000,0,114.55,3599
9022005001430002,Berga centrum,9022005001431002,Pionjärgatan,pm_rush,98.3,3597,9011005021700000,0,98.3,3597
9022005001596002,Ortgatan,9022005001303002,Poleraregatan,pm_rush,102.49,3596,9011005021700000,0,102.49,3596
9022005003838001,Morgongatan,9022005001230001,Middagsgatan,pm_rush,72.68,3594,9011005021700000,0,72.68,3594
9022005000044003,Hässlegatan,9022005001596002,Ortgatan,weekend,68.56,8889,9011005021700000,0,68.56,8889
9022005000046006,Trädgårdstorget,9022005000050019,Linköpings resecentrum,weekend,264.5,140,9011005021700000,0,264.5,140
9022005001229001,Strågatan,9022005000044003,Hässlegatan,weekend,55.98,8889,9011005021700000,0,55.98,8889
9022005001243002,Kungsgatan,9022005000050019,Linköpings resecentrum,weekend,123.27,8819,9011005021700000,0,123.27,8819
9022005001300002,Lillgårdsgatan,9022005001430002,Berga centrum,weekend,114.22,8893,9011005021700000,0,114.22,8893
9022005001301002,Yrkesvägen,9022005001300002,Lillgårdsgatan,weekend,54.81,8892,9011005021700000,0,54.81,8892
9022005001302002,Galoppgatan,9022005001301002,Yrkesvägen,weekend,76.9,8892,9011005021700000,0,76.9,8892
9022005001303002,Poleraregatan,9022005001302002,Galoppgatan,weekend,107.07,8890,9011005021700000,0,107.07,8890
9022005001430002,Berga centrum,9022005001431002,Pionjärgatan,weekend,87.38,8895,9011005021700000,0,87.38,8895
9022005001596002,Ortgatan,9022005001303002,Poleraregatan,weekend,98.15,8889,9011005021700000,0,98.15,8889
9022005003838001,Morgongatan,9022005001230001,Middagsgatan,weekend,70.97,8889,9011005021700000,0,70.97,8889
9022005000043001,Berga Söderleden,9022005001300001,Lillgårdsgatan,am_rush,57.84,4703,9011005021700000,1,57.84,4703
9022005000044002,Hässlegatan,9022005001229002,Strågatan,am_rush,55.7,4833,9011005021700000,1,55.7,4833
9022005000412001,Rotegatan,9022005001300001,Lillgårdsgatan,am_rush,385.9,120,9011005021700000,1,385.9,120
9022005001230002,Middagsgatan,9022005003838002,Morgongatan,am_rush,63.95,4833,9011005021700000,1,63.95,4833
9022005001300001,Lillgårdsgatan,9022005001301001,Yrkesvägen,am_rush,44.5,4821,9011005021700000,1,44.5,4821
9022005001301001,Yrkesvägen,9022005001302001,Galoppgatan,am_rush,95.91,4824,9011005021700000,1,95.91,4824
9022005001302001,Galoppgatan,9022005001303001,Poleraregatan,am_rush,87.1,4827,9011005021700000,1,87.1,4827
9022005001303001,Poleraregatan,9022005001596001,Ortgatan,am_rush,99.2,4832,9011005021700000,1,99.2,4832
9022005001430001,Berga centrum,9022005000043001,Berga Söderleden,am_rush,63.34,4703,9011005021700000,1,63.34,4703
9022005001596001,Ortgatan,9022005000044002,Hässlegatan,am_rush,75.74,4833,9011005021700000,1,75.74,4833
9022005001598001,Ullstämma by,9022005000416001,Aspnäset,am_rush,39.58,4833,9011005021700000,1,39.58,4833
9022005000043001,Berga Söderleden,9022005001300001,Lillgårdsgatan,day,63.49,7994,9011005021700000,1,63.49,7994
9022005000044002,Hässlegatan,9022005001229002,Strågatan,day,59.14,8214,9011005021700000,1,59.14,8214
9022005000412001,Rotegatan,9022005001300001,Lillgårdsgatan,day,397.27,195,9011005021700000,1,397.27,195
9022005001230002,Middagsgatan,9022005003838002,Morgongatan,day,63.51,8214,9011005021700000,1,63.51,8214
9022005001300001,Lillgårdsgatan,9022005001301001,Yrkesvägen,day,50.95,8190,9011005021700000,1,50.95,8190
9022005001301001,Yrkesvägen,9022005001302001,Galoppgatan,day,97.29,8197,9011005021700000,1,97.29,8197
9022005001302001,Galoppgatan,9022005001303001,Poleraregatan,day,94.7,8199,9011005021700000,1,94.7,8199
9022005001303001,Poleraregatan,9022005001596001,Ortgatan,day,97.55,8212,9011005021700000,1,97.55,8212
9022005001430001,Berga centrum,9022005000043001,Berga Söderleden,day,62.32,7992,9011005021700000,1,62.32,7992
9022005001596001,Ortgatan,9022005000044002,Hässlegatan,day,78.62,8214,9011005021700000,1,78.62,8214
9022005001598001,Ullstämma by,9022005000416001,Aspnäset,day,41.13,8214,9011005021700000,1,41.13,8214
9022005000043001,Berga Söderleden,9022005001300001,Lillgårdsgatan,night,60.81,10422,9011005021700000,1,60.81,10422
9022005000044002,Hässlegatan,9022005001229002,Strågatan,night,55.44,10715,9011005021700000,1,55.44,10715
9022005000412001,Rotegatan,9022005001300001,Lillgårdsgatan,night,390.91,256,9011005021700000,1,390.91,256
9022005001230002,Middagsgatan,9022005003838002,Morgongatan,night,60.31,10716,9011005021700000,1,60.31,10716
9022005001300001,Lillgårdsgatan,9022005001301001,Yrkesvägen,night,48.9,10679,9011005021700000,1,48.9,10679
9022005001301001,Yrkesvägen,9022005001302001,Galoppgatan,night,96.71,10687,9011005021700000,1,96.71,10687
9022005001302001,Galoppgatan,9022005001303001,Poleraregatan,night,91.92,10700,9011005021700000,1,91.92,10700
9022005001303001,Poleraregatan,9022005001596001,Ortgatan,night,96.23,10712,9011005021700000,1,96.23,10712
9022005001430001,Berga centrum,9022005000043001,Berga Söderleden,night,55.72,11019,9011005021700000,1,54.9,10418
9022005001430001,Berga centrum,9022005000043001,Berga Söderleden,night,55.72,11019,9011005022200000,0,69.94,601
9022005001596001,Ortgatan,9022005000044002,Hässlegatan,night,74.55,10714,9011005021700000,1,74.55,10714
9022005001598001,Ullstämma by,9022005000416001,Aspnäset,night,44.12,11332,9011005021700000,1,42.26,10715
9022005001598001,Ullstämma by,9022005000416001,Aspnäset,night,44.12,11332,9011005022200000,0,76.47,617
9022005000043001,Berga Söderleden,9022005001300001,Lillgårdsgatan,pm_rush,69.51,3013,9011005021700000,1,69.51,3013
9022005000044002,Hässlegatan,9022005001229002,Strågatan,pm_rush,62.47,3090,9011005021700000,1,62.47,3090
9022005000412001,Rotegatan,9022005001300001,Lillgårdsgatan,pm_rush,451.03,75,9011005021700000,1,451.03,75
9022005001230002,Middagsgatan,9022005003838002,Morgongatan,pm_rush,81.95,3090,9011005021700000,1,81.95,3090
9022005001300001,Lillgårdsgatan,9022005001301001,Yrkesvägen,pm_rush,54.69,3087,9011005021700000,1,54.69,3087
9022005001301001,Yrkesvägen,9022005001302001,Galoppgatan,pm_rush,104.13,3087,9011005021700000,1,104.13,3087
9022005001302001,Galoppgatan,9022005001303001,Poleraregatan,pm_rush,104.11,3085,9011005021700000,1,104.11,3085
9022005001303001,Poleraregatan,9022005001596001,Ortgatan,pm_rush,105.45,3087,9011005021700000,1,105.45,3087
9022005001430001,Berga centrum,9022005000043001,Berga Söderleden,pm_rush,78.93,4821,9011005021700000,1,79.81,3013
9022005001430001,Berga centrum,9022005000043001,Berga Söderleden,pm_rush,78.93,4821,9011005022200000,0,77.46,1808
9022005001596001,Ortgatan,9022005000044002,Hässlegatan,pm_rush,81.02,3089,9011005021700000,1,81.02,3089
9022005001598001,Ullstämma by,9022005000416001,Aspnäset,pm_rush,63.65,4945,9011005021700000,1,55.92,3090
9022005001598001,Ullstämma by,9022005000416001,Aspnäset,pm_rush,63.65,4945,9011005022200000,0,76.53,1855
9022005000043001,Berga Söderleden,9022005001300001,Lillgårdsgatan,weekend,59.81,8677,9011005021700000,1,59.81,8677
9022005000044002,Hässlegatan,9022005001229002,Strågatan,weekend,55.08,8912,9011005021700000,1,55.08,8912
9022005000412001,Rotegatan,9022005001300001,Lillgårdsgatan,weekend,384.79,207,9011005021700000,1,384.79,207
9022005001230002,Middagsgatan,9022005003838002,Morgongatan,weekend,58.43,8912,9011005021700000,1,58.43,8912
9022005001300001,Lillgårdsgatan,9022005001301001,Yrkesvägen,weekend,48.08,8885,9011005021700000,1,48.08,8885
9022005001301001,Yrkesvägen,9022005001302001,Galoppgatan,weekend,95.05,8891,9011005021700000,1,95.05,8891
9022005001302001,Galoppgatan,9022005001303001,Poleraregatan,weekend,89.73,8894,9011005021700000,1,89.73,8894
9022005001303001,Poleraregatan,9022005001596001,Ortgatan,weekend,95.08,8907,9011005021700000,1,95.08,8907
9022005001430001,Berga centrum,9022005000043001,Berga Söderleden,weekend,54.24,8675,9011005021700000,1,54.24,8675
9022005001596001,Ortgatan,9022005000044002,Hässlegatan,weekend,73.93,8912,9011005021700000,1,73.93,8912
9022005001598001,Ullstämma by,9022005000416001,Aspnäset,weekend,42.57,8912,9011005021700000,1,42.57,8912
9022005000229002,Skogsfrid,9022005004091002,Westmansgatan 66,am_rush,66.51,4931,9011005021800000,0,66.51,4931
9022005000430002,Wernersgatan,9022005000229002,Skogsfrid,am_rush,30.24,224,9011005021800000,0,30.24,224
9022005001248002,Eskadern,9022005001249002,US Södra entrén,am_rush,205.73,5410,9011005021800000,0,205.73,5410
9022005001307002,Vickergatan,9022005000229002,Skogsfrid,am_rush,69.3,4707,9011005021800000,0,69.3,4707
9022005001307002,Vickergatan,9022005000430002,Wernersgatan,am_rush,36.38,224,9011005021800000,0,36.38,224
9022005003580002,Drabantgatan,9022005001248002,Eskadern,am_rush,107.77,5410,9011005021800000,0,107.77,5410
9022005004067002,Fanjunkaregatan,9022005003580002,Drabantgatan,am_rush,107.92,5410,9011005021800000,0,107.92,5410
9022005004091002,Westmansgatan 66,9022005004067002,Fanjunkaregatan,am_rush,41.26,5410,9011005021800000,0,41.26,5410
9022005000229002,Skogsfrid,9022005004091002,Westmansgatan 66,day,66.16,7094,9011005021800000,0,66.16,7094
9022005000430002,Wernersgatan,9022005000229002,Skogsfrid,day,31.25,299,9011005021800000,0,31.25,299
9022005001248002,Eskadern,9022005001249002,US Södra entrén,day,205.12,7763,9011005021800000,0,205.12,7763
9022005001307002,Vickergatan,9022005000229002,Skogsfrid,day,70.48,6795,9011005021800000,0,70.48,6795
9022005001307002,Vickergatan,9022005000430002,Wernersgatan,day,41.71,299,9011005021800000,0,41.71,299
9022005003580002,Drabantgatan,9022005001248002,Eskadern,day,108.88,7761,9011005021800000,0,108.88,7761
9022005004067002,Fanjunkaregatan,9022005003580002,Drabantgatan,day,111.73,7761,9011005021800000,0,111.73,7761
9022005004091002,Westmansgatan 66,9022005004067002,Fanjunkaregatan,day,42.27,7761,9011005021800000,0,42.27,7761
9022005000229002,Skogsfrid,9022005004091002,Westmansgatan 66,night,56.31,10767,9011005021800000,0,56.31,10767
9022005000430002,Wernersgatan,9022005000229002,Skogsfrid,night,25.64,476,9011005021800000,0,25.64,476
9022005001248002,Eskadern,9022005001249002,US Södra entrén,night,187.2,11824,9011005021800000,0,187.2,11824
9022005001307002,Vickergatan,9022005000229002,Skogsfrid,night,63.95,10291,9011005021800000,0,63.95,10291
9022005001307002,Vickergatan,9022005000430002,Wernersgatan,night,52.9,476,9011005021800000,0,52.9,476
9022005003580002,Drabantgatan,9022005001248002,Eskadern,night,95.13,11821,9011005021800000,0,95.13,11821
9022005004067002,Fanjunkaregatan,9022005003580002,Drabantgatan,night,94.56,11821,9011005021800000,0,94.56,11821
9022005004091002,Westmansgatan 66,9022005004067002,Fanjunkaregatan,night,31.13,11820,9011005021800000,0,31.13,11820
9022005000229002,Skogsfrid,9022005004091002,Westmansgatan 66,pm_rush,69.64,3350,9011005021800000,0,69.64,3350
9022005000430002,Wernersgatan,9022005000229002,Skogsfrid,pm_rush,24.07,150,9011005021800000,0,24.07,150
9022005001248002,Eskadern,9022005001249002,US Södra entrén,pm_rush,217.64,3686,9011005021800000,0,217.64,3686
9022005001307002,Vickergatan,9022005000229002,Skogsfrid,pm_rush,70.38,3200,9011005021800000,0,70.38,3200
9022005001307002,Vickergatan,9022005000430002,Wernersgatan,pm_rush,71.67,150,9011005021800000,0,71.67,150
9022005003580002,Drabantgatan,9022005001248002,Eskadern,pm_rush,119.46,3686,9011005021800000,0,119.46,3686
9022005004067002,Fanjunkaregatan,9022005003580002,Drabantgatan,pm_rush,113.51,3686,9011005021800000,0,113.51,3686
9022005004091002,Westmansgatan 66,9022005004067002,Fanjunkaregatan,pm_rush,45.63,3686,9011005021800000,0,45.63,3686
9022005000229002,Skogsfrid,9022005004091002,Westmansgatan 66,weekend,57.22,7780,9011005021800000,0,57.22,7780
9022005000430002,Wernersgatan,9022005000229002,Skogsfrid,weekend,30.37,290,9011005021800000,0,30.37,290
9022005001248002,Eskadern,9022005001249002,US Södra entrén,weekend,176.59,8534,9011005021800000,0,176.59,8534
9022005001307002,Vickergatan,9022005000229002,Skogsfrid,weekend,66.99,7490,9011005021800000,0,66.99,7490
9022005001307002,Vickergatan,9022005000430002,Wernersgatan,weekend,45.28,290,9011005021800000,0,45.28,290
9022005003580002,Drabantgatan,9022005001248002,Eskadern,weekend,95.91,8534,9011005021800000,0,95.91,8534
9022005004067002,Fanjunkaregatan,9022005003580002,Drabantgatan,weekend,102.03,8534,9011005021800000,0,102.03,8534
9022005004091002,Westmansgatan 66,9022005004067002,Fanjunkaregatan,weekend,33.21,8534,9011005021800000,0,33.21,8534
9022005000229001,Skogsfrid,9022005000430001,Wernersgatan,am_rush,36.18,174,9011005021800000,1,36.18,174
9022005000229001,Skogsfrid,9022005001307001,Vickergatan,am_rush,65.78,3840,9011005021800000,1,65.78,3840
9022005000430001,Wernersgatan,9022005001307001,Vickergatan,am_rush,48.43,174,9011005021800000,1,48.43,174
9022005001248001,Eskadern,9022005003580001,Drabantgatan,am_rush,132.15,4388,9011005021800000,1,132.15,4388
9022005001249001,US Södra entrén,9022005001248001,Eskadern,am_rush,166.56,4388,9011005021800000,1,166.56,4388
9022005001307001,Vickergatan,9022005000215003,Gamla Linköping,am_rush,82.84,4014,9011005021800000,1,82.84,4014
9022005003580001,Drabantgatan,9022005004067001,Fanjunkaregatan,am_rush,99.09,4388,9011005021800000,1,99.09,4388
9022005004067001,Fanjunkaregatan,9022005004091001,Westmansgatan 66,am_rush,37.49,4387,9011005021800000,1,37.49,4387
9022005004091001,Westmansgatan 66,9022005000215003,Gamla Linköping,am_rush,203.22,373,9011005021800000,1,203.22,373
9022005004091001,Westmansgatan 66,9022005000229001,Skogsfrid,am_rush,49.47,4014,9011005021800000,1,49.47,4014
9022005000229001,Skogsfrid,9022005000430001,Wernersgatan,day,37.75,350,9011005021800000,1,37.75,350
9022005000229001,Skogsfrid,9022005001307001,Vickergatan,day,65.16,7838,9011005021800000,1,65.16,7838
9022005000430001,Wernersgatan,9022005001307001,Vickergatan,day,49.01,350,9011005021800000,1,49.01,350
9022005001248001,Eskadern,9022005003580001,Drabantgatan,day,135.74,8963,9011005021800000,1,135.74,8963
9022005001249001,US Södra entrén,9022005001248001,Eskadern,day,163.43,8964,9011005021800000,1,163.43,8964
9022005001307001,Vickergatan,9022005000215003,Gamla Linköping,day,82.35,8188,9011005021800000,1,82.35,8188
9022005003580001,Drabantgatan,9022005004067001,Fanjunkaregatan,day,101.09,8967,9011005021800000,1,101.09,8967
9022005004067001,Fanjunkaregatan,9022005004091001,Westmansgatan 66,day,38.16,8967,9011005021800000,1,38.16,8967
9022005004091001,Westmansgatan 66,9022005000215003,Gamla Linköping,day,202.93,778,9011005021800000,1,202.93,778
9022005004091001,Westmansgatan 66,9022005000229001,Skogsfrid,day,52.61,8188,9011005021800000,1,52.61,8188
9022005000229001,Skogsfrid,9022005000430001,Wernersgatan,night,33.29,424,9011005021800000,1,33.29,424
9022005000229001,Skogsfrid,9022005001307001,Vickergatan,night,63.05,9464,9011005021800000,1,63.05,9464
9022005000430001,Wernersgatan,9022005001307001,Vickergatan,night,46.5,424,9011005021800000,1,46.5,424
9022005001248001,Eskadern,9022005003580001,Drabantgatan,night,119.23,10830,9011005021800000,1,119.23,10830
9022005001249001,US Södra entrén,9022005001248001,Eskadern,night,149.47,10828,9011005021800000,1,149.47,10828
9022005001307001,Vickergatan,9022005000215003,Gamla Linköping,night,80.28,9888,9011005021800000,1,80.28,9888
9022005003580001,Drabantgatan,9022005004067001,Fanjunkaregatan,night,89.56,10832,9011005021800000,1,89.56,10832
9022005004067001,Fanjunkaregatan,9022005004091001,Westmansgatan 66,night,32.51,10832,9011005021800000,1,32.51,10832
9022005004091001,Westmansgatan 66,9022005000215003,Gamla Linköping,night,200.42,944,9011005021800000,1,200.42,944
9022005004091001,Westmansgatan 66,9022005000229001,Skogsfrid,night,50.53,9888,9011005021800000,1,50.53,9888
9022005000229001,Skogsfrid,9022005000430001,Wernersgatan,pm_rush,34.76,149,9011005021800000,1,34.76,149
9022005000229001,Skogsfrid,9022005001307001,Vickergatan,pm_rush,67.99,3206,9011005021800000,1,67.99,3206
9022005000430001,Wernersgatan,9022005001307001,Vickergatan,pm_rush,46.81,149,9011005021800000,1,46.81,149
9022005001248001,Eskadern,9022005003580001,Drabantgatan,pm_rush,161.01,3688,9011005021800000,1,161.01,3688
9022005001249001,US Södra entrén,9022005001248001,Eskadern,pm_rush,206.11,3687,9011005021800000,1,206.11,3687
9022005001307001,Vickergatan,9022005000215003,Gamla Linköping,pm_rush,83.81,3355,9011005021800000,1,83.81,3355
9022005003580001,Drabantgatan,9022005004067001,Fanjunkaregatan,pm_rush,106.86,3688,9011005021800000,1,106.86,3688
9022005004067001,Fanjunkaregatan,9022005004091001,Westmansgatan 66,pm_rush,40.39,3688,9011005021800000,1,40.39,3688
9022005004091001,Westmansgatan 66,9022005000215003,Gamla Linköping,pm_rush,209.52,333,9011005021800000,1,209.52,333
9022005004091001,Westmansgatan 66,9022005000229001,Skogsfrid,pm_rush,56.84,3355,9011005021800000,1,56.84,3355
9022005000229001,Skogsfrid,9022005000430001,Wernersgatan,weekend,35.25,310,9011005021800000,1,35.25,310
9022005000229001,Skogsfrid,9022005001307001,Vickergatan,weekend,63.64,8024,9011005021800000,1,63.64,8024
9022005000430001,Wernersgatan,9022005001307001,Vickergatan,weekend,47.39,310,9011005021800000,1,47.39,310
9022005001248001,Eskadern,9022005003580001,Drabantgatan,weekend,118.13,9129,9011005021800000,1,118.13,9129
9022005001249001,US Södra entrén,9022005001248001,Eskadern,weekend,147.73,9128,9011005021800000,1,147.73,9128
9022005001307001,Vickergatan,9022005000215003,Gamla Linköping,weekend,82.39,8333,9011005021800000,1,82.39,8333
9022005003580001,Drabantgatan,9022005004067001,Fanjunkaregatan,weekend,91.54,9128,9011005021800000,1,91.54,9128
9022005004067001,Fanjunkaregatan,9022005004091001,Westmansgatan 66,weekend,31.21,9128,9011005021800000,1,31.21,9128
9022005004091001,Westmansgatan 66,9022005000215003,Gamla Linköping,weekend,199.44,794,9011005021800000,1,199.44,794
9022005004091001,Westmansgatan 66,9022005000229001,Skogsfrid,weekend,49.72,8334,9011005021800000,1,49.72,8334
9022005001256002,Universitetet,9022005000050020,Linköpings resecentrum,day,512.24,1635,9011005022000000,0,512.24,1635
9022005001256002,Universitetet,9022005000050020,Linköpings resecentrum,night,528.5,1169,9011005022000000,0,528.5,1169
9022005001256002,Universitetet,9022005000050020,Linköpings resecentrum,pm_rush,554.38,3599,9011005022000000,0,554.38,3599
9022005003847002,Forskningsbyn,9022005004232003,Mjärdevi Center,am_rush,74.01,7012,9011005022000000,1,73.38,3983
9022005003847002,Forskningsbyn,9022005004232003,Mjärdevi Center,am_rush,74.01,7012,9011005022200000,1,74.83,3029
9022005004232003,Mjärdevi Center,9022005004139002,Mjärdevi,am_rush,58.73,7011,9011005022000000,1,57.28,3982
9022005004232003,Mjärdevi Center,9022005004139002,Mjärdevi,am_rush,58.73,7011,9011005022200000,1,60.63,3029
9022005003847002,Forskningsbyn,9022005004232003,Mjärdevi Center,day,60.75,4739,9011005022000000,1,63.14,1079
9022005003847002,Forskningsbyn,9022005004232003,Mjärdevi Center,day,60.75,4739,9011005022600000,0,60.04,3660
9022005004232003,Mjärdevi Center,9022005004139002,Mjärdevi,day,52.25,4740,9011005022000000,1,53.97,1079
9022005004232003,Mjärdevi Center,9022005004139002,Mjärdevi,day,52.25,4740,9011005022600000,0,51.74,3661
9022005000435002,Saab Norra porten,9022005001424001,Korngatan,day,146.86,620,9011005022100000,0,146.86,620
9022005001418001,Saab Södra,9022005000435002,Saab Norra porten,day,143.71,616,9011005022100000,0,143.71,616
9022005001422001,Humlegatan,9022005000050018,Linköpings resecentrum,day,303.3,621,9011005022100000,0,303.3,621
9022005000435002,Saab Norra porten,9022005001424001,Korngatan,night,151.19,1236,9011005022100000,0,151.19,1236
9022005001418001,Saab Södra,9022005000435002,Saab Norra porten,night,172.41,1235,9011005022100000,0,172.41,1235
9022005001422001,Humlegatan,9022005000050018,Linköpings resecentrum,night,237.01,1236,9011005022100000,0,237.01,1236
9022005000435002,Saab Norra porten,9022005001424001,Korngatan,pm_rush,156.22,3528,9011005022100000,0,156.22,3528
9022005001418001,Saab Södra,9022005000435002,Saab Norra porten,pm_rush,172.86,3518,9011005022100000,0,172.86,3518
9022005001422001,Humlegatan,9022005000050018,Linköpings resecentrum,pm_rush,230.56,3544,9011005022100000,0,230.56,3544
9022005000435001,Saab Norra porten,9022005001418002,Saab Södra,am_rush,136.77,5270,9011005022100000,1,136.77,5270
9022005001424002,Korngatan,9022005000435001,Saab Norra porten,am_rush,163.13,5262,9011005022100000,1,163.13,5262
9022005000412001,Rotegatan,9022005001300002,Lillgårdsgatan,night,436.8,15,9011005022200000,0,436.8,15
9022005000416001,Aspnäset,9022005000226002,Lövsbergsvägen,night,118.24,617,9011005022200000,0,118.24,617
9022005001300002,Lillgårdsgatan,9022005001231001,Ridhusgatan,night,30.6,15,9011005022200000,0,30.6,15
9022005003847001,Forskningsbyn,9022005080182002,Nobeltorget,night,119.22,1226,9011005022200000,0,129.02,616
9022005003847001,Forskningsbyn,9022005080182002,Nobeltorget,night,119.22,1226,9011005022600000,1,109.33,610
9022005004236002,Djurgården,9022005004253002,Garnisonen södra,night,93.09,616,9011005022200000,0,93.09,616
9022005004253002,Garnisonen södra,9022005000412001,Rotegatan,night,107.88,616,9011005022200000,0,107.88,616
9022005000412001,Rotegatan,9022005001300002,Lillgårdsgatan,pm_rush,438.91,45,9011005022200000,0,438.91,45
9022005000416001,Aspnäset,9022005000226002,Lövsbergsvägen,pm_rush,129.54,1856,9011005022200000,0,129.54,1856
9022005001300002,Lillgårdsgatan,9022005001231001,Ridhusgatan,pm_rush,46.78,45,9011005022200000,0,46.78,45
9022005003847001,Forskningsbyn,9022005080182002,Nobeltorget,pm_rush,122.12,3065,9011005022200000,0,128.79,1853
9022005003847001,Forskningsbyn,9022005080182002,Nobeltorget,pm_rush,122.12,3065,9011005022600000,1,111.92,1212
9022005004236002,Djurgården,9022005004253002,Garnisonen södra,pm_rush,97.19,1853,9011005022200000,0,97.19,1853
9022005004253002,Garnisonen södra,9022005000412001,Rotegatan,pm_rush,112.28,1853,9011005022200000,0,112.28,1853
9022005000412002,Rotegatan,9022005004253001,Garnisonen södra,am_rush,111.95,3008,9011005022200000,1,111.95,3008
9022005000416002,Aspnäset,9022005001598002,Ullstämma by,am_rush,70.26,3006,9011005022200000,1,70.26,3006
9022005001231002,Ridhusgatan,9022005001430002,Berga centrum,am_rush,162.09,3007,9011005022200000,1,162.09,3007
9022005004253001,Garnisonen södra,9022005004236001,Djurgården,am_rush,90.27,3008,9011005022200000,1,90.27,3008
9022005080182001,Nobeltorget,9022005003847002,Forskningsbyn,am_rush,119.75,3029,9011005022200000,1,119.75,3029
9022005000048001,Skäggetorp centrum,9022005001237001,Ullevi,day,99.08,3680,9011005022600000,0,99.08,3680
9022005000213001,Isberget,9022005080182001,Nobeltorget,day,261.45,3657,9011005022600000,0,261.45,3657
9022005000228001,Jägarvallsvägen,9022005003839002,Tingsvägen,day,73.56,7252,9011005022600000,0,72.81,3662
9022005000228001,Jägarvallsvägen,9022005003839002,Tingsvägen,day,73.56,7252,9011005022600000,1,74.32,3590
9022005000329002,Fröstorpsgatan,9022005003861001,Roxtorpsgatan 3,day,187.85,810,9011005022600000,0,187.85,810
9022005000444001,Tornet,9022005000050005,Linköpings resecentrum,day,248.34,161,9011005022600000,0,248.34,161
9022005000444001,Tornet,9022005000050020,Linköpings resecentrum,day,178.98,661,9011005022600000,0,178.98,661
9022005001237001,Ullevi,9022005000429002,IKEA,day,137.41,3690,9011005022600000,0,137.41,3690
9022005001315001,Solhaga,9022005001236003,Rusthållaregården,day,330.45,3664,9011005022600000,0,330.45,3664
9022005001411002,Mellangården,9022005000429002,IKEA,day,147.64,11,9011005022600000,0,147.64,11
9022005003839001,Tingsvägen,9022005000228001,Jägarvallsvägen,day,68.01,7252,9011005022600000,0,60.04,3662
9022005003839001,Tingsvägen,9022005000228001,Jägarvallsvägen,day,68.01,7252,9011005022600000,1,76.13,3590
9022005003839002,Tingsvägen,9022005003840002,Djursjukhuset,day,46.6,7253,9011005022600000,0,46.46,3662
9022005003839002,Tingsvägen,9022005003840002,Djursjukhuset,day,46.6,7253,9011005022600000,1,46.75,3591
9022005003840001,Djursjukhuset,9022005003839001,Tingsvägen,day,49.51,7252,9011005022600000,0,48.05,3662
9022005003840001,Djursjukhuset,9022005003839001,Tingsvägen,day,49.51,7252,9011005022600000,1,50.99,3590
9022005003840002,Djursjukhuset,9022005001343001,Mårdtorpsgatan,day,130.94,3663,9011005022600000,0,130.94,3663
9022005003858001,Tyttorpsgatan,9022005003974001,Tornby Park,day,51.41,822,9011005022600000,0,51.41,822
9022005003859001,Arla,9022005003858001,Tyttorpsgatan,day,28.23,822,9011005022600000,0,28.23,822
9022005003860001,Tvättlappen,9022005003859001,Arla,day,52.51,822,9011005022600000,0,52.51,822
9022005003861001,Roxtorpsgatan 3,9022005003860001,Tvättlappen,day,42.68,813,9011005022600000,0,42.68,813
9022005004139002,Mjärdevi,9022005003840001,Djursjukhuset,day,84.89,3662,9011005022600000,0,84.89,3662
9022005004171002,Norra Tornby,9022005004189001,MAXI,day,97.48,2498,9011005022600000,0,97.48,2498
9022005080182001,Nobeltorget,9022005003847002,Forskningsbyn,day,109.15,3657,9011005022600000,0,109.15,3657
9022005000048001,Skäggetorp centrum,9022005001237001,Ullevi,night,93.68,596,9011005022600000,0,93.68,596
9022005000213001,Isberget,9022005080182001,Nobeltorget,night,304.92,593,9011005022600000,0,304.92,593
9022005000228001,Jägarvallsvägen,9022005003839002,Tingsvägen,night,73.35,1203,9011005022600000,0,71.9,594
9022005000228001,Jägarvallsvägen,9022005003839002,Tingsvägen,night,73.35,1203,9011005022600000,1,74.76,609
9022005000329002,Fröstorpsgatan,9022005003861001,Roxtorpsgatan 3,night,178.64,192,9011005022600000,0,178.64,192
9022005000444001,Tornet,9022005000050005,Linköpings resecentrum,night,250.21,39,9011005022600000,0,250.21,39
9022005000444001,Tornet,9022005000050020,Linköpings resecentrum,night,170.2,158,9011005022600000,0,170.2,158
9022005001237001,Ullevi,9022005000429002,IKEA,night,135.2,597,9011005022600000,0,135.2,597
9022005001315001,Solhaga,9022005001236003,Rusthållaregården,night,339.34,594,9011005022600000,0,339.34,594
9022005003839001,Tingsvägen,9022005000228001,Jägarvallsvägen,night,66.3,1203,9011005022600000,0,54.96,594
9022005003839001,Tingsvägen,9022005000228001,Jägarvallsvägen,night,66.3,1203,9011005022600000,1,77.36,609
9022005003839002,Tingsvägen,9022005003840002,Djursjukhuset,night,46.09,1203,9011005022600000,0,46.22,594
9022005003839002,Tingsvägen,9022005003840002,Djursjukhuset,night,46.09,1203,9011005022600000,1,45.97,609
9022005003840001,Djursjukhuset,9022005003839001,Tingsvägen,night,49.24,1203,9011005022600000,0,49.02,594
9022005003840001,Djursjukhuset,9022005003839001,Tingsvägen,night,49.24,1203,9011005022600000,1,49.46,609
9022005003840002,Djursjukhuset,9022005001343001,Mårdtorpsgatan,night,132.61,594,9011005022600000,0,132.61,594
9022005003847002,Forskningsbyn,9022005004232003,Mjärdevi Center,night,75.93,593,9011005022600000,0,75.93,593
9022005003858001,Tyttorpsgatan,9022005003974001,Tornby Park,night,50.65,196,9011005022600000,0,50.65,196
9022005003859001,Arla,9022005003858001,Tyttorpsgatan,night,24.77,196,9011005022600000,0,24.77,196
9022005003860001,Tvättlappen,9022005003859001,Arla,night,44.01,196,9011005022600000,0,44.01,196
9022005003861001,Roxtorpsgatan 3,9022005003860001,Tvättlappen,night,33.42,193,9011005022600000,0,33.42,193
9022005004139002,Mjärdevi,9022005003840001,Djursjukhuset,night,86.48,594,9011005022600000,0,86.48,594
9022005004171002,Norra Tornby,9022005004189001,MAXI,night,98.48,405,9011005022600000,0,98.48,405
9022005004232003,Mjärdevi Center,9022005004139002,Mjärdevi,night,63.73,594,9011005022600000,0,63.73,594
9022005080182001,Nobeltorget,9022005003847002,Forskningsbyn,night,116.78,593,9011005022600000,0,116.78,593
9022005000048001,Skäggetorp centrum,9022005001237001,Ullevi,pm_rush,97.69,1208,9011005022600000,0,97.69,1208
9022005000213001,Isberget,9022005080182001,Nobeltorget,pm_rush,297.25,1202,9011005022600000,0,297.25,1202
9022005000228001,Jägarvallsvägen,9022005003839002,Tingsvägen,pm_rush,70.76,2414,9011005022600000,0,69.5,1203
9022005000228001,Jägarvallsvägen,9022005003839002,Tingsvägen,pm_rush,70.76,2414,9011005022600000,1,72.01,1211
9022005000329002,Fröstorpsgatan,9022005003861001,Roxtorpsgatan 3,pm_rush,201.19,392,9011005022600000,0,201.19,392
9022005000444001,Tornet,9022005000050005,Linköpings resecentrum,pm_rush,245.67,79,9011005022600000,0,245.67,79
9022005000444001,Tornet,9022005000050020,Linköpings resecentrum,pm_rush,205.98,322,9011005022600000,0,205.98,322
9022005001237001,Ullevi,9022005000429002,IKEA,pm_rush,144.95,1209,9011005022600000,0,144.95,1209
9022005001315001,Solhaga,9022005001236003,Rusthållaregården,pm_rush,374.33,1204,9011005022600000,0,374.33,1204
9022005003839001,Tingsvägen,9022005000228001,Jägarvallsvägen,pm_rush,60.95,2414,9011005022600000,0,56.63,1203
9022005003839001,Tingsvägen,9022005000228001,Jägarvallsvägen,pm_rush,60.95,2414,9011005022600000,1,65.24,1211
9022005003839002,Tingsvägen,9022005003840002,Djursjukhuset,pm_rush,47.47,2414,9011005022600000,0,45.98,1203
9022005003839002,Tingsvägen,9022005003840002,Djursjukhuset,pm_rush,47.47,2414,9011005022600000,1,48.96,1211
9022005003840001,Djursjukhuset,9022005003839001,Tingsvägen,pm_rush,55.75,2414,9011005022600000,0,54.49,1203
9022005003840001,Djursjukhuset,9022005003839001,Tingsvägen,pm_rush,55.75,2414,9011005022600000,1,57.01,1211
9022005003840002,Djursjukhuset,9022005001343001,Mårdtorpsgatan,pm_rush,136.67,1204,9011005022600000,0,136.67,1204
9022005003847002,Forskningsbyn,9022005004232003,Mjärdevi Center,pm_rush,71.75,1203,9011005022600000,0,71.75,1203
9022005003858001,Tyttorpsgatan,9022005003974001,Tornby Park,pm_rush,58.9,400,9011005022600000,0,58.9,400
9022005003859001,Arla,9022005003858001,Tyttorpsgatan,pm_rush,34.56,400,9011005022600000,0,34.56,400
9022005003860001,Tvättlappen,9022005003859001,Arla,pm_rush,56.11,396,9011005022600000,0,56.11,396
9022005003861001,Roxtorpsgatan 3,9022005003860001,Tvättlappen,pm_rush,47.94,392,9011005022600000,0,47.94,392
9022005004139002,Mjärdevi,9022005003840001,Djursjukhuset,pm_rush,91.63,1203,9011005022600000,0,91.63,1203
9022005004171002,Norra Tornby,9022005004189001,MAXI,pm_rush,99.46,818,9011005022600000,0,99.46,818
9022005004232003,Mjärdevi Center,9022005004139002,Mjärdevi,pm_rush,62.41,1203,9011005022600000,0,62.41,1203
9022005080182001,Nobeltorget,9022005003847002,Forskningsbyn,pm_rush,117.57,1202,9011005022600000,0,117.57,1202
9022005000048001,Skäggetorp centrum,9022005001237001,Ullevi,weekend,100.13,1498,9011005022600000,0,100.13,1498
9022005000213001,Isberget,9022005080182001,Nobeltorget,weekend,250.81,1494,9011005022600000,0,250.81,1494
9022005000228001,Jägarvallsvägen,9022005003839002,Tingsvägen,weekend,73.21,3198,9011005022600000,0,72.2,1494
9022005000228001,Jägarvallsvägen,9022005003839002,Tingsvägen,weekend,73.21,3198,9011005022600000,1,74.1,1704
9022005000329002,Fröstorpsgatan,9022005003861001,Roxtorpsgatan 3,weekend,175.92,480,9011005022600000,0,175.92,480
9022005000444001,Tornet,9022005000050005,Linköpings resecentrum,weekend,240.98,96,9011005022600000,0,240.98,96
9022005000444001,Tornet,9022005000050020,Linköpings resecentrum,weekend,172.78,395,9011005022600000,0,172.78,395
9022005001237001,Ullevi,9022005000429002,IKEA,weekend,152.21,1501,9011005022600000,0,152.21,1501
9022005001315001,Solhaga,9022005001236003,Rusthållaregården,weekend,327.2,1495,9011005022600000,0,327.2,1495
9022005003839001,Tingsvägen,9022005000228001,Jägarvallsvägen,weekend,72.61,3198,9011005022600000,0,66.28,1494
9022005003839001,Tingsvägen,9022005000228001,Jägarvallsvägen,weekend,72.61,3198,9011005022600000,1,78.16,1704
9022005003839002,Tingsvägen,9022005003840002,Djursjukhuset,weekend,45.24,3198,9011005022600000,0,44.78,1494
9022005003839002,Tingsvägen,9022005003840002,Djursjukhuset,weekend,45.24,3198,9011005022600000,1,45.64,1704
9022005003840001,Djursjukhuset,9022005003839001,Tingsvägen,weekend,46.85,3198,9011005022600000,0,45.88,1494
9022005003840001,Djursjukhuset,9022005003839001,Tingsvägen,weekend,46.85,3198,9011005022600000,1,47.7,1704
9022005003840002,Djursjukhuset,9022005001343001,Mårdtorpsgatan,weekend,130.83,1495,9011005022600000,0,130.83,1495
9022005003847002,Forskningsbyn,9022005004232003,Mjärdevi Center,weekend,53.15,1494,9011005022600000,0,53.15,1494
9022005003858001,Tyttorpsgatan,9022005003974001,Tornby Park,weekend,47.15,491,9011005022600000,0,47.15,491
9022005003859001,Arla,9022005003858001,Tyttorpsgatan,weekend,25.0,491,9011005022600000,0,25.0,491
9022005003860001,Tvättlappen,9022005003859001,Arla,weekend,44.31,491,9011005022600000,0,44.31,491
9022005003861001,Roxtorpsgatan 3,9022005003860001,Tvättlappen,weekend,32.87,486,9011005022600000,0,32.87,486
9022005004139002,Mjärdevi,9022005003840001,Djursjukhuset,weekend,82.53,1494,9011005022600000,0,82.53,1494
9022005004171002,Norra Tornby,9022005004189001,MAXI,weekend,98.74,1021,9011005022600000,0,98.74,1021
9022005004232003,Mjärdevi Center,9022005004139002,Mjärdevi,weekend,47.24,1494,9011005022600000,0,47.24,1494
9022005080182001,Nobeltorget,9022005003847002,Forskningsbyn,weekend,93.13,1494,9011005022600000,0,93.13,1494
9022005000048001,Skäggetorp centrum,9022005001411001,Mellangården,am_rush,134.48,585,9011005022600000,1,134.48,585
9022005000228001,Jägarvallsvägen,9022005003839002,Tingsvägen,am_rush,80.62,586,9011005022600000,1,80.62,586
9022005000429001,IKEA,9022005001237002,Ullevi,am_rush,100.85,955,9011005022600000,1,100.85,955
9022005000444002,Tornet,9022005003858002,Tyttorpsgatan,am_rush,124.62,501,9011005022600000,1,124.62,501
9022005000444002,Tornet,9022005003861001,Roxtorpsgatan 3,am_rush,175.6,5,9011005022600000,1,175.6,5
9022005001236001,Rusthållaregården,9022005001315002,Solhaga,am_rush,258.19,585,9011005022600000,1,258.19,585
9022005001237002,Ullevi,9022005000048001,Skäggetorp centrum,am_rush,162.19,955,9011005022600000,1,162.19,955
9022005001343002,Mårdtorpsgatan,9022005003840001,Djursjukhuset,am_rush,113.36,585,9011005022600000,1,113.36,585
9022005003839001,Tingsvägen,9022005000228001,Jägarvallsvägen,am_rush,79.64,585,9011005022600000,1,79.64,585
9022005003839002,Tingsvägen,9022005003840002,Djursjukhuset,am_rush,48.98,586,9011005022600000,1,48.98,586
9022005003840001,Djursjukhuset,9022005003839001,Tingsvägen,am_rush,50.09,585,9011005022600000,1,50.09,585
9022005003840002,Djursjukhuset,9022005004139001,Mjärdevi,am_rush,103.67,586,9011005022600000,1,103.67,586
9022005003847001,Forskningsbyn,9022005080182002,Nobeltorget,am_rush,109.9,586,9011005022600000,1,109.9,586
9022005003858001,Tyttorpsgatan,9022005000329001,Fröstorpsgatan,am_rush,154.0,28,9011005022600000,1,154.0,28
9022005003858002,Tyttorpsgatan,9022005003859002,Arla,am_rush,45.22,501,9011005022600000,1,45.22,501
9022005003859001,Arla,9022005003858001,Tyttorpsgatan,am_rush,28.82,22,9011005022600000,1,28.82,22
9022005003859002,Arla,9022005003860002,Tvättlappen,am_rush,54.89,501,9011005022600000,1,54.89,501
9022005003860001,Tvättlappen,9022005003859001,Arla,am_rush,58.4,10,9011005022600000,1,58.4,10
9022005003860002,Tvättlappen,9022005003861002,Roxtorpsgatan 3,am_rush,40.58,501,9011005022600000,1,40.58,501
9022005003861001,Roxtorpsgatan 3,9022005003860001,Tvättlappen,am_rush,32.2,5,9011005022600000,1,32.2,5
9022005003861002,Roxtorpsgatan 3,9022005000329001,Fröstorpsgatan,am_rush,166.76,504,9011005022600000,1,166.76,504
9022005004139001,Mjärdevi,9022005004232001,Mjärdevi Center,am_rush,75.88,586,9011005022600000,1,75.88,586
9022005080182002,Nobeltorget,9022005000213002,Isberget,am_rush,232.22,587,9011005022600000,1,232.22,587
9022005000048001,Skäggetorp centrum,9022005001411001,Mellangården,day,123.38,3585,9011005022600000,1,123.38,3585
9022005000429001,IKEA,9022005001237002,Ullevi,day,109.73,3583,9011005022600000,1,109.73,3583
9022005000444002,Tornet,9022005003858002,Tyttorpsgatan,day,120.87,700,9011005022600000,1,120.87,700
9022005001236001,Rusthållaregården,9022005001315002,Solhaga,day,251.72,3585,9011005022600000,1,251.72,3585
9022005001237002,Ullevi,9022005000048001,Skäggetorp centrum,day,176.84,3583,9011005022600000,1,176.84,3583
9022005001343002,Mårdtorpsgatan,9022005003840001,Djursjukhuset,day,114.26,3590,9011005022600000,1,114.26,3590
9022005003840002,Djursjukhuset,9022005004139001,Mjärdevi,day,93.13,3591,9011005022600000,1,93.13,3591
9022005003847001,Forskningsbyn,9022005080182002,Nobeltorget,day,110.87,3597,9011005022600000,1,110.87,3597
9022005003858002,Tyttorpsgatan,9022005003859002,Arla,day,35.16,700,9011005022600000,1,35.16,700
9022005003859002,Arla,9022005003860002,Tvättlappen,day,50.67,700,9011005022600000,1,50.67,700
9022005003860002,Tvättlappen,9022005003861002,Roxtorpsgatan 3,day,34.3,700,9011005022600000,1,34.3,700
9022005003861002,Roxtorpsgatan 3,9022005000329001,Fröstorpsgatan,day,186.54,700,9011005022600000,1,186.54,700
9022005004139001,Mjärdevi,9022005004232001,Mjärdevi Center,day,65.78,3591,9011005022600000,1,65.78,3591
9022005080182002,Nobeltorget,9022005000213002,Isberget,day,238.91,3617,9011005022600000,1,238.91,3617
9022005000048001,Skäggetorp centrum,9022005001411001,Mellangården,night,120.5,609,9011005022600000,1,120.5,609
9022005000429001,IKEA,9022005001237002,Ullevi,night,122.43,609,9011005022600000,1,122.43,609
9022005000444002,Tornet,9022005003858002,Tyttorpsgatan,night,117.88,176,9011005022600000,1,117.88,176
9022005001236001,Rusthållaregården,9022005001315002,Solhaga,night,257.63,609,9011005022600000,1,257.63,609
9022005001237002,Ullevi,9022005000048001,Skäggetorp centrum,night,167.82,609,9011005022600000,1,167.82,609
9022005001343002,Mårdtorpsgatan,9022005003840001,Djursjukhuset,night,112.25,609,9011005022600000,1,112.25,609
9022005003840002,Djursjukhuset,9022005004139001,Mjärdevi,night,91.22,609,9011005022600000,1,91.22,609
9022005003858002,Tyttorpsgatan,9022005003859002,Arla,night,33.44,176,9011005022600000,1,33.44,176
9022005003859002,Arla,9022005003860002,Tvättlappen,night,44.72,176,9011005022600000,1,44.72,176
9022005003860002,Tvättlappen,9022005003861002,Roxtorpsgatan 3,night,31.07,176,9011005022600000,1,31.07,176
9022005003861002,Roxtorpsgatan 3,9022005000329001,Fröstorpsgatan,night,188.04,176,9011005022600000,1,188.04,176
9022005004139001,Mjärdevi,9022005004232001,Mjärdevi Center,night,61.6,609,9011005022600000,1,61.6,609
9022005080182002,Nobeltorget,9022005000213002,Isberget,night,242.77,611,9011005022600000,1,242.77,611
9022005000048001,Skäggetorp centrum,9022005001411001,Mellangården,pm_rush,118.87,1211,9011005022600000,1,118.87,1211
9022005000429001,IKEA,9022005001237002,Ullevi,pm_rush,128.11,1209,9011005022600000,1,128.11,1209
9022005000444002,Tornet,9022005003858002,Tyttorpsgatan,pm_rush,129.77,354,9011005022600000,1,129.77,354
9022005001236001,Rusthållaregården,9022005001315002,Solhaga,pm_rush,265.49,1211,9011005022600000,1,265.49,1211
9022005001237002,Ullevi,9022005000048001,Skäggetorp centrum,pm_rush,162.04,1210,9011005022600000,1,162.04,1210
9022005001343002,Mårdtorpsgatan,9022005003840001,Djursjukhuset,pm_rush,125.1,1211,9011005022600000,1,125.1,1211
9022005003840002,Djursjukhuset,9022005004139001,Mjärdevi,pm_rush,98.4,1211,9011005022600000,1,98.4,1211
9022005003858002,Tyttorpsgatan,9022005003859002,Arla,pm_rush,34.7,354,9011005022600000,1,34.7,354
9022005003859002,Arla,9022005003860002,Tvättlappen,pm_rush,47.33,354,9011005022600000,1,47.33,354
9022005003860002,Tvättlappen,9022005003861002,Roxtorpsgatan 3,pm_rush,34.05,354,9011005022600000,1,34.05,354
9022005003861002,Roxtorpsgatan 3,9022005000329001,Fröstorpsgatan,pm_rush,200.66,354,9011005022600000,1,200.66,354
9022005004139001,Mjärdevi,9022005004232001,Mjärdevi Center,pm_rush,67.24,1211,9011005022600000,1,67.24,1211
9022005080182002,Nobeltorget,9022005000213002,Isberget,pm_rush,282.9,1213,9011005022600000,1,282.9,1213
9022005000048001,Skäggetorp centrum,9022005001411001,Mellangården,weekend,120.94,1703,9011005022600000,1,120.94,1703
9022005000429001,IKEA,9022005001237002,Ullevi,weekend,115.44,1703,9011005022600000,1,115.44,1703
9022005000444002,Tornet,9022005003858002,Tyttorpsgatan,weekend,108.32,488,9011005022600000,1,108.32,488
9022005001236001,Rusthållaregården,9022005001315002,Solhaga,weekend,251.45,1703,9011005022600000,1,251.45,1703
9022005001237002,Ullevi,9022005000048001,Skäggetorp centrum,weekend,175.62,1703,9011005022600000,1,175.62,1703
9022005001343002,Mårdtorpsgatan,9022005003840001,Djursjukhuset,weekend,110.71,1703,9011005022600000,1,110.71,1703
9022005003840002,Djursjukhuset,9022005004139001,Mjärdevi,weekend,87.08,1704,9011005022600000,1,87.08,1704
9022005003847001,Forskningsbyn,9022005080182002,Nobeltorget,weekend,110.6,1707,9011005022600000,1,110.6,1707
9022005003858002,Tyttorpsgatan,9022005003859002,Arla,weekend,31.72,488,9011005022600000,1,31.72,488
9022005003859002,Arla,9022005003860002,Tvättlappen,weekend,44.2,488,9011005022600000,1,44.2,488
9022005003860002,Tvättlappen,9022005003861002,Roxtorpsgatan 3,weekend,30.33,488,9011005022600000,1,30.33,488
9022005003861002,Roxtorpsgatan 3,9022005000329001,Fröstorpsgatan,weekend,182.93,488,9011005022600000,1,182.93,488
9022005004139001,Mjärdevi,9022005004232001,Mjärdevi Center,weekend,56.12,1704,9011005022600000,1,56.12,1704
9022005080182002,Nobeltorget,9022005000213002,Isberget,weekend,236.37,1720,9011005022600000,1,236.37,1720
9022005000042002,Tinnerbäcksbadet,9022005000046004,Trädgårdstorget,all,120.76,245510,9011005020100000,0,124.12,68918
9022005000042002,Tinnerbäcksbadet,9022005000046004,Trädgårdstorget,all,120.76,245510,9011005020200000,0,115.09,57062
9022005000042002,Tinnerbäcksbadet,9022005000046004,Trädgårdstorget,all,120.76,245510,9011005020400000,0,116.65,57999
9022005000042002,Tinnerbäcksbadet,9022005000046004,Trädgårdstorget,all,120.76,245510,9011005020500000,0,126.12,61531
9022005000043002,Berga Söderleden,9022005001227002,Majelden,all,96.12,142230,9011005020100000,0,96.53,68684
9022005000043002,Berga Söderleden,9022005001227002,Majelden,all,96.12,142230,9011005021400000,0,97.16,36811
9022005000043002,Berga Söderleden,9022005001227002,Majelden,all,96.12,142230,9011005021500000,0,94.31,36735
9022005000045002,Resedan,9022005001231002,Ridhusgatan,all,52.1,145218,9011005020100000,0,52.41,68678
9022005000045002,Resedan,9022005001231002,Ridhusgatan,all,52.1,145218,9011005021400000,0,52.24,36813
9022005000045002,Resedan,9022005001231002,Ridhusgatan,all,52.1,145218,9011005021500000,0,50.72,36720
9022005000045002,Resedan,9022005001231002,Ridhusgatan,all,52.1,145218,9011005022200000,1,60.13,3007
9022005000046004,Trädgårdstorget,9022005000050003,Linköpings resecentrum,all,397.24,1279,9011005020100000,0,397.24,1279
9022005000046004,Trädgårdstorget,9022005001243002,Kungsgatan,all,83.97,249308,9011005020100000,0,84.91,67648
9022005000046004,Trädgårdstorget,9022005001243002,Kungsgatan,all,83.97,249308,9011005020200000,0,82.37,56055
9022005000046004,Trädgårdstorget,9022005001243002,Kungsgatan,all,83.97,249308,9011005020300000,0,79.64,7459
9022005000046004,Trädgårdstorget,9022005001243002,Kungsgatan,all,83.97,249308,9011005020400000,0,83.05,56982
9022005000046004,Trädgårdstorget,9022005001243002,Kungsgatan,all,83.97,249308,9011005020500000,0,86.03,60256
9022005000046004,Trädgårdstorget,9022005001243002,Kungsgatan,all,83.97,249308,9011005020600000,0,69.65,908
9022005000050003,Linköpings resecentrum,9022005001223002,Klostergatan,all,156.35,66333,9011005020100000,0,156.35,66333
9022005000050003,Linköpings resecentrum,9022005003849002,Abisko centrum,all,249.86,2602,9011005020100000,0,249.86,2602
9022005000417003,Konsert & Kongress,9022005001219002,Abisko,all,70.44,66498,9011005020100000,0,70.44,66498
9022005001219002,Abisko,9022005001234002,Åbylund,all,103.34,66603,9011005020100000,0,103.34,66603
9022005001221002,Folkungavallen,9022005000042002,Tinnerbäcksbadet,all,97.41,290004,9011005020100000,0,98.96,68753
9022005001221002,Folkungavallen,9022005000042002,Tinnerbäcksbadet,all,97.41,290004,9011005020500000,0,100.34,61520
9022005001221002,Folkungavallen,9022005000042002,Tinnerbäcksbadet,all,97.41,290004,9011005021000000,1,96.33,38560
9022005001221002,Folkungavallen,9022005000042002,Tinnerbäcksbadet,all,97.41,290004,9011005021300000,0,96.63,47582
9022005001221002,Folkungavallen,9022005000042002,Tinnerbäcksbadet,all,97.41,290004,9011005021400000,0,96.13,36823
9022005001221002,Folkungavallen,9022005000042002,Tinnerbäcksbadet,all,97.41,290004,9011005021500000,0,93.06,36766
9022005001223002,Klostergatan,9022005000417003,Konsert & Kongress,all,83.3,66368,9011005020100000,0,83.3,66368
9022005001227002,Majelden,9022005001221002,Folkungavallen,all,104.54,142266,9011005020100000,0,105.51,68705
9022005001227002,Majelden,9022005001221002,Folkungavallen,all,104.54,142266,9011005021400000,0,104.18,36814
9022005001227002,Majelden,9022005001221002,Folkungavallen,all,104.54,142266,9011005021500000,0,103.08,36747
9022005001229002,Strågatan,9022005001230002,Middagsgatan,all,43.13,104429,9011005020100000,0,47.66,68664
9022005001229002,Strågatan,9022005001230002,Middagsgatan,all,43.13,104429,9011005021700000,1,34.43,35765
9022005001230002,Middagsgatan,9022005001233002,Grindgatan,all,78.75,68666,9011005020100000,0,78.75,68666
9022005001231002,Ridhusgatan,9022005000043002,Berga Söderleden,all,108.32,142212,9011005020100000,0,112.55,68678
9022005001231002,Ridhusgatan,9022005000043002,Berga Söderleden,all,108.32,142212,9011005021400000,0,105.57,36811
9022005001231002,Ridhusgatan,9022005000043002,Berga Söderleden,all,108.32,142212,9011005021500000,0,103.17,36723
9022005001232002,Myntgatan,9022005000045002,Resedan,all,53.39,108402,9011005020100000,0,54.04,68676
9022005001232002,Myntgatan,9022005000045002,Resedan,all,53.39,108402,9011005021500000,0,51.81,36719
9022005001232002,Myntgatan,9022005000045002,Resedan,all,53.39,108402,9011005022200000,1,57.92,3007
9022005001233002,Grindgatan,9022005001232002,Myntgatan,all,44.8,108392,9011005020100000,0,46.46,68670
9022005001233002,Grindgatan,9022005001232002,Myntgatan,all,44.8,108392,9011005021500000,0,41.68,36715
9022005001233002,Grindgatan,9022005001232002,Myntgatan,all,44.8,108392,9011005022200000,1,45.07,3007
9022005001234002,Åbylund,9022005001235002,Blomgatan,all,44.36,69273,9011005020100000,0,44.36,69273
9022005001235002,Blomgatan,9022005001236003,Rusthållaregården,all,127.21,69298,9011005020100000,0,127.21,69298
9022005001236003,Rusthållaregården,9022005001411002,Mellangården,all,51.97,139620,9011005020100000,0,54.72,69294
9022005001236003,Rusthållaregården,9022005001411002,Mellangården,all,51.97,139620,9011005020500000,0,49.17,63368
9022005001236003,Rusthållaregården,9022005001411002,Mellangården,all,51.97,139620,9011005022600000,0,50.03,6958
9022005001243002,Kungsgatan,9022005000050003,Linköpings resecentrum,all,271.27,67656,9011005020100000,0,271.27,67656
9022005001411002,Mellangården,9022005000048001,Skäggetorp centrum,all,144.24,139418,9011005020100000,0,145.58,69183
9022005001411002,Mellangården,9022005000048001,Skäggetorp centrum,all,144.24,139418,9011005020500000,0,137.63,63265
9022005001411002,Mellangården,9022005000048001,Skäggetorp centrum,all,144.24,139418,9011005022600000,0,190.96,6970
9022005003849002,Abisko centrum,9022005001234002,Åbylund,all,94.72,2605,9011005020100000,0,94.72,2605
9022005000417003,Konsert & Kongress,9022005001235002,Blomgatan,all,49.79,14,9011005020100000,0,49.79,14
9022005000042001,Tinnerbäcksbadet,9022005001222001,Bergdalsgatan,all,77.37,295910,9011005020100000,1,78.11,71269
9022005000042001,Tinnerbäcksbadet,9022005001222001,Bergdalsgatan,all,77.37,295910,9011005020500000,1,78.25,66320
9022005000042001,Tinnerbäcksbadet,9022005001222001,Bergdalsgatan,all,77.37,295910,9011005021000000,0,76.06,37344
9022005000042001,Tinnerbäcksbadet,9022005001222001,Bergdalsgatan,all,77.37,295910,9011005021300000,1,75.77,47312
9022005000042001,Tinnerbäcksbadet,9022005001222001,Bergdalsgatan,all,77.37,295910,9011005021400000,1,78.11,37669
9022005000042001,Tinnerbäcksbadet,9022005001222001,Bergdalsgatan,all,77.37,295910,9011005021500000,1,76.98,35996
9022005000043001,Berga Söderleden,9022005001231001,Ridhusgatan,all,88.44,147411,9011005020100000,1,88.61,71313
9022005000043001,Berga Söderleden,9022005001231001,Ridhusgatan,all,88.44,147411,9011005021400000,1,89.44,37688
9022005000043001,Berga Söderleden,9022005001231001,Ridhusgatan,all,88.44,147411,9011005021500000,1,86.95,36002
9022005000043001,Berga Söderleden,9022005001231001,Ridhusgatan,all,88.44,147411,9011005022200000,0,90.02,2408
9022005000045001,Resedan,9022005001232001,Myntgatan,all,37.53,109829,9011005020100000,1,38.62,71343
9022005000045001,Resedan,9022005001232001,Myntgatan,all,37.53,109829,9011005021500000,1,35.5,36015
9022005000045001,Resedan,9022005001232001,Myntgatan,all,37.53,109829,9011005022200000,0,35.47,2471
9022005000046003,Trädgårdstorget,9022005000042001,Tinnerbäcksbadet,all,129.66,514640,9011005020100000,1,130.45,71263
9022005000046003,Trädgårdstorget,9022005000042001,Tinnerbäcksbadet,all,129.66,514640,9011005020200000,1,130.17,54090
9022005000046003,Trädgårdstorget,9022005000042001,Tinnerbäcksbadet,all,129.66,514640,9011005020400000,1,134.19,56457
9022005000046003,Trädgårdstorget,9022005000042001,Tinnerbäcksbadet,all,129.66,514640,9011005020500000,1,131.22,66311
9022005000046003,Trädgårdstorget,9022005000042001,Tinnerbäcksbadet,all,129.66,514640,9011005021000000,0,131.43,37342
9022005000046003,Trädgårdstorget,9022005000042001,Tinnerbäcksbadet,all,129.66,514640,9011005021300000,1,126.42,47314
9022005000046003,Trädgårdstorget,9022005000042001,Tinnerbäcksbadet,all,129.66,514640,9011005021400000,1,128.86,37667
9022005000046003,Trädgårdstorget,9022005000042001,Tinnerbäcksbadet,all,129.66,514640,9011005021500000,1,126.52,35993
9022005000046003,Trädgårdstorget,9022005000042001,Tinnerbäcksbadet,all,129.66,514640,9011005021600000,0,125.88,35590
9022005000046003,Trädgårdstorget,9022005000042001,Tinnerbäcksbadet,all,129.66,514640,9011005021700000,1,128.83,35628
9022005000046003,Trädgårdstorget,9022005000042001,Tinnerbäcksbadet,all,129.66,514640,9011005021800000,1,128.35,36985
9022005000050002,Linköpings resecentrum,9022005000046003,Trädgårdstorget,all,297.78,1309,9011005020100000,1,297.78,1309
9022005000050002,Linköpings resecentrum,9022005001243001,Kungsgatan,all,157.18,69883,9011005020100000,1,157.18,69883
9022005000417001,Konsert & Kongress,9022005001223001,Klostergatan,all,67.37,96760,9011005020100000,1,66.88,69049
9022005000417001,Konsert & Kongress,9022005001223001,Klostergatan,all,67.37,96760,9011005021200000,0,68.58,27711
9022005001219001,Abisko,9022005000417001,Konsert & Kongress,all,95.03,69038,9011005020100000,1,95.03,69038
9022005001222001,Bergdalsgatan,9022005001227001,Majelden,all,81.66,144951,9011005020100000,1,81.58,71281
9022005001222001,Bergdalsgatan,9022005001227001,Majelden,all,81.66,144951,9011005021400000,1,83.12,37672
9022005001222001,Bergdalsgatan,9022005001227001,Majelden,all,81.66,144951,9011005021500000,1,80.31,35998
9022005001223001,Klostergatan,9022005000050002,Linköpings resecentrum,all,267.0,69054,9011005020100000,1,267.0,69054
9022005001227001,Majelden,9022005000043001,Berga Söderleden,all,112.74,144962,9011005020100000,1,110.81,71287
9022005001227001,Majelden,9022005000043001,Berga Söderleden,all,112.74,144962,9011005021400000,1,115.62,37674
9022005001227001,Majelden,9022005000043001,Berga Söderleden,all,112.74,144962,9011005021500000,1,113.53,36001
9022005001229001,Strågatan,9022005000044001,Hässlegatan,all,72.73,71323,9011005020100000,1,72.73,71323
9022005001230001,Middagsgatan,9022005001229001,Strågatan,all,39.18,107936,9011005020100000,1,42.08,71323
9022005001230001,Middagsgatan,9022005001229001,Strågatan,all,39.18,107936,9011005021700000,0,33.52,36613
9022005001231001,Ridhusgatan,9022005000045001,Resedan,all,56.93,109815,9011005020100000,1,57.44,71337
9022005001231001,Ridhusgatan,9022005000045001,Resedan,all,56.93,109815,9011005021500000,1,55.59,36008
9022005001231001,Ridhusgatan,9022005000045001,Resedan,all,56.93,109815,9011005022200000,0,61.8,2470
9022005001232001,Myntgatan,9022005001233001,Grindgatan,all,29.32,109831,9011005020100000,1,30.32,71343
9022005001232001,Myntgatan,9022005001233001,Grindgatan,all,29.32,109831,9011005021500000,1,27.32,36016
9022005001232001,Myntgatan,9022005001233001,Grindgatan,all,29.32,109831,9011005022200000,0,29.82,2472
9022005001233001,Grindgatan,9022005001230001,Middagsgatan,all,90.56,71323,9011005020100000,1,90.56,71323
9022005001234001,Åbylund,9022005001219001,Abisko,all,100.56,69025,9011005020100000,1,100.56,69025
9022005001234001,Åbylund,9022005003849001,Abisko centrum,all,101.3,2674,9011005020100000,1,101.3,2674
9022005001235001,Blomgatan,9022005001234001,Åbylund,all,64.78,71614,9011005020100000,1,64.78,71614
9022005001236001,Rusthållaregården,9022005001235001,Blomgatan,all,108.78,71575,9011005020100000,1,108.78,71575
9022005001243001,Kungsgatan,9022005000046003,Trädgårdstorget,all,109.2,564719,9011005020100000,1,109.04,69900
9022005001243001,Kungsgatan,9022005000046003,Trädgårdstorget,all,109.2,564719,9011005020200000,1,106.76,53097
9022005001243001,Kungsgatan,9022005000046003,Trädgårdstorget,all,109.2,564719,9011005020300000,1,109.66,7232
9022005001243001,Kungsgatan,9022005000046003,Trädgårdstorget,all,109.2,564719,9011005020400000,1,111.45,55457
9022005001243001,Kungsgatan,9022005000046003,Trädgårdstorget,all,109.2,564719,9011005020500000,1,111.76,64946
9022005001243001,Kungsgatan,9022005000046003,Trädgårdstorget,all,109.2,564719,9011005020600000,1,109.9,6927
9022005001243001,Kungsgatan,9022005000046003,Trädgårdstorget,all,109.2,564719,9011005021000000,0,108.24,36702
9022005001243001,Kungsgatan,9022005000046003,Trädgårdstorget,all,109.2,564719,9011005021100000,1,111.9,45343
9022005001243001,Kungsgatan,9022005000046003,Trädgårdstorget,all,109.2,564719,9011005021300000,1,106.63,46455
9022005001243001,Kungsgatan,9022005000046003,Trädgårdstorget,all,109.2,564719,9011005021400000,1,107.99,37017
9022005001243001,Kungsgatan,9022005000046003,Trädgårdstorget,all,109.2,564719,9011005021500000,1,108.66,35359
9022005001243001,Kungsgatan,9022005000046003,Trädgårdstorget,all,109.2,564719,9011005021600000,0,107.34,34903
9022005001243001,Kungsgatan,9022005000046003,Trädgårdstorget,all,109.2,564719,9011005021700000,1,110.65,35021
9022005001243001,Kungsgatan,9022005000046003,Trädgårdstorget,all,109.2,564719,9011005021800000,1,107.88,36360
9022005001411001,Mellangården,9022005001236001,Rusthållaregården,all,77.4,79126,9011005020100000,1,77.83,71433
9022005001411001,Mellangården,9022005001236001,Rusthållaregården,all,77.4,79126,9011005022600000,1,73.4,7693
9022005003849001,Abisko centrum,9022005000050002,Linköpings resecentrum,all,423.27,2674,9011005020100000,1,423.27,2674
9022005001233001,Grindgatan,9022005000044001,Hässlegatan,all,64.53,19,9011005020100000,1,64.53,19
9022005000046004,Trädgårdstorget,9022005000050006,Linköpings resecentrum,all,316.64,2027,9011005020200000,0,320.11,1009
9022005000046004,Trädgårdstorget,9022005000050006,Linköpings resecentrum,all,316.64,2027,9011005020400000,0,313.2,1018
9022005000198002,US Norra entrén,9022005000042002,Tinnerbäcksbadet,all,138.79,225307,9011005020200000,0,140.37,57052
9022005000198002,US Norra entrén,9022005000042002,Tinnerbäcksbadet,all,138.79,225307,9011005020400000,0,142.24,57987
9022005000198002,US Norra entrén,9022005000042002,Tinnerbäcksbadet,all,138.79,225307,9011005021600000,1,136.59,36156
9022005000198002,US Norra entrén,9022005000042002,Tinnerbäcksbadet,all,138.79,225307,9011005021700000,0,135.75,36840
9022005000198002,US Norra entrén,9022005000042002,Tinnerbäcksbadet,all,138.79,225307,9011005021800000,0,136.14,37272
9022005000404002,Infanterivägen,9022005001249002,US Södra entrén,all,151.63,13300,9011005020200000,0,146.57,6614
9022005000404002,Infanterivägen,9022005001249002,US Södra entrén,all,151.63,13300,9011005020400000,0,156.63,6686
9022005001243002,Kungsgatan,9022005000050006,Linköpings resecentrum,all,133.82,113033,9011005020200000,0,130.6,56053
9022005001243002,Kungsgatan,9022005000050006,Linköpings resecentrum,all,133.82,113033,9011005020400000,0,136.98,56980
9022005001249002,US Södra entrén,9022005000198002,US Norra entrén,all,88.09,225138,9011005020200000,0,85.42,57023
9022005001249002,US Södra entrén,9022005000198002,US Norra entrén,all,88.09,225138,9011005020400000,0,85.21,57957
9022005001249002,US Södra entrén,9022005000198002,US Norra entrén,all,88.09,225138,9011005021600000,1,95.28,36153
9022005001249002,US Södra entrén,9022005000198002,US Norra entrén,all,88.09,225138,9011005021700000,0,95.82,36773
9022005001249002,US Södra entrén,9022005000198002,US Norra entrén,all,88.09,225138,9011005021800000,0,82.04,37232
9022005004076001,Bygdegatan,9022005004250001,Hemmansgatan,all,85.46,56990,9011005020200000,0,85.46,56990
9022005004084001,Odalgatan,9022005004076001,Bygdegatan,all,53.65,56988,9011005020200000,0,53.65,56988
9022005004230002,Garnisonen,9022005001249002,US Södra entrén,all,117.62,101666,9011005020200000,0,111.8,50403
9022005004230002,Garnisonen,9022005001249002,US Södra entrén,all,117.62,101666,9011005020400000,0,123.35,51263
9022005004236002,Djurgården,9022005000404002,Infanterivägen,all,78.28,13299,9011005020200000,0,78.56,6613
9022005004236002,Djurgården,9022005000404002,Infanterivägen,all,78.28,13299,9011005020400000,0,78.01,6686
9022005004236002,Djurgården,9022005004230002,Garnisonen,all,107.22,101650,9011005020200000,0,107.56,50392
9022005004236002,Djurgården,9022005004230002,Garnisonen,all,107.22,101650,9011005020400000,0,106.89,51258
9022005004250001,Hemmansgatan,9022005004251001,Djurgården centrum,all,94.71,56999,9011005020200000,0,94.71,56999
9022005004251001,Djurgården centrum,9022005004236002,Djurgården,all,161.69,57017,9011005020200000,0,161.69,57017
9022005004236002,Djurgården,9022005000198002,US Norra entrén,all,88.37,33,9011005020200000,0,86.2,15
9022005004236002,Djurgården,9022005000198002,US Norra entrén,all,88.37,33,9011005020400000,0,90.17,18
9022005000042001,Tinnerbäcksbadet,9022005000198001,US Norra entrén,all,101.81,218826,9011005020200000,1,102.46,54085
9022005000042001,Tinnerbäcksbadet,9022005000198001,US Norra entrén,all,101.81,218826,9011005020400000,1,104.96,56457
9022005000042001,Tinnerbäcksbadet,9022005000198001,US Norra entrén,all,101.81,218826,9011005021600000,0,98.55,35660
9022005000042001,Tinnerbäcksbadet,9022005000198001,US Norra entrén,all,101.81,218826,9011005021700000,1,100.66,35632
9022005000042001,Tinnerbäcksbadet,9022005000198001,US Norra entrén,all,101.81,218826,9011005021800000,1,100.3,36992
9022005000198001,US Norra entrén,9022005001249001,US Södra entrén,all,94.3,219162,9011005020200000,1,96.14,54095
9022005000198001,US Norra entrén,9022005001249001,US Södra entrén,all,94.3,219162,9011005020400000,1,96.13,56464
9022005000198001,US Norra entrén,9022005001249001,US Södra entrén,all,94.3,219162,9011005021600000,0,88.38,35971
9022005000198001,US Norra entrén,9022005001249001,US Södra entrén,all,94.3,219162,9011005021700000,1,94.99,35637
9022005000198001,US Norra entrén,9022005001249001,US Södra entrén,all,94.3,219162,9011005021800000,1,93.88,36995
9022005000404001,Infanterivägen,9022005004236001,Djurgården,all,61.43,13046,9011005020200000,1,61.68,6508
9022005000404001,Infanterivägen,9022005004236001,Djurgården,all,61.43,13046,9011005020400000,1,61.18,6538
9022005001249001,US Södra entrén,9022005000404001,Infanterivägen,all,152.2,13045,9011005020200000,1,150.73,6508
9022005001249001,US Södra entrén,9022005000404001,Infanterivägen,all,152.2,13045,9011005020400000,1,153.66,6537
9022005001249001,US Södra entrén,9022005004230001,Garnisonen,all,107.39,97506,9011005020200000,1,106.7,47588
9022005001249001,US Södra entrén,9022005004230001,Garnisonen,all,107.39,97506,9011005020400000,1,108.05,49918
9022005004076002,Bygdegatan,9022005004084002,Odalgatan,all,47.1,54616,9011005020200000,1,47.1,54616
9022005004084002,Odalgatan,9022005000469003,Tegskiftesgatan,all,53.48,54614,9011005020200000,1,53.48,54614
9022005004230001,Garnisonen,9022005004236001,Djurgården,all,90.66,97647,9011005020200000,1,91.18,47727
9022005004230001,Garnisonen,9022005004236001,Djurgården,all,90.66,97647,9011005020400000,1,90.17,49920
9022005004236001,Djurgården,9022005004251002,Djurgården centrum,all,161.85,54542,9011005020200000,1,161.85,54542
9022005004250002,Hemmansgatan,9022005004076002,Bygdegatan,all,74.32,54615,9011005020200000,1,74.32,54615
9022005004251002,Djurgården centrum,9022005004250002,Hemmansgatan,all,101.36,54614,9011005020200000,1,101.36,54614
9022005001249001,US Södra entrén,9022005004251002,Djurgården centrum,all,170.19,16,9011005020200000,1,170.19,16
9022005000214001,Ryd centrum,9022005001315001,Solhaga,all,121.27,77597,9011005020300000,0,121.72,70640
9022005000214001,Ryd centrum,9022005001315001,Solhaga,all,121.27,77597,9011005022600000,0,116.68,6957
9022005000215001,Gamla Linköping,9022005001254001,Vallaplan,all,68.9,157535,9011005020300000,0,69.42,70652
9022005000215001,Gamla Linköping,9022005001254001,Vallaplan,all,68.9,157535,9011005020600000,0,67.31,57893
9022005000215001,Gamla Linköping,9022005001254001,Vallaplan,all,68.9,157535,9011005021200000,0,70.83,28990
9022005001243002,Kungsgatan,9022005000050005,Linköpings resecentrum,all,112.9,69417,9011005020300000,0,112.9,69417
9022005001253001,Parkgatan,9022005001259002,Barnhemsgatan,all,101.55,129917,9011005020300000,0,102.98,70683
9022005001253001,Parkgatan,9022005001259002,Barnhemsgatan,all,101.55,129917,9011005020600000,0,99.87,57929
9022005001253001,Parkgatan,9022005001259002,Barnhemsgatan,all,101.55,129917,9011005021200000,0,98.27,1305
9022005001254001,Vallaplan,9022005001253001,Parkgatan,all,68.33,157578,9011005020300000,0,68.52,70661
9022005001254001,Vallaplan,9022005001253001,Parkgatan,all,68.33,157578,9011005020600000,0,66.46,57914
9022005001254001,Vallaplan,9022005001253001,Parkgatan,all,68.33,157578,9011005021200000,0,71.58,29003
9022005001259002,Barnhemsgatan,9022005000046004,Trädgårdstorget,all,221.74,8367,9011005020300000,0,217.79,7459
9022005001259002,Barnhemsgatan,9022005000046004,Trädgårdstorget,all,221.74,8367,9011005020600000,0,254.17,908
9022005001259002,Barnhemsgatan,9022005001268002,Stora Torget,all,122.9,114204,9011005020300000,0,123.92,63234
9022005001259002,Barnhemsgatan,9022005001268002,Stora Torget,all,122.9,114204,9011005020600000,0,121.63,50970
9022005001268002,Stora Torget,9022005000050005,Linköpings resecentrum,all,302.74,1277,9011005020300000,0,302.74,1277
9022005001268002,Stora Torget,9022005001243002,Kungsgatan,all,110.1,111911,9011005020300000,0,112.03,61960
9022005001268002,Stora Torget,9022005001243002,Kungsgatan,all,110.1,111911,9011005020600000,0,107.7,49951
9022005001315001,Solhaga,9022005000215001,Gamla Linköping,all,157.25,70643,9011005020300000,0,157.25,70643
9022005001338001,Alsättersgatan,9022005001341001,Hangaren,all,59.55,70587,9011005020300000,0,59.55,70587
9022005001339001,Björnkärrsskolan,9022005001338001,Alsättersgatan,all,54.76,70582,9011005020300000,0,54.76,70582
9022005001341001,Hangaren,9022005001343001,Mårdtorpsgatan,all,95.45,70607,9011005020300000,0,95.45,70607
9022005001343001,Mårdtorpsgatan,9022005000214001,Ryd centrum,all,85.16,77590,9011005020300000,0,84.09,70634
9022005001343001,Mårdtorpsgatan,9022005000214001,Ryd centrum,all,85.16,77590,9011005022600000,0,95.97,6956
9022005000046003,Trädgårdstorget,9022005001259001,Barnhemsgatan,all,178.49,14157,9011005020300000,1,182.81,7232
9022005000046003,Trädgårdstorget,9022005001259001,Barnhemsgatan,all,178.49,14157,9011005020600000,1,173.98,6925
9022005000214002,Ryd centrum,9022005001343002,Mårdtorpsgatan,all,52.09,74728,9011005020300000,1,51.86,67032
9022005000214002,Ryd centrum,9022005001343002,Mårdtorpsgatan,all,52.09,74728,9011005022600000,1,54.14,7696
9022005000215002,Gamla Linköping,9022005001315002,Solhaga,all,126.86,67021,9011005020300000,1,126.86,67021
9022005001243001,Kungsgatan,9022005001268001,Stora Torget,all,115.43,106565,9011005020300000,1,118.57,58544
9022005001243001,Kungsgatan,9022005001268001,Stora Torget,all,115.43,106565,9011005020600000,1,111.6,48021
9022005001253002,Parkgatan,9022005001254002,Vallaplan,all,35.65,152882,9011005020300000,1,36.87,67009
9022005001253002,Parkgatan,9022005001254002,Vallaplan,all,35.65,152882,9011005020600000,1,33.93,55952
9022005001253002,Parkgatan,9022005001254002,Vallaplan,all,35.65,152882,9011005021200000,1,36.11,29921
9022005001254002,Vallaplan,9022005000215002,Gamla Linköping,all,100.94,152897,9011005020300000,1,99.39,67018
9022005001254002,Vallaplan,9022005000215002,Gamla Linköping,all,100.94,152897,9011005020600000,1,102.4,55948
9022005001254002,Vallaplan,9022005000215002,Gamla Linköping,all,100.94,152897,9011005021200000,1,101.7,29931
9022005001259001,Barnhemsgatan,9022005001253002,Parkgatan,all,123.96,124259,9011005020300000,1,123.66,67006
9022005001259001,Barnhemsgatan,9022005001253002,Parkgatan,all,123.96,124259,9011005020600000,1,124.08,55944
9022005001259001,Barnhemsgatan,9022005001253002,Parkgatan,all,123.96,124259,9011005021200000,1,134.52,1309
9022005001268001,Stora Torget,9022005001259001,Barnhemsgatan,all,129.4,108777,9011005020300000,1,133.12,59767
9022005001268001,Stora Torget,9022005001259001,Barnhemsgatan,all,129.4,108777,9011005020600000,1,124.87,49010
9022005001315002,Solhaga,9022005000214002,Ryd centrum,all,141.3,74726,9011005020300000,1,136.5,67031
9022005001315002,Solhaga,9022005000214002,Ryd centrum,all,141.3,74726,9011005022600000,1,183.07,7695
9022005001338002,Alsättersgatan,9022005001339002,Björnkärrsskolan,all,41.87,67034,9011005020300000,1,41.87,67034
9022005001339002,Björnkärrsskolan,9022005000219001,Rydsvägens ändhållplats,all,59.55,67026,9011005020300000,1,59.55,67026
9022005001341002,Hangaren,9022005001338002,Alsättersgatan,all,55.56,67034,9011005020300000,1,55.56,67034
9022005001343002,Mårdtorpsgatan,9022005001341002,Hangaren,all,83.67,67035,9011005020300000,1,83.67,67035
9022005000213001,Isberget,9022005000234002,Teknikringen,all,76.7,57860,9011005020400000,0,76.7,57860
9022005000234002,Teknikringen,9022005080182002,Nobeltorget,all,115.49,57871,9011005020400000,0,115.49,57871
9022005000418001,Änggårdsskolan,9022005001275001,Boställsgatan,all,56.39,64796,9011005020400000,0,56.73,57849
9022005000418001,Änggårdsskolan,9022005001275001,Boställsgatan,all,56.39,64796,9011005022600000,0,53.58,6947
9022005001273001,Rättaregatan,9022005000213001,Isberget,all,84.65,93778,9011005020400000,0,87.92,57858
9022005001273001,Rättaregatan,9022005000213001,Isberget,all,84.65,93778,9011005021200000,0,79.33,28973
9022005001273001,Rättaregatan,9022005000213001,Isberget,all,84.65,93778,9011005022600000,0,79.58,6947
9022005001274001,Slestadsskolan,9022005001273001,Rättaregatan,all,44.76,93780,9011005020400000,0,44.95,57858
9022005001274001,Slestadsskolan,9022005001273001,Rättaregatan,all,44.76,93780,9011005021200000,0,45.35,28975
9022005001274001,Slestadsskolan,9022005001273001,Rättaregatan,all,44.76,93780,9011005022600000,0,40.78,6947
9022005001275001,Boställsgatan,9022005001274001,Slestadsskolan,all,58.15,93771,9011005020400000,0,58.61,57852
9022005001275001,Boställsgatan,9022005001274001,Slestadsskolan,all,58.15,93771,9011005021200000,0,58.41,28972
9022005001275001,Boställsgatan,9022005001274001,Slestadsskolan,all,58.15,93771,9011005022600000,0,53.21,6947
9022005080004002,Vallastadens skola,9022005004236002,Djurgården,all,120.1,60426,9011005020400000,0,119.99,57957
9022005080004002,Vallastadens skola,9022005004236002,Djurgården,all,120.1,60426,9011005022200000,0,122.65,2469
9022005080182002,Nobeltorget,9022005080004002,Vallastadens skola,all,86.89,60369,9011005020400000,0,87.1,57900
9022005080182002,Nobeltorget,9022005080004002,Vallastadens skola,all,86.89,60369,9011005022200000,0,82.02,2469
9022005000213002,Isberget,9022005001273002,Rättaregatan,all,67.74,94285,9011005020400000,1,68.82,56497
9022005000213002,Isberget,9022005001273002,Rättaregatan,all,67.74,94285,9011005021200000,1,67.07,29948
9022005000213002,Isberget,9022005001273002,Rättaregatan,all,67.74,94285,9011005022600000,1,62.53,7840
9022005000234001,Teknikringen,9022005000213002,Isberget,all,80.8,56495,9011005020400000,1,80.8,56495
9022005000418002,Änggårdsskolan,9022005000223002,Landbogatan,all,103.28,64359,9011005020400000,1,100.2,56500
9022005000418002,Änggårdsskolan,9022005000223002,Landbogatan,all,103.28,64359,9011005022600000,1,125.46,7859
9022005001273002,Rättaregatan,9022005001274002,Slestadsskolan,all,40.55,94302,9011005020400000,1,41.46,56498
9022005001273002,Rättaregatan,9022005001274002,Slestadsskolan,all,40.55,94302,9011005021200000,1,40.19,29947
9022005001273002,Rättaregatan,9022005001274002,Slestadsskolan,all,40.55,94302,9011005022600000,1,35.38,7857
9022005001274002,Slestadsskolan,9022005001275002,Boställsgatan,all,56.07,94311,9011005020400000,1,57.8,56502
9022005001274002,Slestadsskolan,9022005001275002,Boställsgatan,all,56.07,94311,9011005021200000,1,54.44,29950
9022005001274002,Slestadsskolan,9022005001275002,Boställsgatan,all,56.07,94311,9011005022600000,1,49.85,7859
9022005001275002,Boställsgatan,9022005000418002,Änggårdsskolan,all,59.15,64361,9011005020400000,1,59.97,56502
9022005001275002,Boställsgatan,9022005000418002,Änggårdsskolan,all,59.15,64361,9011005022600000,1,53.24,7859
9022005004236001,Djurgården,9022005080004001,Vallastadens skola,all,122.08,59484,9011005020400000,1,122.18,56465
9022005004236001,Djurgården,9022005080004001,Vallastadens skola,all,122.08,59484,9011005022200000,1,120.16,3019
9022005080004001,Vallastadens skola,9022005080182001,Nobeltorget,all,93.72,59517,9011005020400000,1,93.79,56488
9022005080004001,Vallastadens skola,9022005080182001,Nobeltorget,all,93.72,59517,9011005022200000,1,92.33,3029
9022005080182001,Nobeltorget,9022005000234001,Teknikringen,all,97.24,56494,9011005020400000,1,97.24,56494
9022005001249001,US Södra entrén,9022005080004001,Vallastadens skola,all,114.53,17,9011005020400000,1,114.53,17
9022005000046004,Trädgårdstorget,9022005000050004,Linköpings resecentrum,all,401.98,1279,9011005020500000,0,401.98,1279
9022005000049001,Stiglötsgatan,9022005001241001,Sörgårdsgatan,all,77.32,63361,9011005020500000,0,77.32,63361
9022005000050004,Linköpings resecentrum,9022005000329001,Fröstorpsgatan,all,90.94,32,9011005020500000,0,90.94,32
9022005000050004,Linköpings resecentrum,9022005000444002,Tornet,all,218.78,61507,9011005020500000,0,218.78,61507
9022005000054002,Ekholmens centrum,9022005003559002,Järdalavägen 50,all,39.71,100767,9011005020500000,0,40.78,61480
9022005000054002,Ekholmens centrum,9022005003559002,Järdalavägen 50,all,39.71,100767,9011005021400000,0,38.19,36804
9022005000054002,Ekholmens centrum,9022005003559002,Järdalavägen 50,all,39.71,100767,9011005022200000,0,35.56,2483
9022005000329001,Fröstorpsgatan,9022005004171001,Norra Tornby,all,116.15,63907,9011005020500000,0,116.0,61644
9022005000329001,Fröstorpsgatan,9022005004171001,Norra Tornby,all,116.15,63907,9011005022600000,1,120.25,2263
9022005000429001,IKEA,9022005001238001,Skattegården,all,170.72,61681,9011005020500000,0,170.72,61681
9022005000444002,Tornet,9022005003974002,Tornby Park,all,68.64,61469,9011005020500000,0,68.64,61469
9022005000444002,Tornet,9022005003974003,Tornby Park,all,80.85,60,9011005020500000,0,80.85,60
9022005001238001,Skattegården,9022005001239001,Skrivaregatan,all,50.59,61915,9011005020500000,0,50.59,61915
9022005001239001,Skrivaregatan,9022005001240001,Fogdegatan,all,66.89,63268,9011005020500000,0,66.89,63268
9022005001240001,Fogdegatan,9022005000049001,Stiglötsgatan,all,51.1,63351,9011005020500000,0,51.1,63351
9022005001241001,Sörgårdsgatan,9022005001236003,Rusthållaregården,all,84.23,63361,9011005020500000,0,84.23,63361
9022005001243002,Kungsgatan,9022005000050004,Linköpings resecentrum,all,257.1,60258,9011005020500000,0,257.1,60258
9022005001252002,Risbrinksgatan,9022005001447002,Kristinebergsgatan,all,48.73,147641,9011005020500000,0,50.49,61515
9022005001252002,Risbrinksgatan,9022005001447002,Kristinebergsgatan,all,48.73,147641,9011005021000000,1,45.73,38548
9022005001252002,Risbrinksgatan,9022005001447002,Kristinebergsgatan,all,48.73,147641,9011005021300000,0,48.87,47578
9022005001318002,Ekhaga,9022005001332002,Jakobsdal,all,74.49,61493,9011005020500000,0,74.49,61493
9022005001324002,Vårdcentralen Ekholmen,9022005000054002,Ekholmens centrum,all,78.52,61476,9011005020500000,0,78.52,61476
9022005001325002,Ekholmsskolan,9022005001324002,Vårdcentralen Ekholmen,all,39.86,61478,9011005020500000,0,39.86,61478
9022005001332002,Jakobsdal,9022005001392002,Braskens bro,all,168.2,100025,9011005020500000,0,171.79,61496
9022005001332002,Jakobsdal,9022005001392002,Braskens bro,all,168.2,100025,9011005021000000,1,162.47,38529
9022005001392002,Braskens bro,9022005001252002,Risbrinksgatan,all,80.3,100041,9011005020500000,0,81.56,61504
9022005001392002,Braskens bro,9022005001252002,Risbrinksgatan,all,80.3,100041,9011005021000000,1,78.29,38537
9022005001447002,Kristinebergsgatan,9022005001221002,Folkungavallen,all,54.35,147653,9011005020500000,0,55.91,61520
9022005001447002,Kristinebergsgatan,9022005001221002,Folkungavallen,all,54.35,147653,9011005021000000,1,52.54,38553
9022005001447002,Kristinebergsgatan,9022005001221002,Folkungavallen,all,54.35,147653,9011005021300000,0,53.81,47580
9022005003559002,Järdalavägen 50,9022005001318002,Ekhaga,all,64.62,100778,9011005020500000,0,66.22,61487
9022005003559002,Järdalavägen 50,9022005001318002,Ekhaga,all,64.62,100778,9011005021400000,0,62.72,36808
9022005003559002,Järdalavägen 50,9022005001318002,Ekhaga,all,64.62,100778,9011005022200000,0,53.32,2483
9022005003974002,Tornby Park,9022005000329001,Fröstorpsgatan,all,102.72,61544,9011005020500000,0,102.72,61544
9022005003974003,Tornby Park,9022005000329001,Fröstorpsgatan,all,98.39,62,9011005020500000,0,98.39,62
9022005004171001,Norra Tornby,9022005000429001,IKEA,all,93.96,69705,9011005020500000,0,93.84,61647
9022005004171001,Norra Tornby,9022005000429001,IKEA,all,93.96,69705,9011005022600000,1,94.84,8058
9022005000049002,Stiglötsgatan,9022005001240002,Fogdegatan,all,55.55,65801,9011005020500000,1,55.55,65801
9022005000050010,Linköpings resecentrum,9022005000046003,Trädgårdstorget,all,318.44,1264,9011005020500000,1,318.44,1264
9022005000050010,Linköpings resecentrum,9022005001243001,Kungsgatan,all,166.63,64683,9011005020500000,1,166.63,64683
9022005000054001,Ekholmens centrum,9022005001324001,Vårdcentralen Ekholmen,all,58.21,66858,9011005020500000,1,58.21,66858
9022005000329002,Fröstorpsgatan,9022005003974001,Tornby Park,all,105.38,65919,9011005020500000,1,105.38,65919
9022005000429002,IKEA,9022005004171002,Norra Tornby,all,73.53,72817,9011005020500000,1,73.37,65806
9022005000429002,IKEA,9022005004171002,Norra Tornby,all,73.53,72817,9011005022600000,0,75.07,7011
9022005000444001,Tornet,9022005000050010,Linköpings resecentrum,all,304.25,65936,9011005020500000,1,304.25,65936
9022005001222001,Bergdalsgatan,9022005001252001,Risbrinksgatan,all,68.05,151035,9011005020500000,1,69.59,66381
9022005001222001,Bergdalsgatan,9022005001252001,Risbrinksgatan,all,68.05,151035,9011005021000000,0,66.81,37345
9022005001222001,Bergdalsgatan,9022005001252001,Risbrinksgatan,all,68.05,151035,9011005021300000,1,66.88,47309
9022005001236002,Rusthållaregården,9022005001241002,Sörgårdsgatan,all,85.16,65761,9011005020500000,1,85.16,65761
9022005001238002,Skattegården,9022005000429002,IKEA,all,204.58,65806,9011005020500000,1,204.58,65806
9022005001239002,Skrivaregatan,9022005001238002,Skattegården,all,52.21,65808,9011005020500000,1,52.21,65808
9022005001240002,Fogdegatan,9022005001239002,Skrivaregatan,all,64.66,65803,9011005020500000,1,64.66,65803
9022005001241002,Sörgårdsgatan,9022005000049002,Stiglötsgatan,all,80.22,65769,9011005020500000,1,80.22,65769
9022005001252001,Risbrinksgatan,9022005001392001,Braskens bro,all,81.85,103880,9011005020500000,1,82.6,66536
9022005001252001,Risbrinksgatan,9022005001392001,Braskens bro,all,81.85,103880,9011005021000000,0,80.5,37344
9022005001318001,Ekhaga,9022005003559001,Järdalavägen 50,all,42.57,104633,9011005020500000,1,42.94,66850
9022005001318001,Ekhaga,9022005003559001,Järdalavägen 50,all,42.57,104633,9011005021400000,1,41.92,37783
9022005001324001,Vårdcentralen Ekholmen,9022005001325001,Ekholmsskolan,all,34.47,66857,9011005020500000,1,34.47,66857
9022005001325001,Ekholmsskolan,9022005000419002,Räknestickan,all,48.28,66853,9011005020500000,1,48.28,66853
9022005001332001,Jakobsdal,9022005001318001,Ekhaga,all,91.76,66836,9011005020500000,1,91.76,66836
9022005001392001,Braskens bro,9022005001332001,Jakobsdal,all,141.63,104056,9011005020500000,1,142.85,66708
9022005001392001,Braskens bro,9022005001332001,Jakobsdal,all,141.63,104056,9011005021000000,0,139.46,37348
9022005001411001,Mellangården,9022005001236002,Rusthållaregården,all,60.91,65651,9011005020500000,1,60.91,65651
9022005003559001,Järdalavägen 50,9022005000054001,Ekholmens centrum,all,69.6,107641,9011005020500000,1,70.55,66858
9022005003559001,Järdalavägen 50,9022005000054001,Ekholmens centrum,all,69.6,107641,9011005021400000,1,68.55,37783
9022005003559001,Järdalavägen 50,9022005000054001,Ekholmens centrum,all,69.6,107641,9011005022200000,1,61.8,3000
9022005003974001,Tornby Park,9022005000444001,Tornet,all,72.81,67847,9011005020500000,1,72.7,65938
9022005003974001,Tornby Park,9022005000444001,Tornet,all,72.81,67847,9011005022600000,0,76.71,1909
9022005004171002,Norra Tornby,9022005000329002,Fröstorpsgatan,all,143.0,68097,9011005020500000,1,142.6,65827
9022005004171002,Norra Tornby,9022005000329002,Fröstorpsgatan,all,143.0,68097,9011005022600000,0,154.55,2270
9022005001222001,Bergdalsgatan,9022005003559001,Järdalavägen 50,all,37.4,5,9011005020500000,1,37.4,5
9022005000046006,Trädgårdstorget,9022005001243002,Kungsgatan,all,96.11,317973,9011005020600000,0,90.47,6057
9022005000046006,Trädgårdstorget,9022005001243002,Kungsgatan,all,96.11,317973,9011005021000000,1,99.43,37926
9022005000046006,Trädgårdstorget,9022005001243002,Kungsgatan,all,96.11,317973,9011005021100000,0,95.67,46456
9022005000046006,Trädgårdstorget,9022005001243002,Kungsgatan,all,96.11,317973,9011005021300000,0,99.06,46761
9022005000046006,Trädgårdstorget,9022005001243002,Kungsgatan,all,96.11,317973,9011005021400000,0,96.14,36205
9022005000046006,Trädgårdstorget,9022005001243002,Kungsgatan,all,96.11,317973,9011005021500000,0,95.54,36126
9022005000046006,Trädgårdstorget,9022005001243002,Kungsgatan,all,96.11,317973,9011005021600000,1,96.49,35539
9022005000046006,Trädgårdstorget,9022005001243002,Kungsgatan,all,96.11,317973,9011005021700000,0,93.73,36267
9022005000046006,Trädgårdstorget,9022005001243002,Kungsgatan,all,96.11,317973,9011005021800000,0,92.94,36636
9022005000221002,Tokarps skola,9022005001446002,Fårhagsvägen,all,50.09,57862,9011005020600000,0,50.09,57862
9022005000222001,Kärna kors,9022005001551001,Carl Cederströms gata,all,74.24,6680,9011005020600000,0,74.24,6680
9022005000222001,Kärna kors,9022005004138001,Flygvapenmuseum,all,109.62,51200,9011005020600000,0,109.62,51200
9022005001243002,Kungsgatan,9022005000050029,Linköpings resecentrum,all,185.73,56916,9011005020600000,0,185.73,56916
9022005001259002,Barnhemsgatan,9022005000046006,Trädgårdstorget,all,182.09,6056,9011005020600000,0,182.09,6056
9022005001268002,Stora Torget,9022005000050029,Linköpings resecentrum,all,377.34,1018,9011005020600000,0,377.34,1018
9022005001444002,Vinkännaren,9022005000221002,Tokarps skola,all,33.61,57858,9011005020600000,0,33.61,57858
9022005001446002,Fårhagsvägen,9022005001450002,Fårbetesvägen,all,56.66,57867,9011005020600000,0,56.66,57867
9022005001450002,Fårbetesvägen,9022005001452001,Kärnabrunnsgatan,all,76.44,57875,9011005020600000,0,76.44,57875
9022005001452001,Kärnabrunnsgatan,9022005001453001,Kärna skola,all,59.74,57875,9011005020600000,0,59.74,57875
9022005001453001,Kärna skola,9022005000222001,Kärna kors,all,102.65,57877,9011005020600000,0,102.65,57877
9022005001551001,Carl Cederströms gata,9022005004138001,Flygvapenmuseum,all,38.28,6680,9011005020600000,0,38.28,6680
9022005004138001,Flygvapenmuseum,9022005000215001,Gamla Linköping,all,339.0,57890,9011005020600000,0,339.0,57890
9022005000215002,Gamla Linköping,9022005004138002,Flygvapenmuseum,all,345.32,55950,9011005020600000,1,345.32,55950
9022005000221001,Tokarps skola,9022005001444001,Vinkännaren,all,29.76,55983,9011005020600000,1,29.76,55983
9022005000222002,Kärna kors,9022005001453002,Kärna skola,all,96.69,55983,9011005020600000,1,96.69,55983
9022005001444001,Vinkännaren,9022005001443001,Fårullsvägen,all,43.75,55977,9011005020600000,1,43.75,55977
9022005001446001,Fårhagsvägen,9022005000221001,Tokarps skola,all,41.26,55983,9011005020600000,1,41.26,55983
9022005001450001,Fårbetesvägen,9022005001446001,Fårhagsvägen,all,53.48,55984,9011005020600000,1,53.48,55984
9022005001452002,Kärnabrunnsgatan,9022005001450001,Fårbetesvägen,all,51.38,55985,9011005020600000,1,51.38,55985
9022005001453002,Kärna skola,9022005001452002,Kärnabrunnsgatan,all,69.29,55984,9011005020600000,1,69.29,55984
9022005001551002,Carl Cederströms gata,9022005000222002,Kärna kors,all,79.06,6478,9011005020600000,1,79.06,6478
9022005004138002,Flygvapenmuseum,9022005000222002,Kärna kors,all,112.49,49480,9011005020600000,1,112.49,49480
9022005004138002,Flygvapenmuseum,9022005001551002,Carl Cederströms gata,all,45.13,6475,9011005020600000,1,45.13,6475
9022005000050007,Linköpings resecentrum,9022005000046003,Trädgårdstorget,all,290.43,620,9011005021000000,0,290.43,620
9022005000050007,Linköpings resecentrum,9022005001243001,Kungsgatan,all,146.01,35966,9011005021000000,0,146.01,35966
9022005000155002,Gärstad,9022005002014002,Åby,all,62.24,37469,9011005021000000,0,62.24,37469
9022005000320001,Sturefors centrum,9022005080005001,Norrbergavägen,all,59.86,37368,9011005021000000,0,59.86,37368
9022005000423001,Anders Ljungstedts gy.,9022005000050007,Linköpings resecentrum,all,299.39,37552,9011005021000000,0,299.39,37552
9022005000439001,Södra Ullstämma,9022005002946001,Harvestad,all,54.86,37359,9011005021000000,0,54.86,37359
9022005000440002,Runstensgatan,9022005001458002,Stångebro,all,56.71,37493,9011005021000000,0,56.71,37493
9022005000448001,Ekholmen Brokindsleden,9022005000439001,Södra Ullstämma,all,154.6,37352,9011005021000000,0,154.6,37352
9022005001332001,Jakobsdal,9022005000448001,Ekholmen Brokindsleden,all,124.34,37352,9011005021000000,0,124.34,37352
9022005001458002,Stångebro,9022005000423001,Anders Ljungstedts gy.,all,38.75,37519,9011005021000000,0,38.75,37519
9022005002014002,Åby,9022005002015002,Sigbjörnsgatan,all,109.19,37472,9011005021000000,0,109.19,37472
9022005002015002,Sigbjörnsgatan,9022005000440002,Runstensgatan,all,59.63,37476,9011005021000000,0,59.63,37476
9022005002024002,Udden,9022005002025002,Östernäs,all,72.69,37440,9011005021000000,0,72.69,37440
9022005002025002,Östernäs,9022005002026002,Hallonvägen,all,54.27,37442,9011005021000000,0,54.27,37442
9022005002026002,Hallonvägen,9022005003595002,Bryggvägen,all,80.78,37451,9011005021000000,0,80.78,37451
9022005002028002,Stensättersvägen,9022005002030002,Näsby allé,all,118.02,37457,9011005021000000,0,118.02,37457
9022005002030002,Näsby allé,9022005000155002,Gärstad,all,54.11,37465,9011005021000000,0,54.11,37465
9022005002946001,Harvestad,9022005002949001,Klampenborg,all,168.86,37366,9011005021000000,0,168.86,37366
9022005002949001,Klampenborg,9022005000320001,Sturefors centrum,all,126.35,37367,9011005021000000,0,126.35,37367
9022005002953001,Vist skola,9022005002954001,Kråkbärsvägen,all,94.87,37368,9011005021000000,0,94.87,37368
9022005003595002,Bryggvägen,9022005002028002,Stensättersvägen,all,86.07,37451,9011005021000000,0,86.07,37451
9022005080005001,Norrbergavägen,9022005002953001,Vist skola,all,65.82,37368,9011005021000000,0,65.82,37368
9022005000042002,Tinnerbäcksbadet,9022005000046006,Trädgårdstorget,all,93.55,270091,9011005021000000,1,95.78,38570
9022005000042002,Tinnerbäcksbadet,9022005000046006,Trädgårdstorget,all,93.55,270091,9011005021300000,0,97.55,47586
9022005000042002,Tinnerbäcksbadet,9022005000046006,Trädgårdstorget,all,93.55,270091,9011005021400000,0,97.02,36841
9022005000042002,Tinnerbäcksbadet,9022005000046006,Trädgårdstorget,all,93.55,270091,9011005021500000,0,90.86,36767
9022005000042002,Tinnerbäcksbadet,9022005000046006,Trädgårdstorget,all,93.55,270091,9011005021600000,1,92.99,36157
9022005000042002,Tinnerbäcksbadet,9022005000046006,Trädgårdstorget,all,93.55,270091,9011005021700000,0,90.42,36896
9022005000042002,Tinnerbäcksbadet,9022005000046006,Trädgårdstorget,all,93.55,270091,9011005021800000,0,89.02,37274
9022005000046006,Trädgårdstorget,9022005000050028,Linköpings resecentrum,all,373.96,669,9011005021000000,1,373.96,669
9022005000050028,Linköpings resecentrum,9022005001458001,Stångebro,all,265.59,36676,9011005021000000,1,265.59,36676
9022005000155001,Gärstad,9022005002030001,Näsby allé,all,51.95,37409,9011005021000000,1,51.95,37409
9022005000320002,Sturefors centrum,9022005002949002,Klampenborg,all,119.43,38502,9011005021000000,1,119.43,38502
9022005000439002,Södra Ullstämma,9022005000448002,Ekholmen Brokindsleden,all,138.8,38519,9011005021000000,1,138.8,38519
9022005000440001,Runstensgatan,9022005002015001,Sigbjörnsgatan,all,85.37,37389,9011005021000000,1,85.37,37389
9022005000448002,Ekholmen Brokindsleden,9022005001332002,Jakobsdal,all,104.44,38523,9011005021000000,1,104.44,38523
9022005001243002,Kungsgatan,9022005000050028,Linköpings resecentrum,all,260.55,37991,9011005021000000,1,260.55,37991
9022005001458001,Stångebro,9022005000440001,Runstensgatan,all,42.21,37375,9011005021000000,1,42.21,37375
9022005002014001,Åby,9022005000155001,Gärstad,all,65.44,37392,9011005021000000,1,65.44,37392
9022005002015001,Sigbjörnsgatan,9022005002014001,Åby,all,102.3,37390,9011005021000000,1,102.3,37390
9022005002024001,Udden,9022005000153001,Roxtuna,all,108.76,37442,9011005021000000,1,108.76,37442
9022005002025001,Östernäs,9022005002024001,Udden,all,55.68,37441,9011005021000000,1,55.68,37441
9022005002026001,Hallonvägen,9022005002025001,Östernäs,all,57.29,37441,9011005021000000,1,57.29,37441
9022005002028001,Stensättersvägen,9022005003595001,Bryggvägen,all,90.94,37437,9011005021000000,1,90.94,37437
9022005002030001,Näsby allé,9022005002028001,Stensättersvägen,all,127.61,37426,9011005021000000,1,127.61,37426
9022005002946002,Harvestad,9022005000439002,Södra Ullstämma,all,62.67,38510,9011005021000000,1,62.67,38510
9022005002949002,Klampenborg,9022005002946002,Harvestad,all,162.02,38503,9011005021000000,1,162.02,38503
9022005002953002,Vist skola,9022005080005002,Norrbergavägen,all,75.07,38491,9011005021000000,1,75.07,38491
9022005003595001,Bryggvägen,9022005002026001,Hallonvägen,all,64.69,37440,9011005021000000,1,64.69,37440
9022005080005002,Norrbergavägen,9022005000320002,Sturefors centrum,all,78.85,38496,9011005021000000,1,78.85,38496
9022005000046006,Trädgårdstorget,9022005000050008,Linköpings resecentrum,all,304.55,838,9011005021100000,0,304.55,838
9022005000216001,Johannelunds centrum,9022005001262002,Ödegårdsgatan 24,all,50.92,94782,9011005021100000,0,50.1,47213
9022005000216001,Johannelunds centrum,9022005001262002,Ödegårdsgatan 24,all,50.92,94782,9011005021300000,0,51.73,47569
9022005000230002,Sandgårdsgatan,9022005001321002,Tegelbruksgatan,all,63.95,47253,9011005021100000,0,63.95,47253
9022005001243002,Kungsgatan,9022005000050008,Linköpings resecentrum,all,152.41,46453,9011005021100000,0,152.41,46453
9022005001261002,Ödegårdsgatan 11,9022005001323001,Stationsgatan,all,109.21,47225,9011005021100000,0,109.21,47225
9022005001262002,Ödegårdsgatan 24,9022005001261002,Ödegårdsgatan 11,all,39.93,94795,9011005021100000,0,39.24,47220
9022005001262002,Ödegårdsgatan 24,9022005001261002,Ödegårdsgatan 11,all,39.93,94795,9011005021300000,0,40.62,47575
9022005001319002,Drottningtorget,9022005000046006,Trädgårdstorget,all,144.69,47295,9011005021100000,0,144.69,47295
9022005001320002,Loftgatan,9022005001319002,Drottningtorget,all,63.23,47294,9011005021100000,0,63.23,47294
9022005001321002,Tegelbruksgatan,9022005001320002,Loftgatan,all,61.1,47280,9011005021100000,0,61.1,47280
9022005001323001,Stationsgatan,9022005000230002,Sandgårdsgatan,all,69.3,47230,9011005021100000,0,69.3,47230
9022005003854002,Tenndosan,9022005000216001,Johannelunds centrum,all,77.39,47212,9011005021100000,0,77.39,47212
9022005000046003,Trädgårdstorget,9022005001319001,Drottningtorget,all,156.25,46160,9011005021100000,1,156.25,46160
9022005000216002,Johannelunds centrum,9022005003854001,Tenndosan,all,66.44,46173,9011005021100000,1,66.44,46173
9022005000230001,Sandgårdsgatan,9022005001323003,Stationsgatan,all,76.01,46176,9011005021100000,1,76.01,46176
9022005001261001,Ödegårdsgatan 11,9022005001262001,Ödegårdsgatan 24,all,33.94,93486,9011005021100000,1,33.91,46174
9022005001261001,Ödegårdsgatan 11,9022005001262001,Ödegårdsgatan 24,all,33.94,93486,9011005021300000,1,33.96,47312
9022005001262001,Ödegårdsgatan 24,9022005000216002,Johannelunds centrum,all,61.64,93491,9011005021100000,1,60.9,46173
9022005001262001,Ödegårdsgatan 24,9022005000216002,Johannelunds centrum,all,61.64,93491,9011005021300000,1,62.37,47318
9022005001319001,Drottningtorget,9022005001320001,Loftgatan,all,38.85,46162,9011005021100000,1,38.85,46162
9022005001320001,Loftgatan,9022005001321001,Tegelbruksgatan,all,47.95,46173,9011005021100000,1,47.95,46173
9022005001321001,Tegelbruksgatan,9022005000230001,Sandgårdsgatan,all,49.8,46175,9011005021100000,1,49.8,46175
9022005001323003,Stationsgatan,9022005001261001,Ödegårdsgatan 11,all,99.47,46175,9011005021100000,1,99.47,46175
9022005003854001,Tenndosan,9022005000231001,Övre Johannelund,all,89.36,46172,9011005021100000,1,89.36,46172
9022005000213001,Isberget,9022005003870001,Bygärdesgatan,all,50.98,28971,9011005021200000,0,50.98,28971
9022005001223001,Klostergatan,9022005000050013,Linköpings resecentrum,all,135.28,27710,9011005021200000,0,135.28,27710
9022005001243002,Kungsgatan,9022005000050013,Linköpings resecentrum,all,95.69,1305,9011005021200000,0,95.69,1305
9022005001253001,Parkgatan,9022005003848001,Länsstyrelsen,all,148.31,27707,9011005021200000,0,148.31,27707
9022005001256002,Universitetet,9022005000215001,Gamla Linköping,all,173.93,28989,9011005021200000,0,173.93,28989
9022005001257002,Mäster Mattias väg,9022005001256002,Universitetet,all,52.51,35389,9011005021200000,0,49.08,28986
9022005001257002,Mäster Mattias väg,9022005001256002,Universitetet,all,52.51,35389,9011005022000000,0,68.01,6403
9022005001259002,Barnhemsgatan,9022005001243002,Kungsgatan,all,296.19,1305,9011005021200000,0,296.19,1305
9022005003847001,Forskningsbyn,9022005001257002,Mäster Mattias väg,all,81.12,35388,9011005021200000,0,78.05,28985
9022005003847001,Forskningsbyn,9022005001257002,Mäster Mattias väg,all,81.12,35388,9011005022000000,0,95.04,6403
9022005003848001,Länsstyrelsen,9022005000417001,Konsert & Kongress,all,109.8,27710,9011005021200000,0,109.8,27710
9022005003870001,Bygärdesgatan,9022005004232001,Mjärdevi Center,all,149.31,28972,9011005021200000,0,149.31,28972
9022005004232001,Mjärdevi Center,9022005003847001,Forskningsbyn,all,58.39,45558,9011005021200000,0,57.41,28979
9022005004232001,Mjärdevi Center,9022005003847001,Forskningsbyn,all,58.39,45558,9011005022600000,1,50.36,7707
9022005004232001,Mjärdevi Center,9022005003847001,Forskningsbyn,all,58.39,45558,9011005022000000,0,68.19,6403
9022005004232001,Mjärdevi Center,9022005003847001,Forskningsbyn,all,58.39,45558,9011005022200000,0,69.46,2469
9022005000215002,Gamla Linköping,9022005001256001,Universitetet,all,192.45,29930,9011005021200000,1,192.45,29930
9022005000417002,Konsert & Kongress,9022005003848002,Länsstyrelsen,all,119.47,28608,9011005021200000,1,119.47,28608
9022005001223002,Klostergatan,9022005000417002,Konsert & Kongress,all,102.39,28617,9011005021200000,1,102.39,28617
9022005001243001,Kungsgatan,9022005001259001,Barnhemsgatan,all,274.68,1308,9011005021200000,1,274.68,1308
9022005001256001,Universitetet,9022005001257001,Mäster Mattias väg,all,49.87,34993,9011005021200000,1,48.7,29934
9022005001256001,Universitetet,9022005001257001,Mäster Mattias väg,all,49.87,34993,9011005022000000,1,56.8,5059
9022005001257001,Mäster Mattias väg,9022005003847002,Forskningsbyn,all,77.54,35008,9011005021200000,1,75.22,29946
9022005001257001,Mäster Mattias väg,9022005003847002,Forskningsbyn,all,77.54,35008,9011005022000000,1,91.28,5062
9022005001275002,Boställsgatan,9022005000418003,Änggårdsskolan,all,61.8,29949,9011005021200000,1,61.8,29949
9022005003847002,Forskningsbyn,9022005004232002,Mjärdevi Center,all,81.0,29947,9011005021200000,1,81.0,29947
9022005003848002,Länsstyrelsen,9022005001253002,Parkgatan,all,107.03,28609,9011005021200000,1,107.03,28609
9022005003870002,Bygärdesgatan,9022005000213002,Isberget,all,45.15,29949,9011005021200000,1,45.15,29949
9022005004232002,Mjärdevi Center,9022005003870002,Bygärdesgatan,all,117.03,29950,9011005021200000,1,117.03,29950
9022005000417002,Konsert & Kongress,9022005001254002,Vallaplan,all,31.5,6,9011005021200000,1,31.5,6
9022005000046006,Trädgårdstorget,9022005000050011,Linköpings resecentrum,all,424.99,837,9011005021300000,0,424.99,837
9022005000050011,Linköpings resecentrum,9022005000423002,Anders Ljungstedts gy.,all,267.32,47805,9011005021300000,0,267.32,47805
9022005000095002,Tallboda skola,9022005001604002,Gullringsvägen,all,48.92,5585,9011005021300000,0,48.92,5585
9022005000096002,Staby bro,9022005004078002,Sidvindsvägen,all,47.15,48071,9011005021300000,0,47.15,48071
9022005000351002,Linköping Arena,9022005001610002,Masugnen,all,110.76,48018,9011005021300000,0,110.76,48018
9022005000423002,Anders Ljungstedts gy.,9022005000351002,Linköping Arena,all,81.63,47986,9011005021300000,0,81.63,47986
9022005001243002,Kungsgatan,9022005000050011,Linköpings resecentrum,all,262.7,46785,9011005021300000,0,262.7,46785
9022005001261002,Ödegårdsgatan 11,9022005001252002,Risbrinksgatan,all,80.72,47574,9011005021300000,0,80.72,47574
9022005001322002,Fönvindsvägen västra,9022005001327002,Fönvindsvägen östra,all,26.38,48071,9011005021300000,0,26.38,48071
9022005001346002,Munkhagsgatan 74,9022005000216001,Johannelunds centrum,all,99.96,47567,9011005021300000,0,99.96,47567
9022005001348002,Spångerum,9022005001346002,Munkhagsgatan 74,all,59.47,47564,9011005021300000,0,59.47,47564
9022005001460002,Tallboda centrum,9022005000095002,Tallboda skola,all,85.57,5584,9011005021300000,0,85.57,5584
9022005001460004,Tallboda centrum,9022005001604002,Gullringsvägen,all,31.98,42420,9011005021300000,0,31.98,42420
9022005001604002,Gullringsvägen,9022005000096002,Staby bro,all,80.9,48070,9011005021300000,0,80.9,48070
9022005001605002,Idögatan,9022005001460002,Tallboda centrum,all,62.68,5584,9011005021300000,0,62.68,5584
9022005001605002,Idögatan,9022005001460004,Tallboda centrum,all,69.15,42420,9011005021300000,0,69.15,42420
9022005001605002,Idögatan,9022005080007002,Gränsliden,all,130.71,65,9011005021300000,0,130.71,65
9022005001607002,Fågelögatan,9022005001605002,Idögatan,all,108.15,48069,9011005021300000,0,108.15,48069
9022005001609002,Harstenagatan,9022005001607002,Fågelögatan,all,36.54,48063,9011005021300000,0,36.54,48063
9022005001610002,Masugnen,9022005001609002,Harstenagatan,all,35.69,48030,9011005021300000,0,35.69,48030
9022005004078002,Sidvindsvägen,9022005001322002,Fönvindsvägen västra,all,71.8,48071,9011005021300000,0,71.8,48071
9022005080007002,Gränsliden,9022005001604002,Gullringsvägen,all,62.72,65,9011005021300000,0,62.72,65
9022005000050008,Linköpings resecentrum,9022005000046003,Trädgårdstorget,all,301.59,827,9011005021300000,1,301.59,827
9022005000050008,Linköpings resecentrum,9022005001243001,Kungsgatan,all,152.52,46442,9011005021300000,1,152.52,46442
9022005000095001,Tallboda skola,9022005001460001,Tallboda centrum,all,92.04,5454,9011005021300000,1,92.04,5454
9022005000096001,Staby bro,9022005001604001,Gullringsvägen,all,82.7,47227,9011005021300000,1,82.7,47227
9022005000216002,Johannelunds centrum,9022005001346001,Munkhagsgatan 74,all,98.83,47319,9011005021300000,1,98.83,47319
9022005000351001,Linköping Arena,9022005000423001,Anders Ljungstedts gy.,all,99.27,47253,9011005021300000,1,99.27,47253
9022005000423001,Anders Ljungstedts gy.,9022005000050008,Linköpings resecentrum,all,256.26,47259,9011005021300000,1,256.26,47259
9022005001252001,Risbrinksgatan,9022005001261001,Ödegårdsgatan 11,all,69.52,47310,9011005021300000,1,69.52,47310
9022005001322001,Fönvindsvägen västra,9022005004078001,Sidvindsvägen,all,71.93,47217,9011005021300000,1,71.93,47217
9022005001346001,Munkhagsgatan 74,9022005001348001,Spångerum,all,47.7,47319,9011005021300000,1,47.7,47319
9022005001348001,Spångerum,9022005000217003,Nedre Johannelund,all,95.18,47320,9011005021300000,1,95.18,47320
9022005001460001,Tallboda centrum,9022005001605001,Idögatan,all,63.46,5454,9011005021300000,1,63.46,5454
9022005001460003,Tallboda centrum,9022005001605001,Idögatan,all,65.78,41717,9011005021300000,1,65.78,41717
9022005001604001,Gullringsvägen,9022005000095001,Tallboda skola,all,49.73,5453,9011005021300000,1,49.73,5453
9022005001604001,Gullringsvägen,9022005001460003,Tallboda centrum,all,38.71,41714,9011005021300000,1,38.71,41714
9022005001604001,Gullringsvägen,9022005080007001,Gränsliden,all,28.65,60,9011005021300000,1,28.65,60
9022005001605001,Idögatan,9022005001607001,Fågelögatan,all,91.53,44596,9011005021300000,1,91.53,44596
9022005001605001,Idögatan,9022005001609001,Harstenagatan,all,138.66,2639,9011005021300000,1,138.66,2639
9022005001607001,Fågelögatan,9022005001609001,Harstenagatan,all,41.4,44601,9011005021300000,1,41.4,44601
9022005001609001,Harstenagatan,9022005001610001,Masugnen,all,43.58,47247,9011005021300000,1,43.58,47247
9022005001610001,Masugnen,9022005000351001,Linköping Arena,all,117.33,47249,9011005021300000,1,117.33,47249
9022005004078001,Sidvindsvägen,9022005000096001,Staby bro,all,51.85,47217,9011005021300000,1,51.85,47217
9022005080007001,Gränsliden,9022005001605001,Idögatan,all,182.33,60,9011005021300000,1,182.33,60
9022005001222001,Bergdalsgatan,9022005001262001,Ödegårdsgatan 24,all,30.2,5,9011005021300000,1,30.2,5
9022005000046006,Trädgårdstorget,9022005000050012,Linköpings resecentrum,all,338.53,1290,9011005021400000,0,395.02,652
9022005000046006,Trädgårdstorget,9022005000050012,Linköpings resecentrum,all,338.53,1290,9011005021800000,0,280.8,638
9022005000050012,Linköpings resecentrum,9022005001405002,Timmermansplatsen,all,211.18,36453,9011005021400000,0,211.18,36453
9022005000226002,Lövsbergsvägen,9022005001394002,Ekdalsvägen,all,47.86,74375,9011005021400000,0,49.61,36787
9022005000226002,Lövsbergsvägen,9022005001394002,Ekdalsvägen,all,47.86,74375,9011005021600000,0,45.87,35111
9022005000226002,Lövsbergsvägen,9022005001394002,Ekdalsvägen,all,47.86,74375,9011005022200000,0,50.1,2477
9022005000437002,Vårdsbergsvägen,9022005001398002,Strandängsvägen,all,93.84,39275,9011005021400000,0,93.86,36791
9022005000437002,Vårdsbergsvägen,9022005001398002,Strandängsvägen,all,93.84,39275,9011005022200000,0,93.56,2484
9022005001243002,Kungsgatan,9022005000050012,Linköpings resecentrum,all,179.17,72890,9011005021400000,0,243.31,36253
9022005001243002,Kungsgatan,9022005000050012,Linköpings resecentrum,all,179.17,72890,9011005021800000,0,115.71,36637
9022005001309002,Tornhagen,9022005000215002,Gamla Linköping,all,145.03,116,9011005021400000,0,145.03,116
9022005001309002,Tornhagen,9022005000215004,Gamla Linköping,all,175.0,36767,9011005021400000,0,175.0,36767
9022005001318002,Ekhaga,9022005001330002,Kattfotstigen,all,81.27,36807,9011005021400000,0,81.27,36807
9022005001329002,Kryddvägen,9022005000045002,Resedan,all,53.64,36812,9011005021400000,0,53.64,36812
9022005001330002,Kattfotstigen,9022005001329002,Kryddvägen,all,30.59,36810,9011005021400000,0,30.59,36810
9022005001394002,Ekdalsvägen,9022005000437002,Vårdsbergsvägen,all,40.94,74386,9011005021400000,0,43.69,36790
9022005001394002,Ekdalsvägen,9022005000437002,Vårdsbergsvägen,all,40.94,74386,9011005021600000,0,37.98,35113
9022005001394002,Ekdalsvägen,9022005000437002,Vårdsbergsvägen,all,40.94,74386,9011005022200000,0,42.07,2483
9022005001398002,Strandängsvägen,9022005001400002,Aspeliden,all,79.5,39265,9011005021400000,0,79.75,36781
9022005001398002,Strandängsvägen,9022005001400002,Aspeliden,all,79.5,39265,9011005022200000,0,75.8,2484
9022005001398002,Strandängsvägen,9022005003850002,Ektunavägen,all,81.5,8,9011005021400000,0,81.5,8
9022005001400002,Aspeliden,9022005001401002,Kvinnebystigen,all,52.97,39270,9011005021400000,0,53.42,36786
9022005001400002,Aspeliden,9022005001401002,Kvinnebystigen,all,52.97,39270,9011005022200000,0,46.24,2484
9022005001401002,Kvinnebystigen,9022005003850002,Ektunavägen,all,47.03,39273,9011005021400000,0,47.43,36789
9022005001401002,Kvinnebystigen,9022005003850002,Ektunavägen,all,47.03,39273,9011005022200000,0,41.1,2484
9022005001405002,Timmermansplatsen,9022005003849002,Abisko centrum,all,73.59,36591,9011005021400000,0,73.59,36591
9022005003748002,Gärdesgatan,9022005003908002,Lektorshagen,all,51.14,36804,9011005021400000,0,51.14,36804
9022005003849002,Abisko centrum,9022005003748002,Gärdesgatan,all,109.24,36803,9011005021400000,0,109.24,36803
9022005003850002,Ektunavägen,9022005000054002,Ekholmens centrum,all,107.79,39283,9011005021400000,0,107.7,36800
9022005003850002,Ektunavägen,9022005000054002,Ekholmens centrum,all,107.79,39283,9011005022200000,0,109.15,2483
9022005003908002,Lektorshagen,9022005001309002,Tornhagen,all,91.9,36815,9011005021400000,0,91.9,36815
9022005001405002,Timmermansplatsen,9022005003908002,Lektorshagen,all,59.0,7,9011005021400000,0,59.0,7
9022005000050012,Linköpings resecentrum,9022005001309002,Tornhagen,all,140.61,67,9011005021400000,0,140.61,67
9022005000050001,Linköpings resecentrum,9022005000046003,Trädgårdstorget,all,284.95,634,9011005021400000,1,284.95,634
9022005000050001,Linköpings resecentrum,9022005001243001,Kungsgatan,all,142.49,36927,9011005021400000,1,142.49,36927
9022005000054001,Ekholmens centrum,9022005003850001,Ektunavägen,all,83.75,40784,9011005021400000,1,83.93,37783
9022005000054001,Ekholmens centrum,9022005003850001,Ektunavägen,all,83.75,40784,9011005022200000,1,81.55,3001
9022005000226001,Lövsbergsvägen,9022005000416002,Aspnäset,all,78.86,40791,9011005021400000,1,75.62,37785
9022005000226001,Lövsbergsvägen,9022005000416002,Aspnäset,all,78.86,40791,9011005022200000,1,119.56,3006
9022005000437001,Vårdsbergsvägen,9022005001394001,Ekdalsvägen,all,49.65,77468,9011005021400000,1,52.61,37785
9022005000437001,Vårdsbergsvägen,9022005001394001,Ekdalsvägen,all,49.65,77468,9011005021600000,1,46.02,36677
9022005000437001,Vårdsbergsvägen,9022005001394001,Ekdalsvägen,all,49.65,77468,9011005022200000,1,56.68,3006
9022005001224001,Åleryd,9022005001329001,Kryddvägen,all,30.92,37779,9011005021400000,1,30.92,37779
9022005001231001,Ridhusgatan,9022005001224001,Åleryd,all,77.29,37762,9011005021400000,1,77.29,37762
9022005001309001,Tornhagen,9022005003908001,Lektorshagen,all,92.7,37623,9011005021400000,1,92.7,37623
9022005001329001,Kryddvägen,9022005001330001,Kattfotstigen,all,30.88,37782,9011005021400000,1,30.88,37782
9022005001330001,Kattfotstigen,9022005001318001,Ekhaga,all,72.46,37782,9011005021400000,1,72.46,37782
9022005001394001,Ekdalsvägen,9022005000226001,Lövsbergsvägen,all,48.53,77469,9011005021400000,1,49.21,37785
9022005001394001,Ekdalsvägen,9022005000226001,Lövsbergsvägen,all,48.53,77469,9011005021600000,1,47.08,36678
9022005001394001,Ekdalsvägen,9022005000226001,Lövsbergsvägen,all,48.53,77469,9011005022200000,1,57.71,3006
9022005001398001,Strandängsvägen,9022005000437001,Vårdsbergsvägen,all,89.35,40790,9011005021400000,1,89.85,37785
9022005001398001,Strandängsvägen,9022005000437001,Vårdsbergsvägen,all,89.35,40790,9011005022200000,1,83.03,3005
9022005001400001,Aspeliden,9022005001398001,Strandängsvägen,all,69.91,40790,9011005021400000,1,69.78,37785
9022005001400001,Aspeliden,9022005001398001,Strandängsvägen,all,69.91,40790,9011005022200000,1,71.56,3005
9022005001401001,Kvinnebystigen,9022005001400001,Aspeliden,all,54.03,40788,9011005021400000,1,54.27,37784
9022005001401001,Kvinnebystigen,9022005001400001,Aspeliden,all,54.03,40788,9011005022200000,1,50.98,3004
9022005001405001,Timmermansplatsen,9022005000050001,Linköpings resecentrum,all,310.2,37559,9011005021400000,1,310.2,37559
9022005003748001,Gärdesgatan,9022005003849001,Abisko centrum,all,109.8,37557,9011005021400000,1,109.8,37557
9022005003849001,Abisko centrum,9022005001405001,Timmermansplatsen,all,78.12,37559,9011005021400000,1,78.12,37559
9022005003850001,Ektunavägen,9022005001401001,Kvinnebystigen,all,58.05,40787,9011005021400000,1,58.4,37784
9022005003850001,Ektunavägen,9022005001401001,Kvinnebystigen,all,58.05,40787,9011005022200000,1,53.67,3003
9022005003908001,Lektorshagen,9022005003748001,Gärdesgatan,all,58.17,37554,9011005021400000,1,58.17,37554
9022005003908001,Lektorshagen,9022005001243001,Kungsgatan,all,137.89,70,9011005021400000,1,137.89,70
9022005000046006,Trädgårdstorget,9022005000050001,Linköpings resecentrum,all,307.23,642,9011005021500000,0,307.23,642
9022005000507002,Fagottgatan,9022005004088002,Fornvägen,all,105.69,36584,9011005021500000,0,105.69,36584
9022005001243002,Kungsgatan,9022005000050001,Linköpings resecentrum,all,144.58,36126,9011005021500000,0,144.58,36126
9022005001598002,Ullstämma by,9022005003838001,Morgongatan,all,62.44,76329,9011005021500000,0,71.01,36707
9022005001598002,Ullstämma by,9022005003838001,Morgongatan,all,62.44,76329,9011005021700000,0,53.62,36616
9022005001598002,Ullstämma by,9022005003838001,Morgongatan,all,62.44,76329,9011005022200000,1,65.16,3006
9022005003838001,Morgongatan,9022005001233002,Grindgatan,all,74.31,39716,9011005021500000,0,73.85,36710
9022005003838001,Morgongatan,9022005001233002,Grindgatan,all,74.31,39716,9011005022200000,1,79.9,3006
9022005004087002,Ullstämmavägen,9022005001598002,Ullstämma by,all,75.77,36673,9011005021500000,0,75.77,36673
9022005004088002,Fornvägen,9022005004087002,Ullstämmavägen,all,41.61,36589,9011005021500000,0,41.61,36589
9022005000507001,Fagottgatan,9022005000508001,Klarinettgatan,all,60.57,36009,9011005021500000,1,60.57,36009
9022005001233001,Grindgatan,9022005003838002,Morgongatan,all,86.09,38488,9011005021500000,1,86.2,36016
9022005001233001,Grindgatan,9022005003838002,Morgongatan,all,86.09,38488,9011005022200000,0,84.45,2472
9022005001598001,Ullstämma by,9022005004087001,Ullstämmavägen,all,61.74,36014,9011005021500000,1,61.74,36014
9022005003838002,Morgongatan,9022005001598001,Ullstämma by,all,61.1,74252,9011005021500000,1,65.47,36015
9022005003838002,Morgongatan,9022005001598001,Ullstämma by,all,61.1,74252,9011005021700000,1,56.35,35765
9022005003838002,Morgongatan,9022005001598001,Ullstämma by,all,61.1,74252,9011005022200000,0,66.02,2472
9022005004087001,Ullstämmavägen,9022005004088001,Fornvägen,all,38.22,36010,9011005021500000,1,38.22,36010
9022005004088001,Fornvägen,9022005000507001,Fagottgatan,all,106.01,36009,9011005021500000,1,106.01,36009
9022005000050019,Linköpings resecentrum,9022005000046003,Trädgårdstorget,all,328.84,637,9011005021600000,0,328.84,637
9022005000050019,Linköpings resecentrum,9022005001243001,Kungsgatan,all,182.73,34528,9011005021600000,0,182.73,34528
9022005000412001,Rotegatan,9022005001430002,Berga centrum,all,511.76,903,9011005021600000,0,511.76,903
9022005000412001,Rotegatan,9022005001431001,Pionjärgatan,all,99.7,72388,9011005021600000,0,97.35,35180
9022005000412001,Rotegatan,9022005001431001,Pionjärgatan,all,99.7,72388,9011005021700000,1,101.92,34799
9022005000412001,Rotegatan,9022005001431001,Pionjärgatan,all,99.7,72388,9011005022200000,0,102.07,2409
9022005000421001,Tannefors center,9022005001424001,Korngatan,all,62.07,35170,9011005021600000,0,62.07,35170
9022005000422001,Ljunghagsvägen,9022005001435001,Vårgård,all,47.46,35139,9011005021600000,0,47.46,35139
9022005000437002,Vårdsbergsvägen,9022005001396001,Hjulsbro skola,all,80.21,35115,9011005021600000,0,80.21,35115
9022005001249001,US Södra entrén,9022005004186001,Tinnerbäcksgränd,all,94.27,71723,9011005021600000,0,92.87,36077
9022005001249001,US Södra entrén,9022005004186001,Tinnerbäcksgränd,all,94.27,71723,9011005021700000,1,95.69,35646
9022005001323001,Stationsgatan,9022005001426001,Vetegatan,all,95.72,35161,9011005021600000,0,95.72,35161
9022005001396001,Hjulsbro skola,9022005001433001,Roshagsvägen,all,72.48,35113,9011005021600000,0,72.48,35113
9022005001418001,Saab Södra,9022005001323001,Stationsgatan,all,57.62,35154,9011005021600000,0,57.62,35154
9022005001419001,Saab Civila,9022005001418001,Saab Södra,all,92.87,40515,9011005021600000,0,89.23,35149
9022005001419001,Saab Civila,9022005001418001,Saab Södra,all,92.87,40515,9011005022100000,0,116.72,5366
9022005001421002,Landerydsvägen,9022005001419001,Saab Civila,all,98.21,35145,9011005021600000,0,98.21,35145
9022005001422001,Humlegatan,9022005000050019,Linköpings resecentrum,all,368.63,35164,9011005021600000,0,368.63,35164
9022005001424001,Korngatan,9022005001422001,Humlegatan,all,61.55,40572,9011005021600000,0,61.73,35171
9022005001424001,Korngatan,9022005001422001,Humlegatan,all,61.55,40572,9011005022100000,0,60.35,5401
9022005001426001,Vetegatan,9022005000421001,Tannefors center,all,43.21,35166,9011005021600000,0,43.21,35166
9022005001431001,Pionjärgatan,9022005001430001,Berga centrum,all,75.93,72391,9011005021600000,0,58.32,35181
9022005001431001,Pionjärgatan,9022005001430001,Berga centrum,all,75.93,72391,9011005021700000,1,92.57,34801
9022005001431001,Pionjärgatan,9022005001430001,Berga centrum,all,75.93,72391,9011005022200000,0,92.84,2409
9022005001433001,Roshagsvägen,9022005000422001,Ljunghagsvägen,all,52.91,35125,9011005021600000,0,52.91,35125
9022005001435001,Vårgård,9022005001445001,Hackefors södra,all,53.18,35143,9011005021600000,0,53.18,35143
9022005001437001,Hackefors,9022005001421002,Landerydsvägen,all,118.3,30963,9011005021600000,0,118.3,30963
9022005001437002,Hackefors,9022005001421002,Landerydsvägen,all,126.55,4182,9011005021600000,0,126.55,4182
9022005001445001,Hackefors södra,9022005001437001,Hackefors,all,61.28,30963,9011005021600000,0,61.28,30963
9022005001445001,Hackefors södra,9022005001437002,Hackefors,all,52.32,4182,9011005021600000,0,52.32,4182
9022005004186001,Tinnerbäcksgränd,9022005000412001,Rotegatan,all,112.27,71729,9011005021600000,0,110.06,36082
9022005004186001,Tinnerbäcksgränd,9022005000412001,Rotegatan,all,112.27,71729,9011005021700000,1,114.5,35647
9022005000046006,Trädgårdstorget,9022005000050018,Linköpings resecentrum,all,362.19,640,9011005021600000,1,362.19,640
9022005000050018,Linköpings resecentrum,9022005001422002,Humlegatan,all,272.14,36263,9011005021600000,1,272.14,36263
9022005000226001,Lövsbergsvägen,9022005000416001,Aspnäset,all,83.14,36678,9011005021600000,1,83.14,36678
9022005000412002,Rotegatan,9022005004186002,Tinnerbäcksgränd,all,113.21,72820,9011005021600000,1,113.23,36142
9022005000412002,Rotegatan,9022005004186002,Tinnerbäcksgränd,all,113.21,72820,9011005021700000,0,113.2,36678
9022005000421002,Tannefors center,9022005001426002,Vetegatan,all,49.75,36428,9011005021600000,1,49.75,36428
9022005000422002,Ljunghagsvägen,9022005001433002,Roshagsvägen,all,50.36,36675,9011005021600000,1,50.36,36675
9022005001243002,Kungsgatan,9022005000050018,Linköpings resecentrum,all,233.48,35605,9011005021600000,1,233.48,35605
9022005001323002,Stationsgatan,9022005001418002,Saab Södra,all,73.58,36426,9011005021600000,1,73.58,36426
9022005001396002,Hjulsbro skola,9022005000437001,Vårdsbergsvägen,all,83.91,36676,9011005021600000,1,83.91,36676
9022005001418002,Saab Södra,9022005001419002,Saab Civila,all,80.66,41716,9011005021600000,1,78.71,36428
9022005001418002,Saab Södra,9022005001419002,Saab Civila,all,80.66,41716,9011005022100000,1,94.13,5288
9022005001419002,Saab Civila,9022005001421001,Landerydsvägen,all,59.33,41725,9011005021600000,1,59.04,36437
9022005001419002,Saab Civila,9022005001421001,Landerydsvägen,all,59.33,41725,9011005022100000,1,61.34,5288
9022005001421001,Landerydsvägen,9022005001437001,Hackefors,all,88.47,31098,9011005021600000,1,88.47,31098
9022005001421001,Landerydsvägen,9022005001437002,Hackefors,all,91.19,5367,9011005021600000,1,91.19,5367
9022005001422002,Humlegatan,9022005001424002,Korngatan,all,52.27,41643,9011005021600000,1,52.0,36383
9022005001422002,Humlegatan,9022005001424002,Korngatan,all,52.27,41643,9011005022100000,1,54.16,5260
9022005001424002,Korngatan,9022005000421002,Tannefors center,all,57.14,36427,9011005021600000,1,57.14,36427
9022005001426002,Vetegatan,9022005001323002,Stationsgatan,all,96.92,36428,9011005021600000,1,96.92,36428
9022005001431002,Pionjärgatan,9022005000412002,Rotegatan,all,93.2,75804,9011005021600000,1,92.49,36140
9022005001431002,Pionjärgatan,9022005000412002,Rotegatan,all,93.2,75804,9011005021700000,0,93.41,36657
9022005001431002,Pionjärgatan,9022005000412002,Rotegatan,all,93.2,75804,9011005022200000,1,99.15,3007
9022005001433002,Roshagsvägen,9022005001396002,Hjulsbro skola,all,58.6,36676,9011005021600000,1,58.6,36676
9022005001435002,Vårgård,9022005000422002,Ljunghagsvägen,all,44.19,36659,9011005021600000,1,44.19,36659
9022005001437001,Hackefors,9022005001445002,Hackefors södra,all,59.87,31148,9011005021600000,1,59.87,31148
9022005001437002,Hackefors,9022005001445002,Hackefors södra,all,54.61,5369,9011005021600000,1,54.61,5369
9022005001445002,Hackefors södra,9022005001435002,Vårgård,all,58.16,36624,9011005021600000,1,58.16,36624
9022005004186002,Tinnerbäcksgränd,9022005001249002,US Södra entrén,all,91.49,72852,9011005021600000,1,91.34,36146
9022005004186002,Tinnerbäcksgränd,9022005001249002,US Södra entrén,all,91.49,72852,9011005021700000,0,91.64,36706
9022005000044003,Hässlegatan,9022005001596002,Ortgatan,all,70.85,36621,9011005021700000,0,70.85,36621
9022005000046006,Trädgårdstorget,9022005000050019,Linköpings resecentrum,all,284.43,635,9011005021700000,0,284.43,635
9022005001229001,Strågatan,9022005000044003,Hässlegatan,all,58.28,36614,9011005021700000,0,58.28,36614
9022005001243002,Kungsgatan,9022005000050019,Linköpings resecentrum,all,126.8,36268,9011005021700000,0,126.8,36268
9022005001300002,Lillgårdsgatan,9022005001430002,Berga centrum,all,119.37,36647,9011005021700000,0,119.37,36647
9022005001301002,Yrkesvägen,9022005001300002,Lillgårdsgatan,all,57.46,36640,9011005021700000,0,57.46,36640
9022005001302002,Galoppgatan,9022005001301002,Yrkesvägen,all,78.51,36638,9011005021700000,0,78.51,36638
9022005001303002,Poleraregatan,9022005001302002,Galoppgatan,all,110.05,36629,9011005021700000,0,110.05,36629
9022005001430002,Berga centrum,9022005001431002,Pionjärgatan,all,92.81,39649,9011005021700000,0,92.43,36642
9022005001430002,Berga centrum,9022005001431002,Pionjärgatan,all,92.81,39649,9011005022200000,1,97.49,3007
9022005001596002,Ortgatan,9022005001303002,Poleraregatan,all,102.79,36623,9011005021700000,0,102.79,36623
9022005003838001,Morgongatan,9022005001230001,Middagsgatan,all,73.8,36610,9011005021700000,0,73.8,36610
9022005001430002,Berga centrum,9022005004186002,Tinnerbäcksgränd,all,124.2,5,9011005021700000,0,124.2,5
9022005003838001,Morgongatan,9022005000044003,Hässlegatan,all,75.0,5,9011005021700000,0,75.0,5
9022005000043001,Berga Söderleden,9022005001300001,Lillgårdsgatan,all,61.53,34809,9011005021700000,1,61.53,34809
9022005000044002,Hässlegatan,9022005001229002,Strågatan,all,56.84,35764,9011005021700000,1,56.84,35764
9022005000412001,Rotegatan,9022005001300001,Lillgårdsgatan,all,395.46,853,9011005021700000,1,395.46,853
9022005001230002,Middagsgatan,9022005003838002,Morgongatan,all,62.94,35765,9011005021700000,1,62.94,35765
9022005001300001,Lillgårdsgatan,9022005001301001,Yrkesvägen,all,49.07,35662,9011005021700000,1,49.07,35662
9022005001301001,Yrkesvägen,9022005001302001,Galoppgatan,all,96.96,35686,9011005021700000,1,96.96,35686
9022005001302001,Galoppgatan,9022005001303001,Poleraregatan,all,92.41,35705,9011005021700000,1,92.41,35705
9022005001303001,Poleraregatan,9022005001596001,Ortgatan,all,97.44,35750,9011005021700000,1,97.44,35750
9022005001430001,Berga centrum,9022005000043001,Berga Söderleden,all,60.77,37210,9011005021700000,1,59.74,34801
9022005001430001,Berga centrum,9022005000043001,Berga Söderleden,all,60.77,37210,9011005022200000,0,75.58,2409
9022005001596001,Ortgatan,9022005000044002,Hässlegatan,all,76.05,35762,9011005021700000,1,76.05,35762
9022005001598001,Ullstämma by,9022005000416001,Aspnäset,all,45.07,38236,9011005021700000,1,42.9,35764
9022005001598001,Ullstämma by,9022005000416001,Aspnäset,all,45.07,38236,9011005022200000,0,76.52,2472
9022005000229002,Skogsfrid,9022005004091002,Westmansgatan 66,all,61.38,33922,9011005021800000,0,61.38,33922
9022005000430002,Wernersgatan,9022005000229002,Skogsfrid,all,28.31,1439,9011005021800000,0,28.31,1439
9022005001248002,Eskadern,9022005001249002,US Södra entrén,all,194.21,37217,9011005021800000,0,194.21,37217
9022005001307002,Vickergatan,9022005000229002,Skogsfrid,all,67.43,32483,9011005021800000,0,67.43,32483
9022005001307002,Vickergatan,9022005000430002,Wernersgatan,all,48.42,1439,9011005021800000,0,48.42,1439
9022005003580002,Drabantgatan,9022005001248002,Eskadern,all,102.42,37212,9011005021800000,0,102.42,37212
9022005004067002,Fanjunkaregatan,9022005003580002,Drabantgatan,all,103.67,37212,9011005021800000,0,103.67,37212
9022005004091002,Westmansgatan 66,9022005004067002,Fanjunkaregatan,all,36.84,37211,9011005021800000,0,36.84,37211
9022005000229001,Skogsfrid,9022005000430001,Wernersgatan,all,35.34,1407,9011005021800000,1,35.34,1407
9022005000229001,Skogsfrid,9022005001307001,Vickergatan,all,64.52,32372,9011005021800000,1,64.52,32372
9022005000430001,Wernersgatan,9022005001307001,Vickergatan,all,47.59,1407,9011005021800000,1,47.59,1407
9022005001248001,Eskadern,9022005003580001,Drabantgatan,all,128.66,36998,9011005021800000,1,128.66,36998
9022005001249001,US Södra entrén,9022005001248001,Eskadern,all,160.1,36995,9011005021800000,1,160.1,36995
9022005001307001,Vickergatan,9022005000215003,Gamla Linköping,all,81.96,33778,9011005021800000,1,81.96,33778
9022005003580001,Drabantgatan,9022005004067001,Fanjunkaregatan,all,95.7,37003,9011005021800000,1,95.7,37003
9022005004067001,Fanjunkaregatan,9022005004091001,Westmansgatan 66,all,34.93,37002,9011005021800000,1,34.93,37002
9022005004091001,Westmansgatan 66,9022005000215003,Gamla Linköping,all,202.05,3222,9011005021800000,1,202.05,3222
9022005004091001,Westmansgatan 66,9022005000229001,Skogsfrid,all,51.34,33779,9011005021800000,1,51.34,33779
9022005001256002,Universitetet,9022005000050020,Linköpings resecentrum,all,538.89,6403,9011005022000000,0,538.89,6403
9022005003847002,Forskningsbyn,9022005004232003,Mjärdevi Center,all,67.65,15041,9011005022000000,1,71.2,5062
9022005003847002,Forskningsbyn,9022005004232003,Mjärdevi Center,all,67.65,15041,9011005022200000,1,74.83,3029
9022005003847002,Forskningsbyn,9022005004232003,Mjärdevi Center,all,67.65,15041,9011005022600000,0,61.94,6950
9022005004232003,Mjärdevi Center,9022005004139002,Mjärdevi,all,56.03,15042,9011005022000000,1,56.57,5061
9022005004232003,Mjärdevi Center,9022005004139002,Mjärdevi,all,56.03,15042,9011005022200000,1,60.63,3029
9022005004232003,Mjärdevi Center,9022005004139002,Mjärdevi,all,56.03,15042,9011005022600000,0,53.64,6952
9022005000435002,Saab Norra porten,9022005001424001,Korngatan,all,153.99,5384,9011005022100000,0,153.99,5384
9022005001418001,Saab Södra,9022005000435002,Saab Norra porten,all,169.41,5369,9011005022100000,0,169.41,5369
9022005001422001,Humlegatan,9022005000050018,Linköpings resecentrum,all,240.4,5401,9011005022100000,0,240.4,5401
9022005000435001,Saab Norra porten,9022005001418002,Saab Södra,all,136.77,5270,9011005022100000,1,136.77,5270
9022005001424002,Korngatan,9022005000435001,Saab Norra porten,all,163.13,5262,9011005022100000,1,163.13,5262
9022005000412001,Rotegatan,9022005001300002,Lillgårdsgatan,all,438.38,60,9011005022200000,0,438.38,60
9022005000416001,Aspnäset,9022005000226002,Lövsbergsvägen,all,126.72,2473,9011005022200000,0,126.72,2473
9022005001300002,Lillgårdsgatan,9022005001231001,Ridhusgatan,all,42.74,60,9011005022200000,0,42.74,60
9022005003847001,Forskningsbyn,9022005080182002,Nobeltorget,all,115.16,10181,9011005022200000,0,128.85,2469
9022005003847001,Forskningsbyn,9022005080182002,Nobeltorget,all,115.16,10181,9011005022600000,1,110.78,7712
9022005004236002,Djurgården,9022005004253002,Garnisonen södra,all,96.17,2469,9011005022200000,0,96.17,2469
9022005004253002,Garnisonen södra,9022005000412001,Rotegatan,all,111.18,2469,9011005022200000,0,111.18,2469
9022005000412002,Rotegatan,9022005004253001,Garnisonen södra,all,111.95,3008,9011005022200000,1,111.95,3008
9022005000416002,Aspnäset,9022005001598002,Ullstämma by,all,70.26,3006,9011005022200000,1,70.26,3006
9022005001231002,Ridhusgatan,9022005001430002,Berga centrum,all,162.09,3007,9011005022200000,1,162.09,3007
9022005004253001,Garnisonen södra,9022005004236001,Djurgården,all,90.27,3008,9011005022200000,1,90.27,3008
9022005080182001,Nobeltorget,9022005003847002,Forskningsbyn,all,111.44,9975,9011005022200000,1,119.75,3029
9022005080182001,Nobeltorget,9022005003847002,Forskningsbyn,all,111.44,9975,9011005022600000,0,107.81,6946
9022005000048001,Skäggetorp centrum,9022005001237001,Ullevi,all,98.6,6982,9011005022600000,0,98.6,6982
9022005000213001,Isberget,9022005080182001,Nobeltorget,all,269.07,6946,9011005022600000,0,269.07,6946
9022005000228001,Jägarvallsvägen,9022005003839002,Tingsvägen,all,73.29,14653,9011005022600000,0,72.03,6953
9022005000228001,Jägarvallsvägen,9022005003839002,Tingsvägen,all,73.29,14653,9011005022600000,1,74.42,7700
9022005000329002,Fröstorpsgatan,9022005003861001,Roxtorpsgatan 3,all,186.64,1874,9011005022600000,0,186.64,1874
9022005000444001,Tornet,9022005000050005,Linköpings resecentrum,all,246.09,375,9011005022600000,0,246.09,375
9022005000444001,Tornet,9022005000050020,Linköpings resecentrum,all,182.14,1536,9011005022600000,0,182.14,1536
9022005001237001,Ullevi,9022005000429002,IKEA,all,141.7,6997,9011005022600000,0,141.7,6997
9022005001315001,Solhaga,9022005001236003,Rusthållaregården,all,338.1,6957,9011005022600000,0,338.1,6957
9022005001411002,Mellangården,9022005000429002,IKEA,all,147.64,11,9011005022600000,0,147.64,11
9022005003839001,Tingsvägen,9022005000228001,Jägarvallsvägen,all,68.17,14652,9011005022600000,0,60.36,6953
9022005003839001,Tingsvägen,9022005000228001,Jägarvallsvägen,all,68.17,14652,9011005022600000,1,75.23,7699
9022005003839002,Tingsvägen,9022005003840002,Djursjukhuset,all,46.5,14654,9011005022600000,0,46.0,6953
9022005003839002,Tingsvägen,9022005003840002,Djursjukhuset,all,46.5,14654,9011005022600000,1,46.96,7701
9022005003840001,Djursjukhuset,9022005003839001,Tingsvägen,all,49.96,14652,9011005022600000,0,48.78,6953
9022005003840001,Djursjukhuset,9022005003839001,Tingsvägen,all,49.96,14652,9011005022600000,1,51.02,7699
9022005003840002,Djursjukhuset,9022005001343001,Mårdtorpsgatan,all,132.05,6956,9011005022600000,0,132.05,6956
9022005003858001,Tyttorpsgatan,9022005003974001,Tornby Park,all,51.81,1909,9011005022600000,0,51.81,1909
9022005003859001,Arla,9022005003858001,Tyttorpsgatan,all,28.38,1931,9011005022600000,0,28.37,1909
9022005003859001,Arla,9022005003858001,Tyttorpsgatan,all,28.38,1931,9011005022600000,1,28.82,22
9022005003860001,Tvättlappen,9022005003859001,Arla,all,50.31,1915,9011005022600000,0,50.27,1905
9022005003860001,Tvättlappen,9022005003859001,Arla,all,50.31,1915,9011005022600000,1,58.4,10
9022005003861001,Roxtorpsgatan 3,9022005003860001,Tvättlappen,all,40.28,1889,9011005022600000,0,40.3,1884
9022005003861001,Roxtorpsgatan 3,9022005003860001,Tvättlappen,all,40.28,1889,9011005022600000,1,32.2,5
9022005004139002,Mjärdevi,9022005003840001,Djursjukhuset,all,85.68,6953,9011005022600000,0,85.68,6953
9022005004171002,Norra Tornby,9022005004189001,MAXI,all,98.18,4742,9011005022600000,0,98.18,4742
9022005000048001,Skäggetorp centrum,9022005001411001,Mellangården,all,122.75,7693,9011005022600000,1,122.75,7693
9022005000429001,IKEA,9022005001237002,Ullevi,all,113.6,8059,9011005022600000,1,113.6,8059
9022005000444002,Tornet,9022005003858002,Tyttorpsgatan,all,120.14,2219,9011005022600000,1,120.14,2219
9022005000444002,Tornet,9022005003861001,Roxtorpsgatan 3,all,175.6,5,9011005022600000,1,175.6,5
9022005001236001,Rusthållaregården,9022005001315002,Solhaga,all,254.79,7693,9011005022600000,1,254.79,7693
9022005001237002,Ullevi,9022005000048001,Skäggetorp centrum,all,171.94,8060,9011005022600000,1,171.94,8060
9022005001343002,Mårdtorpsgatan,9022005003840001,Djursjukhuset,all,114.95,7698,9011005022600000,1,114.95,7698
9022005003840002,Djursjukhuset,9022005004139001,Mjärdevi,all,93.27,7701,9011005022600000,1,93.27,7701
9022005003858001,Tyttorpsgatan,9022005000329001,Fröstorpsgatan,all,154.0,28,9011005022600000,1,154.0,28
9022005003858002,Tyttorpsgatan,9022005003859002,Arla,all,36.46,2219,9011005022600000,1,36.46,2219
9022005003859002,Arla,9022005003860002,Tvättlappen,all,49.2,2219,9011005022600000,1,49.2,2219
9022005003860002,Tvättlappen,9022005003861002,Roxtorpsgatan 3,all,34.55,2219,9011005022600000,1,34.55,2219
9022005003861002,Roxtorpsgatan 3,9022005000329001,Fröstorpsgatan,all,183.63,2222,9011005022600000,1,183.63,2222
9022005004139001,Mjärdevi,9022005004232001,Mjärdevi Center,all,64.31,7701,9011005022600000,1,64.31,7701
9022005080182002,Nobeltorget,9022005000213002,Isberget,all,245.03,7748,9011005022600000,1,245.03,7748
